# Blender 4.4.3
# www.blender.org
o Poste_Segmento
v 0.010000 0.551539 -0.504345
v 0.010000 0.551644 -0.494542
v 0.007071 0.544476 -0.504673
v 0.007071 0.544577 -0.494772
v -0.000000 0.541550 -0.504810
v -0.000000 0.541649 -0.494867
v -0.007071 0.544476 -0.504673
v -0.007071 0.544577 -0.494772
v -0.010000 0.551539 -0.504345
v -0.010000 0.551644 -0.494542
v -0.007071 0.558603 -0.504016
v -0.007071 0.558711 -0.494313
v -0.000000 0.561528 -0.503880
v -0.000000 0.561639 -0.494218
v 0.007071 0.558603 -0.504016
v 0.007071 0.558711 -0.494313
v 0.010000 0.551644 -0.494542
v 0.010000 0.551748 -0.484937
v 0.007071 0.544577 -0.494772
v 0.007071 0.544677 -0.484969
v -0.000000 0.541649 -0.494867
v -0.000000 0.541748 -0.484982
v -0.007071 0.544577 -0.494772
v -0.007071 0.544677 -0.484969
v -0.010000 0.551644 -0.494542
v -0.010000 0.551748 -0.484937
v -0.007071 0.558711 -0.494313
v -0.007071 0.558819 -0.484906
v -0.000000 0.561639 -0.494218
v -0.000000 0.561748 -0.484892
v 0.007071 0.558711 -0.494313
v 0.007071 0.558819 -0.484906
v 0.010000 0.551748 -0.484937
v 0.010000 0.551841 -0.475332
v 0.007071 0.544677 -0.484969
v 0.007071 0.544772 -0.475166
v -0.000000 0.541748 -0.484982
v -0.000000 0.541844 -0.475097
v -0.007071 0.544677 -0.484969
v -0.007071 0.544772 -0.475166
v -0.010000 0.551748 -0.484937
v -0.010000 0.551841 -0.475332
v -0.007071 0.558819 -0.484906
v -0.007071 0.558910 -0.475498
v -0.000000 0.561748 -0.484892
v -0.000000 0.561839 -0.475567
v 0.007071 0.558819 -0.484906
v 0.007071 0.558910 -0.475498
v 0.010000 0.551841 -0.475332
v 0.010000 0.551923 -0.465727
v 0.007071 0.544772 -0.475166
v 0.007071 0.544862 -0.465363
v -0.000000 0.541844 -0.475097
v -0.000000 0.541937 -0.465212
v -0.007071 0.544772 -0.475166
v -0.007071 0.544862 -0.465363
v -0.010000 0.551841 -0.475332
v -0.010000 0.551923 -0.465727
v -0.007071 0.558910 -0.475498
v -0.007071 0.558985 -0.466091
v -0.000000 0.561839 -0.475567
v -0.000000 0.561910 -0.466242
v 0.007071 0.558910 -0.475498
v 0.007071 0.558985 -0.466091
v 0.010000 0.551923 -0.465727
v 0.010000 0.552499 -0.456169
v 0.007071 0.544862 -0.465363
v 0.007071 0.545451 -0.455601
v -0.000000 0.541937 -0.465212
v -0.000000 0.542532 -0.455365
v -0.007071 0.544862 -0.465363
v -0.007071 0.545451 -0.455601
v -0.010000 0.551923 -0.465727
v -0.010000 0.552499 -0.456169
v -0.007071 0.558985 -0.466091
v -0.007071 0.559548 -0.456738
v -0.000000 0.561910 -0.466242
v -0.000000 0.562467 -0.456974
v 0.007071 0.558985 -0.466091
v 0.007071 0.559548 -0.456738
v 0.010000 0.552499 -0.456169
v 0.010000 0.553701 -0.446672
v 0.007071 0.545451 -0.455601
v 0.007071 0.546673 -0.445890
v -0.000000 0.542532 -0.455365
v -0.000000 0.543762 -0.445566
v -0.007071 0.545451 -0.455601
v -0.007071 0.546673 -0.445890
v -0.010000 0.552499 -0.456169
v -0.010000 0.553701 -0.446672
v -0.007071 0.559548 -0.456738
v -0.007071 0.560729 -0.447454
v -0.000000 0.562467 -0.456974
v -0.000000 0.563640 -0.447778
v 0.007071 0.559548 -0.456738
v 0.007071 0.560729 -0.447454
v 0.010000 0.553701 -0.446672
v 0.010000 0.554889 -0.437173
v 0.007071 0.546673 -0.445890
v 0.007071 0.547889 -0.436179
v -0.000000 0.543762 -0.445566
v -0.000000 0.544989 -0.435767
v -0.007071 0.546673 -0.445890
v -0.007071 0.547889 -0.436179
v -0.010000 0.553701 -0.446672
v -0.010000 0.554889 -0.437173
v -0.007071 0.560729 -0.447454
v -0.007071 0.561890 -0.438168
v -0.000000 0.563640 -0.447778
v -0.000000 0.564790 -0.438580
v 0.007071 0.560729 -0.447454
v 0.007071 0.561890 -0.438168
v 0.010000 0.554889 -0.437173
v 0.010000 0.556065 -0.427672
v 0.007071 0.547889 -0.436179
v 0.007071 0.549098 -0.426466
v -0.000000 0.544989 -0.435767
v -0.000000 0.546212 -0.425967
v -0.007071 0.547889 -0.436179
v -0.007071 0.549098 -0.426466
v -0.010000 0.554889 -0.437173
v -0.010000 0.556065 -0.427672
v -0.007071 0.561890 -0.438168
v -0.007071 0.563033 -0.428879
v -0.000000 0.564790 -0.438580
v -0.000000 0.565919 -0.429378
v 0.007071 0.561890 -0.438168
v 0.007071 0.563033 -0.428879
v 0.010000 0.556065 -0.427672
v 0.010000 0.557979 -0.418317
v 0.007071 0.549098 -0.426466
v 0.007071 0.551052 -0.416896
v -0.000000 0.546212 -0.425967
v -0.000000 0.548183 -0.416307
v -0.007071 0.549098 -0.426466
v -0.007071 0.551052 -0.416896
v -0.010000 0.556065 -0.427672
v -0.010000 0.557979 -0.418317
v -0.007071 0.563033 -0.428879
v -0.007071 0.564905 -0.419739
v -0.000000 0.565919 -0.429378
v -0.000000 0.567774 -0.420328
v 0.007071 0.563033 -0.428879
v 0.007071 0.564905 -0.419739
v 0.010000 0.557979 -0.418317
v 0.010000 0.560240 -0.409031
v 0.007071 0.551052 -0.416896
v 0.007071 0.553362 -0.407393
v -0.000000 0.548183 -0.416307
v -0.000000 0.550513 -0.406714
v -0.007071 0.551052 -0.416896
v -0.007071 0.553362 -0.407393
v -0.010000 0.557979 -0.418317
v -0.010000 0.560240 -0.409031
v -0.007071 0.564905 -0.419739
v -0.007071 0.567119 -0.410670
v -0.000000 0.567774 -0.420328
v -0.000000 0.569968 -0.411348
v 0.007071 0.564905 -0.419739
v 0.007071 0.567119 -0.410670
v 0.010000 0.560240 -0.409031
v 0.010000 0.562489 -0.399742
v 0.007071 0.553362 -0.407393
v 0.007071 0.555665 -0.397888
v -0.000000 0.550513 -0.406714
v -0.000000 0.552839 -0.397121
v -0.007071 0.553362 -0.407393
v -0.007071 0.555665 -0.397888
v -0.010000 0.560240 -0.409031
v -0.010000 0.562489 -0.399742
v -0.007071 0.567119 -0.410670
v -0.007071 0.569313 -0.401595
v -0.000000 0.569968 -0.411348
v -0.000000 0.572139 -0.402363
v 0.007071 0.567119 -0.410670
v 0.007071 0.569313 -0.401595
v 0.010000 0.562489 -0.399742
v 0.010000 0.564864 -0.390490
v 0.007071 0.555665 -0.397888
v 0.007071 0.558102 -0.388424
v -0.000000 0.552839 -0.397121
v -0.000000 0.555301 -0.387568
v -0.007071 0.555665 -0.397888
v -0.007071 0.558102 -0.388424
v -0.010000 0.562489 -0.399742
v -0.010000 0.564864 -0.390490
v -0.007071 0.569313 -0.401595
v -0.007071 0.571627 -0.392557
v -0.000000 0.572139 -0.402363
v -0.000000 0.574428 -0.393413
v 0.007071 0.569313 -0.401595
v 0.007071 0.571627 -0.392557
v 0.010000 0.564864 -0.390490
v 0.010000 0.568127 -0.381504
v 0.007071 0.558102 -0.388424
v 0.007071 0.561433 -0.379227
v -0.000000 0.555301 -0.387568
v -0.000000 0.558660 -0.378285
v -0.007071 0.558102 -0.388424
v -0.007071 0.561433 -0.379227
v -0.010000 0.564864 -0.390490
v -0.010000 0.568127 -0.381504
v -0.007071 0.571627 -0.392557
v -0.007071 0.574822 -0.383780
v -0.000000 0.574428 -0.393413
v -0.000000 0.577595 -0.384723
v 0.007071 0.571627 -0.392557
v 0.007071 0.574822 -0.383780
v 0.010000 0.568127 -0.381504
v 0.010000 0.571377 -0.372513
v 0.007071 0.561433 -0.379228
v 0.007071 0.564757 -0.370029
v -0.000000 0.558660 -0.378285
v -0.000000 0.562015 -0.369000
v -0.007071 0.561433 -0.379228
v -0.007071 0.564757 -0.370029
v -0.010000 0.568127 -0.381504
v -0.010000 0.571377 -0.372513
v -0.007071 0.574822 -0.383780
v -0.007071 0.577997 -0.374997
v -0.000000 0.577595 -0.384723
v -0.000000 0.580740 -0.376026
v 0.007071 0.574822 -0.383780
v 0.007071 0.577997 -0.374997
v 0.010000 0.571377 -0.372513
v 0.010000 0.574614 -0.363517
v 0.007071 0.564757 -0.370029
v 0.007071 0.568075 -0.360828
v -0.000000 0.562015 -0.369000
v -0.000000 0.565366 -0.359714
v -0.007071 0.564757 -0.370029
v -0.007071 0.568075 -0.360828
v -0.010000 0.571377 -0.372513
v -0.010000 0.574614 -0.363517
v -0.007071 0.577997 -0.374997
v -0.007071 0.581154 -0.366207
v -0.000000 0.580740 -0.376026
v -0.000000 0.583863 -0.367321
v 0.007071 0.577997 -0.374997
v 0.007071 0.581154 -0.366207
v 0.010000 0.574614 -0.363517
v 0.010000 0.578565 -0.354806
v 0.007071 0.568075 -0.360828
v 0.007071 0.572109 -0.351920
v -0.000000 0.565366 -0.359714
v -0.000000 0.569436 -0.350725
v -0.007071 0.568075 -0.360828
v -0.007071 0.572109 -0.351920
v -0.010000 0.574614 -0.363517
v -0.010000 0.578565 -0.354806
v -0.007071 0.581154 -0.366207
v -0.007071 0.585020 -0.357692
v -0.000000 0.583863 -0.367321
v -0.000000 0.587694 -0.358888
v 0.007071 0.581154 -0.366207
v 0.007071 0.585020 -0.357692
v 0.010000 0.578565 -0.354806
v 0.010000 0.582717 -0.346175
v 0.007071 0.572109 -0.351920
v 0.007071 0.576351 -0.343097
v -0.000000 0.569436 -0.350725
v -0.000000 0.573714 -0.341822
v -0.007071 0.572109 -0.351920
v -0.007071 0.576351 -0.343097
v -0.010000 0.578565 -0.354806
v -0.010000 0.582717 -0.346175
v -0.007071 0.585020 -0.357692
v -0.007071 0.589083 -0.349253
v -0.000000 0.587694 -0.358888
v -0.000000 0.591720 -0.350528
v 0.007071 0.585020 -0.357692
v 0.007071 0.589083 -0.349253
v 0.010000 0.582717 -0.346175
v 0.010000 0.586858 -0.337539
v 0.007071 0.576351 -0.343097
v 0.007071 0.580587 -0.334271
v -0.000000 0.573714 -0.341822
v -0.000000 0.577990 -0.332918
v -0.007071 0.576351 -0.343097
v -0.007071 0.580587 -0.334271
v -0.010000 0.582717 -0.346175
v -0.010000 0.586858 -0.337539
v -0.007071 0.589083 -0.349253
v -0.007071 0.593129 -0.340806
v -0.000000 0.591720 -0.350528
v -0.000000 0.595727 -0.342159
v 0.007071 0.589083 -0.349253
v 0.007071 0.593129 -0.340806
v 0.010000 0.586858 -0.337539
v 0.010000 0.591441 -0.329122
v 0.007071 0.580588 -0.334271
v 0.007071 0.585267 -0.325675
v -0.000000 0.577990 -0.332918
v -0.000000 0.582709 -0.324248
v -0.007071 0.580588 -0.334271
v -0.007071 0.585267 -0.325675
v -0.010000 0.586858 -0.337539
v -0.010000 0.591441 -0.329122
v -0.007071 0.593129 -0.340806
v -0.007071 0.597615 -0.332569
v -0.000000 0.595727 -0.342159
v -0.000000 0.600173 -0.333996
v 0.007071 0.593129 -0.340806
v 0.007071 0.597615 -0.332569
v 0.010000 0.591441 -0.329122
v 0.010000 0.596383 -0.320884
v 0.007071 0.585267 -0.325675
v 0.007071 0.590308 -0.317266
v -0.000000 0.582709 -0.324248
v -0.000000 0.587791 -0.315768
v -0.007071 0.585267 -0.325675
v -0.007071 0.590308 -0.317266
v -0.010000 0.591441 -0.329122
v -0.010000 0.596383 -0.320884
v -0.007071 0.597615 -0.332569
v -0.007071 0.602459 -0.324502
v -0.000000 0.600173 -0.333996
v -0.000000 0.604976 -0.326000
v 0.007071 0.597615 -0.332569
v 0.007071 0.602459 -0.324502
v 0.010000 0.596383 -0.320884
v 0.010000 0.601316 -0.312640
v 0.007071 0.590308 -0.317266
v 0.007071 0.595344 -0.308855
v -0.000000 0.587791 -0.315768
v -0.000000 0.592870 -0.307287
v -0.007071 0.590308 -0.317266
v -0.007071 0.595344 -0.308855
v -0.010000 0.596383 -0.320884
v -0.010000 0.601316 -0.312640
v -0.007071 0.602459 -0.324502
v -0.007071 0.607289 -0.316426
v -0.000000 0.604976 -0.326000
v -0.000000 0.609763 -0.317994
v 0.007071 0.602459 -0.324502
v 0.007071 0.607289 -0.316426
v 0.010000 0.601316 -0.312640
v 0.010000 0.606551 -0.304576
v 0.007071 0.595344 -0.308855
v 0.007071 0.600682 -0.300632
v -0.000000 0.592870 -0.307287
v -0.000000 0.598251 -0.298998
v -0.007071 0.595344 -0.308855
v -0.007071 0.600682 -0.300632
v -0.010000 0.601316 -0.312640
v -0.010000 0.606551 -0.304576
v -0.007071 0.607289 -0.316426
v -0.007071 0.612419 -0.308520
v -0.000000 0.609763 -0.317994
v -0.000000 0.614850 -0.310154
v 0.007071 0.607289 -0.316426
v 0.007071 0.612419 -0.308520
v 0.010000 0.606551 -0.304576
v 0.010000 0.612168 -0.296739
v 0.007071 0.600682 -0.300632
v 0.007071 0.606401 -0.292647
v -0.000000 0.598251 -0.298998
v 0.000000 0.604012 -0.290952
v -0.007071 0.600682 -0.300632
v -0.007071 0.606401 -0.292647
v -0.010000 0.606551 -0.304576
v -0.010000 0.612168 -0.296739
v -0.007071 0.612419 -0.308520
v -0.007071 0.617935 -0.300831
v -0.000000 0.614850 -0.310154
v 0.000000 0.620324 -0.302526
v 0.007071 0.612419 -0.308520
v 0.007071 0.617935 -0.300831
v 0.010000 0.612168 -0.296739
v 0.010000 0.617778 -0.288896
v 0.007071 0.606401 -0.292647
v 0.007071 0.612117 -0.284660
v -0.000000 0.604013 -0.290952
v -0.000000 0.609772 -0.282905
v -0.007071 0.606401 -0.292647
v -0.007071 0.612117 -0.284660
v -0.010000 0.612168 -0.296739
v -0.010000 0.617778 -0.288896
v -0.007071 0.617935 -0.300831
v -0.007071 0.623439 -0.293133
v -0.000000 0.620324 -0.302525
v -0.000000 0.625784 -0.294888
v 0.007071 0.617935 -0.300831
v 0.007071 0.623439 -0.293133
v 0.010000 0.617778 -0.288896
v 0.010000 0.623636 -0.281224
v 0.007071 0.612117 -0.284660
v 0.007071 0.618079 -0.276852
v -0.000000 0.609772 -0.282905
v -0.000000 0.615777 -0.275041
v -0.007071 0.612117 -0.284660
v -0.007071 0.618079 -0.276852
v -0.010000 0.617778 -0.288896
v -0.010000 0.623636 -0.281224
v -0.007071 0.623439 -0.293133
v -0.007071 0.629193 -0.285597
v -0.000000 0.625784 -0.294888
v -0.000000 0.631495 -0.287408
v 0.007071 0.623439 -0.293133
v 0.007071 0.629193 -0.285597
v 0.010000 0.623636 -0.281224
v 0.010000 0.629820 -0.273776
v 0.007071 0.618079 -0.276852
v 0.007071 0.624363 -0.269278
v -0.000000 0.615777 -0.275041
v 0.000000 0.622103 -0.267416
v -0.007071 0.618079 -0.276852
v -0.007071 0.624363 -0.269278
v -0.010000 0.623636 -0.281224
v -0.010000 0.629820 -0.273776
v -0.007071 0.629193 -0.285597
v -0.007071 0.635276 -0.278273
v -0.000000 0.631495 -0.287408
v -0.000000 0.637536 -0.280136
v 0.007071 0.629193 -0.285597
v 0.007071 0.635276 -0.278273
v 0.010000 0.629820 -0.273776
v 0.010000 0.635997 -0.266323
v 0.007071 0.624363 -0.269278
v 0.007071 0.630644 -0.261703
v 0.000000 0.622103 -0.267416
v 0.000000 0.628427 -0.259789
v -0.007071 0.624363 -0.269278
v -0.007071 0.630644 -0.261703
v -0.010000 0.629820 -0.273776
v -0.010000 0.635997 -0.266323
v -0.007071 0.635276 -0.278273
v -0.007071 0.641351 -0.270943
v -0.000000 0.637536 -0.280136
v 0.000000 0.643568 -0.272857
v 0.007071 0.635276 -0.278273
v 0.007071 0.641351 -0.270943
v 0.010000 0.635997 -0.266323
v 0.010000 0.642421 -0.259060
v 0.007071 0.630644 -0.261703
v 0.007071 0.637168 -0.254328
v 0.000000 0.628427 -0.259789
v 0.000000 0.634991 -0.252367
v -0.007071 0.630644 -0.261703
v -0.007071 0.637168 -0.254328
v -0.010000 0.635997 -0.266323
v -0.010000 0.642421 -0.259060
v -0.007071 0.641351 -0.270943
v -0.007071 0.647675 -0.263793
v 0.000000 0.643568 -0.272857
v -0.000000 0.649851 -0.265753
v 0.007071 0.641351 -0.270943
v 0.007071 0.647675 -0.263793
v 0.010000 0.642421 -0.259060
v 0.010000 0.649072 -0.251973
v 0.007071 0.637168 -0.254328
v 0.007071 0.643914 -0.247137
v 0.000000 0.634991 -0.252367
v 0.000000 0.641777 -0.245134
v -0.007071 0.637168 -0.254328
v -0.007071 0.643914 -0.247137
v -0.010000 0.642421 -0.259060
v -0.010000 0.649072 -0.251973
v -0.007071 0.647675 -0.263793
v -0.007071 0.654231 -0.256810
v -0.000000 0.649851 -0.265753
v 0.000000 0.656368 -0.258813
v 0.007071 0.647675 -0.263793
v 0.007071 0.654231 -0.256810
v 0.010000 0.649072 -0.251973
v 0.010000 0.655719 -0.244882
v 0.007071 0.643914 -0.247137
v 0.007071 0.650658 -0.239944
v 0.000000 0.641777 -0.245134
v 0.000000 0.648562 -0.237899
v -0.007071 0.643914 -0.247137
v -0.007071 0.650658 -0.239944
v -0.010000 0.649072 -0.251973
v -0.010000 0.655719 -0.244882
v -0.007071 0.654231 -0.256810
v -0.007071 0.660780 -0.249820
v 0.000000 0.656368 -0.258813
v -0.000000 0.662877 -0.251866
v 0.007071 0.654231 -0.256810
v 0.007071 0.660780 -0.249820
v 0.010000 0.655719 -0.244882
v 0.010000 0.662638 -0.238022
v 0.007071 0.650658 -0.239944
v 0.007071 0.657666 -0.232993
v 0.000000 0.648562 -0.237899
v 0.000000 0.655607 -0.230910
v -0.007071 0.650658 -0.239944
v -0.007071 0.657666 -0.232993
v -0.010000 0.655719 -0.244882
v -0.010000 0.662638 -0.238022
v -0.007071 0.660780 -0.249820
v -0.007071 0.667609 -0.243050
v -0.000000 0.662877 -0.251866
v -0.000000 0.669668 -0.245133
v 0.007071 0.660780 -0.249820
v 0.007071 0.667609 -0.243050
v 0.010000 0.662638 -0.238022
v 0.010000 0.669670 -0.231258
v 0.007071 0.657666 -0.232993
v 0.007071 0.664786 -0.226144
v 0.000000 0.655607 -0.230910
v 0.000000 0.662763 -0.224026
v -0.007071 0.657666 -0.232993
v -0.007071 0.664786 -0.226144
v -0.010000 0.662638 -0.238022
v -0.010000 0.669670 -0.231258
v -0.007071 0.667609 -0.243050
v -0.007071 0.674554 -0.236371
v -0.000000 0.669668 -0.245133
v -0.000000 0.676577 -0.238489
v 0.007071 0.667609 -0.243050
v 0.007071 0.674554 -0.236371
v 0.010000 0.669670 -0.231258
v 0.010000 0.676699 -0.224491
v 0.007071 0.664786 -0.226144
v 0.007071 0.671904 -0.219294
v 0.000000 0.662763 -0.224026
v 0.000000 0.669918 -0.217141
v -0.007071 0.664786 -0.226144
v -0.007071 0.671904 -0.219294
v -0.010000 0.669670 -0.231258
v -0.010000 0.676699 -0.224491
v -0.007071 0.674554 -0.236371
v -0.007071 0.681494 -0.229688
v -0.000000 0.676577 -0.238489
v -0.000000 0.683480 -0.231841
v 0.007071 0.674554 -0.236371
v 0.007071 0.681494 -0.229688
v 0.010000 0.676699 -0.224491
v 0.010000 0.684035 -0.218003
v 0.007071 0.671904 -0.219294
v 0.007071 0.679316 -0.212736
v 0.000000 0.669918 -0.217141
v 0.000000 0.677362 -0.210555
v -0.007071 0.671904 -0.219294
v -0.007071 0.679316 -0.212736
v -0.010000 0.676699 -0.224491
v -0.010000 0.684035 -0.218003
v -0.007071 0.681494 -0.229688
v -0.007071 0.688753 -0.223269
v -0.000000 0.683480 -0.231841
v -0.000000 0.690707 -0.225451
v 0.007071 0.681494 -0.229688
v 0.007071 0.688753 -0.223269
v 0.010000 0.684035 -0.218003
v 0.010000 0.691374 -0.211517
v 0.007071 0.679316 -0.212736
v 0.007071 0.686733 -0.206182
v 0.000000 0.677362 -0.210555
v 0.000000 0.684811 -0.203973
v -0.007071 0.679316 -0.212736
v -0.007071 0.686733 -0.206182
v -0.010000 0.684035 -0.218003
v -0.010000 0.691374 -0.211517
v -0.007071 0.688753 -0.223269
v -0.007071 0.696015 -0.216853
v -0.000000 0.690707 -0.225451
v -0.000000 0.697937 -0.219062
v 0.007071 0.688753 -0.223269
v 0.007071 0.696015 -0.216853
v 0.010000 0.691374 -0.211517
v 0.010000 0.698803 -0.205117
v 0.007071 0.686733 -0.206182
v 0.007071 0.694235 -0.199719
v 0.000000 0.684811 -0.203973
v -0.000000 0.692343 -0.197483
v -0.007071 0.686733 -0.206182
v -0.007071 0.694235 -0.199719
v -0.010000 0.691374 -0.211517
v -0.010000 0.698803 -0.205117
v -0.007071 0.696015 -0.216853
v -0.007071 0.703371 -0.210515
v -0.000000 0.697937 -0.219062
v -0.000000 0.705262 -0.212750
v 0.007071 0.696015 -0.216853
v 0.007071 0.703371 -0.210515
v 0.010000 0.698803 -0.205117
v 0.010000 0.706387 -0.198862
v 0.007071 0.694235 -0.199719
v 0.007071 0.701885 -0.193410
v -0.000000 0.692343 -0.197483
v -0.000000 0.700020 -0.191151
v -0.007071 0.694235 -0.199719
v -0.007071 0.701885 -0.193410
v -0.010000 0.698803 -0.205117
v -0.010000 0.706387 -0.198862
v -0.007071 0.703371 -0.210515
v -0.007071 0.710890 -0.204315
v -0.000000 0.705262 -0.212750
v -0.000000 0.712754 -0.206573
v 0.007071 0.703371 -0.210515
v 0.007071 0.710890 -0.204315
v 0.010000 0.706387 -0.198862
v 0.010000 0.713970 -0.192606
v 0.007071 0.701885 -0.193410
v 0.007071 0.709534 -0.187100
v -0.000000 0.700020 -0.191151
v -0.000000 0.707696 -0.184819
v -0.007071 0.701885 -0.193410
v -0.007071 0.709534 -0.187100
v -0.010000 0.706387 -0.198862
v -0.010000 0.713970 -0.192606
v -0.007071 0.710890 -0.204315
v -0.007071 0.718407 -0.198112
v -0.000000 0.712754 -0.206573
v -0.000000 0.720244 -0.200393
v 0.007071 0.710890 -0.204315
v 0.007071 0.718407 -0.198112
v 0.010000 0.713970 -0.192606
v 0.010000 0.721720 -0.186505
v 0.007071 0.709534 -0.187100
v 0.007071 0.717337 -0.180956
v -0.000000 0.707696 -0.184819
v 0.000000 0.715522 -0.178658
v -0.007071 0.709534 -0.187100
v -0.007071 0.717337 -0.180956
v -0.010000 0.713970 -0.192606
v -0.010000 0.721720 -0.186505
v -0.007071 0.718407 -0.198112
v -0.007071 0.726103 -0.192054
v -0.000000 0.720244 -0.200393
v 0.000000 0.727918 -0.194353
v 0.007071 0.718407 -0.198112
v 0.007071 0.726103 -0.192054
v 0.010000 0.721720 -0.186505
v 0.010000 0.729493 -0.180426
v 0.007071 0.717337 -0.180956
v 0.007071 0.725163 -0.174837
v 0.000000 0.715522 -0.178658
v -0.000000 0.723369 -0.172521
v -0.007071 0.717337 -0.180956
v -0.007071 0.725162 -0.174837
v -0.010000 0.721720 -0.186505
v -0.010000 0.729493 -0.180426
v -0.007071 0.726103 -0.192054
v -0.007071 0.733824 -0.186016
v 0.000000 0.727918 -0.194353
v -0.000000 0.735618 -0.188332
v 0.007071 0.726103 -0.192054
v 0.007071 0.733824 -0.186016
v 0.010000 0.729493 -0.180426
v 0.010000 0.737338 -0.174408
v 0.007071 0.725163 -0.174837
v 0.007071 0.733052 -0.168784
v -0.000000 0.723369 -0.172521
v -0.000000 0.731277 -0.166454
v -0.007071 0.725162 -0.174837
v -0.007071 0.733052 -0.168784
v -0.010000 0.729493 -0.180426
v -0.010000 0.737338 -0.174408
v -0.007071 0.733824 -0.186016
v -0.007071 0.741624 -0.180032
v -0.000000 0.735618 -0.188332
v -0.000000 0.743399 -0.182361
v 0.007071 0.733824 -0.186016
v 0.007071 0.741624 -0.180032
v 0.010000 0.737338 -0.174408
v 0.010000 0.745254 -0.168449
v 0.007071 0.733052 -0.168784
v 0.007071 0.741004 -0.162797
v -0.000000 0.731277 -0.166454
v -0.000000 0.739244 -0.160456
v -0.007071 0.733052 -0.168784
v -0.007071 0.741004 -0.162797
v -0.010000 0.737338 -0.174408
v -0.010000 0.745254 -0.168449
v -0.007071 0.741624 -0.180032
v -0.007071 0.749503 -0.174101
v -0.000000 0.743399 -0.182361
v -0.000000 0.751263 -0.176442
v 0.007071 0.741624 -0.180032
v 0.007071 0.749503 -0.174101
v 0.010000 0.745254 -0.168449
v 0.010000 0.753196 -0.162506
v 0.007071 0.741004 -0.162797
v 0.007071 0.748979 -0.156830
v -0.000000 0.739244 -0.160456
v -0.000000 0.747232 -0.154479
v -0.007071 0.741004 -0.162797
v -0.007071 0.748979 -0.156830
v -0.010000 0.745254 -0.168449
v -0.010000 0.753196 -0.162506
v -0.007071 0.749503 -0.174101
v -0.007071 0.757413 -0.168182
v -0.000000 0.751263 -0.176442
v -0.000000 0.759160 -0.170533
v 0.007071 0.749503 -0.174101
v 0.007071 0.757413 -0.168182
v 0.010000 0.753196 -0.162506
v 0.010000 0.761212 -0.156607
v 0.007071 0.748979 -0.156830
v 0.007071 0.757014 -0.150917
v -0.000000 0.747232 -0.154479
v -0.000000 0.755275 -0.148560
v -0.007071 0.748979 -0.156830
v -0.007071 0.757014 -0.150917
v -0.010000 0.753196 -0.162506
v -0.010000 0.761212 -0.156607
v -0.007071 0.757413 -0.168182
v -0.007071 0.765410 -0.162297
v -0.000000 0.759160 -0.170533
v -0.000000 0.767149 -0.164654
v 0.007071 0.757413 -0.168182
v 0.007071 0.765410 -0.162297
v 0.010000 0.761212 -0.156607
v 0.010000 0.769239 -0.150706
v 0.007071 0.757014 -0.150917
v 0.007071 0.765056 -0.145005
v -0.000000 0.755275 -0.148560
v -0.000000 0.763324 -0.142644
v -0.007071 0.757014 -0.150917
v -0.007071 0.765056 -0.145005
v -0.010000 0.761212 -0.156607
v -0.010000 0.769239 -0.150706
v -0.007071 0.765410 -0.162297
v -0.007071 0.773421 -0.156408
v -0.000000 0.767149 -0.164654
v -0.000000 0.775154 -0.158769
v 0.007071 0.765410 -0.162297
v 0.007071 0.773421 -0.156408
v 0.010000 0.769239 -0.150706
v 0.010000 0.777316 -0.144801
v 0.007071 0.765056 -0.145005
v 0.007071 0.773131 -0.139102
v -0.000000 0.763324 -0.142644
v -0.000000 0.771398 -0.136741
v -0.007071 0.765056 -0.145005
v -0.007071 0.773131 -0.139102
v -0.010000 0.769239 -0.150706
v -0.010000 0.777316 -0.144801
v -0.007071 0.773421 -0.156408
v -0.007071 0.781501 -0.150501
v -0.000000 0.775154 -0.158769
v -0.000000 0.783235 -0.152862
v 0.007071 0.773421 -0.156408
v 0.007071 0.781501 -0.150501
v 0.010000 0.777316 -0.144801
v 0.010000 0.785400 -0.138878
v 0.007071 0.773131 -0.139102
v 0.007071 0.781206 -0.133184
v -0.000000 0.771398 -0.136741
v -0.000000 0.779469 -0.130826
v -0.007071 0.773131 -0.139102
v -0.007071 0.781206 -0.133184
v -0.010000 0.777316 -0.144801
v -0.010000 0.785400 -0.138878
v -0.007071 0.781501 -0.150501
v -0.007071 0.789593 -0.144571
v -0.000000 0.783235 -0.152862
v -0.000000 0.791331 -0.146929
v 0.007071 0.781501 -0.150501
v 0.007071 0.789593 -0.144571
v 0.010000 0.785400 -0.138878
v 0.010000 0.793502 -0.132895
v 0.007071 0.781206 -0.133184
v 0.007071 0.789279 -0.127223
v -0.000000 0.779469 -0.130826
v -0.000000 0.787530 -0.124874
v -0.007071 0.781206 -0.133184
v -0.007071 0.789279 -0.127223
v -0.010000 0.785400 -0.138878
v -0.010000 0.793502 -0.132895
v -0.007071 0.789593 -0.144571
v -0.007071 0.797724 -0.138567
v -0.000000 0.791331 -0.146929
v -0.000000 0.799473 -0.140916
v 0.007071 0.789593 -0.144571
v 0.007071 0.797724 -0.138567
v 0.010000 0.793502 -0.132895
v 0.010000 0.801598 -0.126840
v 0.007071 0.789279 -0.127223
v 0.007071 0.797331 -0.121201
v -0.000000 0.787530 -0.124874
v -0.000000 0.795564 -0.118866
v -0.007071 0.789279 -0.127223
v -0.007071 0.797331 -0.121201
v -0.010000 0.793502 -0.132895
v -0.010000 0.801598 -0.126840
v -0.007071 0.797724 -0.138567
v -0.007071 0.805864 -0.132479
v -0.000000 0.799473 -0.140916
v -0.000000 0.807632 -0.134814
v 0.007071 0.797724 -0.138567
v 0.007071 0.805864 -0.132479
v 0.010000 0.801598 -0.126840
v 0.010000 0.809686 -0.120698
v 0.007071 0.797331 -0.121201
v 0.007071 0.805357 -0.115107
v -0.000000 0.795564 -0.118866
v -0.000000 0.803564 -0.112791
v -0.007071 0.797331 -0.121201
v -0.007071 0.805357 -0.115107
v -0.010000 0.801598 -0.126840
v -0.010000 0.809686 -0.120698
v -0.007071 0.805864 -0.132479
v -0.007071 0.814015 -0.126290
v -0.000000 0.807632 -0.134814
v -0.000000 0.815808 -0.128606
v 0.007071 0.805864 -0.132479
v 0.007071 0.814015 -0.126290
v 0.010000 0.809686 -0.120698
v 0.010000 0.817729 -0.114350
v 0.007071 0.805357 -0.115107
v 0.007071 0.813303 -0.108836
v -0.000000 0.803564 -0.112791
v -0.000000 0.811470 -0.106552
v -0.007071 0.805357 -0.115107
v -0.007071 0.813303 -0.108836
v -0.010000 0.809686 -0.120698
v -0.010000 0.817729 -0.114350
v -0.007071 0.814015 -0.126290
v -0.007071 0.822155 -0.119865
v -0.000000 0.815808 -0.128606
v -0.000000 0.823989 -0.122149
v 0.007071 0.814015 -0.126290
v 0.007071 0.822155 -0.119865
v 0.010000 0.817729 -0.114350
v 0.010000 0.825726 -0.107834
v 0.007071 0.813303 -0.108836
v 0.007071 0.821177 -0.102420
v -0.000000 0.811470 -0.106552
v -0.000000 0.819293 -0.100178
v -0.007071 0.813303 -0.108836
v -0.007071 0.821177 -0.102420
v -0.010000 0.817729 -0.114350
v -0.010000 0.825726 -0.107834
v -0.007071 0.822155 -0.119865
v -0.007071 0.830275 -0.113247
v -0.000000 0.823989 -0.122149
v -0.000000 0.832159 -0.115489
v 0.007071 0.822155 -0.119865
v 0.007071 0.830275 -0.113247
v 0.010000 0.825726 -0.107834
v 0.010000 0.833649 -0.101071
v 0.007071 0.821177 -0.102420
v 0.007071 0.828942 -0.095794
v -0.000000 0.819293 -0.100178
v -0.000000 0.826992 -0.093609
v -0.007071 0.821177 -0.102420
v -0.007071 0.828942 -0.095794
v -0.010000 0.825726 -0.107834
v -0.010000 0.833649 -0.101071
v -0.007071 0.830275 -0.113247
v -0.007071 0.838356 -0.106348
v -0.000000 0.832159 -0.115489
v -0.000000 0.840305 -0.108534
v 0.007071 0.830275 -0.113247
v 0.007071 0.838356 -0.106348
v 0.010000 0.833649 -0.101071
v 0.010000 0.841408 -0.093850
v 0.007071 0.828942 -0.095794
v 0.007071 0.836481 -0.088778
v -0.000000 0.826992 -0.093609
v -0.000000 0.834440 -0.086678
v -0.007071 0.828942 -0.095794
v -0.007071 0.836481 -0.088778
v -0.010000 0.833649 -0.101071
v -0.010000 0.841408 -0.093850
v -0.007071 0.838356 -0.106348
v -0.007071 0.846336 -0.098922
v -0.000000 0.840305 -0.108534
v -0.000000 0.848377 -0.101023
v 0.007071 0.838356 -0.106348
v 0.007071 0.846336 -0.098922
v 0.010000 0.841408 -0.093850
v 0.010000 0.848952 -0.086128
v 0.007071 0.836481 -0.088778
v 0.007071 0.843745 -0.081343
v -0.000000 0.834440 -0.086678
v -0.000000 0.841589 -0.079361
v -0.007071 0.836481 -0.088778
v -0.007071 0.843745 -0.081343
v -0.010000 0.841408 -0.093850
v -0.010000 0.848952 -0.086128
v -0.007071 0.846336 -0.098922
v -0.007071 0.854158 -0.090912
v -0.000000 0.848377 -0.101023
v -0.000000 0.856314 -0.092894
v 0.007071 0.846336 -0.098922
v 0.007071 0.854158 -0.090912
v 0.010000 0.848952 -0.086128
v 0.010000 0.856153 -0.077759
v 0.007071 0.843745 -0.081343
v 0.007071 0.850607 -0.073373
v -0.000000 0.841589 -0.079361
v -0.000000 0.848310 -0.071556
v -0.007071 0.843745 -0.081343
v -0.007071 0.850607 -0.073373
v -0.010000 0.848952 -0.086128
v -0.010000 0.856153 -0.077759
v -0.007071 0.854158 -0.090912
v -0.007071 0.861700 -0.082145
v -0.000000 0.856314 -0.092894
v -0.000000 0.863997 -0.083962
v 0.007071 0.854158 -0.090912
v 0.007071 0.861700 -0.082145
v 0.010000 0.856153 -0.077759
v 0.010000 0.862798 -0.068589
v 0.007071 0.850607 -0.073373
v 0.007071 0.856863 -0.064745
v -0.000000 0.848310 -0.071556
v -0.000000 0.854405 -0.063153
v -0.007071 0.850607 -0.073373
v -0.007071 0.856863 -0.064745
v -0.010000 0.856153 -0.077759
v -0.010000 0.862798 -0.068589
v -0.007071 0.861700 -0.082145
v -0.007071 0.868733 -0.072433
v -0.000000 0.863997 -0.083962
v -0.000000 0.871191 -0.074026
v 0.007071 0.861700 -0.082145
v 0.007071 0.868733 -0.072433
v 0.010000 0.862798 -0.068589
v 0.010000 0.868503 -0.058474
v 0.007071 0.856863 -0.064745
v 0.007071 0.862166 -0.055337
v -0.000000 0.854405 -0.063153
v -0.000000 0.859541 -0.054037
v -0.007071 0.856863 -0.064745
v -0.007071 0.862166 -0.055337
v -0.010000 0.862798 -0.068589
v -0.010000 0.868503 -0.058474
v -0.007071 0.868733 -0.072433
v -0.007071 0.874840 -0.061612
v -0.000000 0.871191 -0.074026
v -0.000000 0.877464 -0.062912
v 0.007071 0.868733 -0.072433
v 0.007071 0.874840 -0.061612
v 0.010000 0.868503 -0.058474
v 0.010000 0.873108 -0.047631
v 0.007071 0.862166 -0.055337
v 0.007071 0.866425 -0.045321
v -0.000000 0.859541 -0.054037
v -0.000000 0.863657 -0.044365
v -0.007071 0.862166 -0.055337
v -0.007071 0.866425 -0.045321
v -0.010000 0.868503 -0.058474
v -0.010000 0.873108 -0.047631
v -0.007071 0.874840 -0.061612
v -0.007071 0.879791 -0.049941
v -0.000000 0.877464 -0.062912
v -0.000000 0.882560 -0.050897
v 0.007071 0.874840 -0.061612
v 0.007071 0.879791 -0.049941
v 0.010000 0.873108 -0.047631
v 0.010000 0.876189 -0.036261
v 0.007071 0.866425 -0.045321
v 0.007071 0.869267 -0.034816
v -0.000000 0.863657 -0.044365
v -0.000000 0.866400 -0.034217
v -0.007071 0.866425 -0.045321
v -0.007071 0.869267 -0.034816
v -0.010000 0.873108 -0.047631
v -0.010000 0.876189 -0.036261
v -0.007071 0.879791 -0.049941
v -0.007071 0.883111 -0.037707
v -0.000000 0.882560 -0.050897
v -0.000000 0.885978 -0.038306
v 0.007071 0.879791 -0.049941
v 0.007071 0.883111 -0.037707
v 0.010000 0.876189 -0.036261
v 0.010000 0.877895 -0.024887
v 0.007071 0.869267 -0.034816
v 0.007071 0.870858 -0.024190
v -0.000000 0.866400 -0.034217
v -0.000000 0.867944 -0.023901
v -0.007071 0.869267 -0.034816
v -0.007071 0.870858 -0.024190
v -0.010000 0.876189 -0.036261
v -0.010000 0.877895 -0.024887
v -0.007071 0.883111 -0.037707
v -0.007071 0.884932 -0.025585
v -0.000000 0.885978 -0.038306
v -0.000000 0.887846 -0.025874
v 0.007071 0.883111 -0.037707
v 0.007071 0.884932 -0.025585
v 0.010000 0.877895 -0.024887
v 0.010000 0.878537 -0.013860
v 0.007071 0.870858 -0.024190
v 0.007071 0.871468 -0.013687
v -0.000000 0.867944 -0.023901
v 0.000000 0.868540 -0.013616
v -0.007071 0.870858 -0.024190
v -0.007071 0.871468 -0.013687
v -0.010000 0.877895 -0.024887
v -0.010000 0.878537 -0.013860
v -0.007071 0.884932 -0.025585
v -0.007071 0.885606 -0.014032
v -0.000000 0.887846 -0.025874
v -0.000000 0.888534 -0.014103
v 0.007071 0.884932 -0.025585
v 0.007071 0.885606 -0.014032
v 0.010000 0.878537 -0.013860
v 0.010000 0.878536 -0.003221
v 0.007071 0.871468 -0.013687
v 0.007071 0.871466 -0.003370
v 0.000000 0.868540 -0.013616
v 0.000000 0.868538 -0.003431
v -0.007071 0.871468 -0.013687
v -0.007071 0.871466 -0.003370
v -0.010000 0.878537 -0.013860
v -0.010000 0.878536 -0.003221
v -0.007071 0.885606 -0.014032
v -0.007071 0.885605 -0.003073
v -0.000000 0.888534 -0.014103
v -0.000000 0.888534 -0.003011
v 0.007071 0.885606 -0.014032
v 0.007071 0.885605 -0.003073
v 0.010000 0.878536 -0.003221
v 0.010000 0.878119 0.007298
v 0.007071 0.871466 -0.003370
v 0.007071 0.871060 0.006885
v 0.000000 0.868538 -0.003431
v 0.000000 0.868136 0.006714
v -0.007071 0.871466 -0.003370
v -0.007071 0.871060 0.006885
v -0.010000 0.878536 -0.003221
v -0.010000 0.878119 0.007298
v -0.007071 0.885605 -0.003073
v -0.007071 0.885178 0.007712
v -0.000000 0.888534 -0.003011
v 0.000000 0.888102 0.007883
v 0.007071 0.885605 -0.003073
v 0.007071 0.885178 0.007712
v 0.010000 0.878119 0.007298
v 0.010000 0.877219 0.018043
v 0.007071 0.871060 0.006885
v 0.007071 0.870194 0.017238
v 0.000000 0.868136 0.006714
v 0.000000 0.867285 0.016904
v -0.007071 0.871060 0.006885
v -0.007071 0.870194 0.017238
v -0.010000 0.878119 0.007298
v -0.010000 0.877219 0.018043
v -0.007071 0.885178 0.007712
v -0.007071 0.884244 0.018849
v 0.000000 0.888102 0.007883
v -0.000000 0.887154 0.019183
v 0.007071 0.885178 0.007712
v 0.007071 0.884244 0.018849
v 0.010000 0.877219 0.018043
v 0.010000 0.875500 0.029123
v 0.007071 0.870194 0.017238
v 0.007071 0.868571 0.027714
v 0.000000 0.867285 0.016904
v 0.000000 0.865700 0.027131
v -0.007071 0.870194 0.017238
v -0.007071 0.868570 0.027714
v -0.010000 0.877219 0.018043
v -0.010000 0.875500 0.029123
v -0.007071 0.884244 0.018849
v -0.007071 0.882429 0.030532
v -0.000000 0.887154 0.019183
v -0.000000 0.885299 0.031115
v 0.007071 0.884244 0.018849
v 0.007071 0.882429 0.030532
v 0.010000 0.875500 0.029123
v 0.010000 0.872600 0.040312
v 0.007071 0.868571 0.027714
v 0.007071 0.865870 0.038143
v 0.000000 0.865700 0.027131
v 0.000000 0.863083 0.037244
v -0.007071 0.868570 0.027714
v -0.007071 0.865870 0.038143
v -0.010000 0.875500 0.029123
v -0.010000 0.872600 0.040312
v -0.007071 0.882429 0.030532
v -0.007071 0.879331 0.042481
v -0.000000 0.885299 0.031115
v 0.000000 0.882118 0.043379
v 0.007071 0.882429 0.030532
v 0.007071 0.879331 0.042481
v 0.010000 0.872600 0.040312
v 0.010000 0.868394 0.051208
v 0.007071 0.865870 0.038143
v 0.007071 0.861971 0.048251
v 0.000000 0.863083 0.037244
v 0.000000 0.859311 0.047026
v -0.007071 0.865870 0.038143
v -0.007071 0.861971 0.048251
v -0.010000 0.872600 0.040312
v -0.010000 0.868394 0.051208
v -0.007071 0.879331 0.042481
v -0.007071 0.874817 0.054165
v 0.000000 0.882118 0.043379
v -0.000000 0.877478 0.055390
v 0.007071 0.879331 0.042481
v 0.007071 0.874818 0.054165
v 0.010000 0.868394 0.051208
v 0.010000 0.862927 0.061396
v 0.007071 0.861971 0.048251
v 0.007071 0.856873 0.057742
v 0.000000 0.859311 0.047026
v 0.000000 0.854365 0.056229
v -0.007071 0.861971 0.048251
v -0.007071 0.856873 0.057742
v -0.010000 0.868394 0.051208
v -0.010000 0.862927 0.061396
v -0.007071 0.874817 0.054165
v -0.007071 0.868981 0.065049
v -0.000000 0.877478 0.055390
v 0.000000 0.871489 0.066562
v 0.007071 0.874818 0.054165
v 0.007071 0.868981 0.065049
v 0.010000 0.862927 0.061396
v 0.010000 0.856576 0.070803
v 0.007071 0.856873 0.057742
v 0.007071 0.850902 0.066584
v 0.000000 0.854365 0.056229
v 0.000000 0.848551 0.064836
v -0.007071 0.856873 0.057742
v -0.007071 0.850902 0.066584
v -0.010000 0.862927 0.061396
v -0.010000 0.856576 0.070803
v -0.007071 0.868981 0.065049
v -0.007071 0.862250 0.075023
v 0.000000 0.871489 0.066562
v 0.000000 0.864601 0.076770
v 0.007071 0.868981 0.065049
v 0.007071 0.862250 0.075023
v 0.010000 0.856576 0.070803
v 0.010000 0.849592 0.079425
v 0.007071 0.850902 0.066584
v 0.007071 0.844265 0.074776
v 0.000000 0.848551 0.064836
v 0.000000 0.842058 0.072850
v -0.007071 0.850902 0.066584
v -0.007071 0.844265 0.074776
v -0.010000 0.856576 0.070803
v -0.010000 0.849592 0.079425
v -0.007071 0.862250 0.075023
v -0.007071 0.854919 0.084075
v 0.000000 0.864601 0.076770
v 0.000000 0.857126 0.086001
v 0.007071 0.862250 0.075023
v 0.007071 0.854919 0.084075
v 0.010000 0.849592 0.079425
v 0.010000 0.842192 0.087345
v 0.007071 0.844265 0.074776
v 0.007071 0.837152 0.082386
v 0.000000 0.842058 0.072850
v 0.000000 0.835065 0.080331
v -0.007071 0.844265 0.074776
v -0.007071 0.837152 0.082386
v -0.010000 0.849592 0.079425
v -0.010000 0.842192 0.087345
v -0.007071 0.854919 0.084075
v -0.007071 0.847232 0.092305
v 0.000000 0.857126 0.086001
v 0.000000 0.849320 0.094360
v 0.007071 0.854919 0.084075
v 0.007071 0.847232 0.092305
v 0.010000 0.842192 0.087345
v 0.010000 0.834537 0.094716
v 0.007071 0.837152 0.082386
v 0.007071 0.829723 0.089536
v 0.000000 0.835065 0.080331
v 0.000000 0.827730 0.087390
v -0.007071 0.837152 0.082386
v -0.007071 0.829723 0.089536
v -0.010000 0.842192 0.087345
v -0.010000 0.834537 0.094716
v -0.007071 0.847232 0.092305
v -0.007071 0.839350 0.099896
v 0.000000 0.849320 0.094360
v 0.000000 0.841344 0.102041
v 0.007071 0.847232 0.092305
v 0.007071 0.839350 0.099896
v 0.010000 0.834537 0.094716
v 0.010000 0.826726 0.101690
v 0.007071 0.829723 0.089536
v 0.007071 0.822089 0.096351
v 0.000000 0.827730 0.087390
v 0.000000 0.820169 0.094140
v -0.007071 0.829723 0.089536
v -0.007071 0.822089 0.096351
v -0.010000 0.834537 0.094716
v -0.010000 0.826726 0.101690
v -0.007071 0.839350 0.099896
v -0.007071 0.831363 0.107029
v 0.000000 0.841344 0.102041
v 0.000000 0.833283 0.109240
v 0.007071 0.839350 0.099896
v 0.007071 0.831363 0.107029
v 0.010000 0.826726 0.101690
v 0.010000 0.818819 0.108385
v 0.007071 0.822089 0.096351
v 0.007071 0.814321 0.102929
v 0.000000 0.820169 0.094140
v 0.000000 0.812458 0.100669
v -0.007071 0.822089 0.096351
v -0.007071 0.814321 0.102929
v -0.010000 0.826726 0.101690
v -0.010000 0.818819 0.108385
v -0.007071 0.831363 0.107029
v -0.007071 0.823318 0.113841
v 0.000000 0.833283 0.109240
v 0.000000 0.825181 0.116101
v 0.007071 0.831363 0.107029
v 0.007071 0.823318 0.113841
v 0.010000 0.818819 0.108385
v 0.010000 0.810833 0.114807
v 0.007071 0.814321 0.102929
v 0.007071 0.806431 0.109273
v 0.000000 0.812458 0.100669
v 0.000000 0.804608 0.106981
v -0.007071 0.814321 0.102929
v -0.007071 0.806431 0.109273
v -0.010000 0.818819 0.108385
v -0.010000 0.810833 0.114807
v -0.007071 0.823318 0.113841
v -0.007071 0.815234 0.120341
v 0.000000 0.825181 0.116101
v 0.000000 0.817057 0.122634
v 0.007071 0.823318 0.113841
v 0.007071 0.815234 0.120341
v 0.010000 0.810833 0.114807
v 0.010000 0.802810 0.121065
v 0.007071 0.806431 0.109273
v 0.007071 0.798478 0.115476
v 0.000000 0.804608 0.106981
v 0.000000 0.796683 0.113162
v -0.007071 0.806431 0.109273
v -0.007071 0.798478 0.115476
v -0.010000 0.810833 0.114807
v -0.010000 0.802810 0.121065
v -0.007071 0.815234 0.120341
v -0.007071 0.807143 0.126653
v 0.000000 0.817057 0.122634
v 0.000000 0.808937 0.128968
v 0.007071 0.815234 0.120341
v 0.007071 0.807143 0.126653
v 0.010000 0.802810 0.121065
v 0.010000 0.794772 0.127242
v 0.007071 0.798478 0.115476
v 0.007071 0.790494 0.121611
v 0.000000 0.796683 0.113162
v 0.000000 0.788723 0.119279
v -0.007071 0.798478 0.115476
v -0.007071 0.790494 0.121611
v -0.010000 0.802810 0.121065
v -0.010000 0.794772 0.127242
v -0.007071 0.807143 0.126653
v -0.007071 0.799050 0.132872
v 0.000000 0.808937 0.128968
v 0.000000 0.800822 0.135204
v 0.007071 0.807143 0.126653
v 0.007071 0.799050 0.132872
v 0.010000 0.794772 0.127242
v 0.010000 0.786725 0.133283
v 0.007071 0.790494 0.121611
v 0.007071 0.782472 0.127634
v 0.000000 0.788723 0.119279
v 0.000000 0.780711 0.125294
v -0.007071 0.790494 0.121611
v -0.007071 0.782472 0.127634
v -0.010000 0.794772 0.127242
v -0.010000 0.786725 0.133283
v -0.007071 0.799050 0.132872
v -0.007071 0.790978 0.138933
v 0.000000 0.800822 0.135204
v 0.000000 0.792739 0.141273
v 0.007071 0.799050 0.132872
v 0.007071 0.790978 0.138933
v 0.010000 0.786725 0.133283
v 0.010000 0.778686 0.139306
v 0.007071 0.782472 0.127634
v 0.007071 0.774451 0.133643
v 0.000000 0.780711 0.125294
v 0.000000 0.772697 0.131297
v -0.007071 0.782472 0.127634
v -0.007071 0.774451 0.133643
v -0.010000 0.786725 0.133283
v -0.010000 0.778686 0.139306
v -0.007071 0.790978 0.138933
v -0.007071 0.782921 0.144968
v 0.000000 0.792739 0.141273
v 0.000000 0.784675 0.147314
v 0.007071 0.790978 0.138933
v 0.007071 0.782921 0.144968
v 0.010000 0.778686 0.139306
v 0.010000 0.770667 0.145279
v 0.007071 0.774451 0.133643
v 0.007071 0.766432 0.139616
v 0.000000 0.772697 0.131297
v 0.000000 0.764678 0.137271
v -0.007071 0.774451 0.133643
v -0.007071 0.766432 0.139616
v -0.010000 0.778686 0.139306
v -0.010000 0.770667 0.145279
v -0.007071 0.782921 0.144968
v -0.007071 0.774902 0.150941
v 0.000000 0.784675 0.147314
v 0.000000 0.776656 0.153287
v 0.007071 0.782921 0.144968
v 0.007071 0.774902 0.150941
v 0.010000 0.770667 0.145279
v 0.010000 0.762670 0.151252
v 0.007071 0.766432 0.139616
v 0.007071 0.758428 0.145595
v 0.000000 0.764678 0.137271
v 0.000000 0.756670 0.143252
v -0.007071 0.766432 0.139616
v -0.007071 0.758428 0.145595
v -0.010000 0.770667 0.145279
v -0.010000 0.762670 0.151252
v -0.007071 0.774902 0.150941
v -0.007071 0.766913 0.156909
v 0.000000 0.776656 0.153287
v 0.000000 0.768670 0.159253
v 0.007071 0.774902 0.150941
v 0.007071 0.766913 0.156909
v 0.010000 0.762670 0.151252
v 0.010000 0.754716 0.157227
v 0.007071 0.758428 0.145595
v 0.007071 0.750453 0.151585
v 0.000000 0.756670 0.143252
v 0.000000 0.748687 0.149249
v -0.007071 0.758428 0.145595
v -0.007071 0.750453 0.151585
v -0.010000 0.762670 0.151252
v -0.010000 0.754716 0.157227
v -0.007071 0.766913 0.156909
v -0.007071 0.758979 0.162868
v 0.000000 0.768670 0.159253
v 0.000000 0.760745 0.165205
v 0.007071 0.766913 0.156909
v 0.007071 0.758979 0.162868
v 0.010000 0.754716 0.157227
v 0.010000 0.746788 0.163217
v 0.007071 0.750453 0.151585
v 0.007071 0.742500 0.157595
v 0.000000 0.748687 0.149249
v 0.000000 0.740723 0.155267
v -0.007071 0.750453 0.151585
v -0.007071 0.742500 0.157595
v -0.010000 0.754716 0.157227
v -0.010000 0.746788 0.163217
v -0.007071 0.758979 0.162868
v -0.007071 0.751077 0.168839
v 0.000000 0.760745 0.165205
v 0.000000 0.752853 0.171168
v 0.007071 0.758979 0.162868
v 0.007071 0.751077 0.168839
v 0.010000 0.746788 0.163217
v 0.010000 0.738937 0.169256
v 0.007071 0.742500 0.157595
v 0.007071 0.734611 0.163663
v 0.000000 0.740723 0.155267
v 0.000000 0.732819 0.161346
v -0.007071 0.742500 0.157595
v -0.007071 0.734611 0.163663
v -0.010000 0.746788 0.163217
v -0.010000 0.738937 0.169256
v -0.007071 0.751077 0.168839
v -0.007071 0.743264 0.174849
v 0.000000 0.752853 0.171168
v 0.000000 0.745056 0.177165
v 0.007071 0.751077 0.168839
v 0.007071 0.743264 0.174849
v 0.010000 0.738937 0.169256
v 0.010000 0.731090 0.175297
v 0.007071 0.734611 0.163663
v 0.007071 0.726725 0.169734
v 0.000000 0.732819 0.161346
v 0.000000 0.724917 0.167429
v -0.007071 0.734611 0.163663
v -0.007071 0.726725 0.169734
v -0.010000 0.738937 0.169256
v -0.010000 0.731090 0.175297
v -0.007071 0.743264 0.174849
v -0.007071 0.735455 0.180860
v 0.000000 0.745056 0.177165
v 0.000000 0.737263 0.183164
v 0.007071 0.743264 0.174849
v 0.007071 0.735455 0.180860
v 0.010000 0.731090 0.175297
v 0.010000 0.723385 0.181458
v 0.007071 0.726725 0.169734
v 0.007071 0.718967 0.175937
v 0.000000 0.724917 0.167429
v 0.000000 0.717137 0.173650
v -0.007071 0.726725 0.169734
v -0.007071 0.718967 0.175937
v -0.010000 0.731090 0.175297
v -0.010000 0.723385 0.181458
v -0.007071 0.735455 0.180860
v -0.007071 0.727803 0.186979
v 0.000000 0.737263 0.183164
v 0.000000 0.729632 0.189266
v 0.007071 0.735455 0.180860
v 0.007071 0.727803 0.186979
v 0.010000 0.723385 0.181458
v 0.010000 0.715679 0.187618
v 0.007071 0.718967 0.175937
v 0.007071 0.711209 0.182139
v 0.000000 0.717137 0.173650
v 0.000000 0.709357 0.179870
v -0.007071 0.718967 0.175937
v -0.007071 0.711209 0.182139
v -0.010000 0.723385 0.181458
v -0.010000 0.715679 0.187618
v -0.007071 0.727803 0.186979
v -0.007071 0.720149 0.193097
v 0.000000 0.729632 0.189266
v 0.000000 0.722001 0.195367
v 0.007071 0.727803 0.186979
v 0.007071 0.720149 0.193097
v 0.010000 0.715679 0.187618
v 0.010000 0.708101 0.193896
v 0.007071 0.711209 0.182139
v 0.007071 0.703569 0.188468
v 0.000000 0.709357 0.179870
v 0.000000 0.701692 0.186219
v -0.007071 0.711209 0.182139
v -0.007071 0.703569 0.188468
v -0.010000 0.715679 0.187618
v -0.010000 0.708101 0.193896
v -0.007071 0.720149 0.193097
v -0.007071 0.712632 0.199324
v 0.000000 0.722001 0.195367
v 0.000000 0.714509 0.201573
v 0.007071 0.720149 0.193097
v 0.007071 0.712632 0.199324
v 0.010000 0.708101 0.193896
v 0.010000 0.700587 0.200234
v 0.007071 0.703569 0.188468
v 0.007071 0.695991 0.194861
v 0.000000 0.701692 0.186219
v 0.000000 0.694087 0.192635
v -0.007071 0.703569 0.188468
v -0.007071 0.695991 0.194861
v -0.010000 0.708101 0.193896
v -0.010000 0.700587 0.200234
v -0.007071 0.712632 0.199324
v -0.007071 0.705184 0.205607
v 0.000000 0.714509 0.201573
v 0.000000 0.707088 0.207833
v 0.007071 0.712632 0.199324
v 0.007071 0.705184 0.205607
v 0.010000 0.700587 0.200234
v 0.010000 0.693114 0.206609
v 0.007071 0.695991 0.194861
v 0.007071 0.688451 0.201294
v 0.000000 0.694087 0.192635
v 0.000000 0.686519 0.199092
v -0.007071 0.695991 0.194861
v -0.007071 0.688451 0.201294
v -0.010000 0.700587 0.200234
v -0.010000 0.693114 0.206609
v -0.007071 0.705184 0.205607
v -0.007071 0.697778 0.211924
v 0.000000 0.707088 0.207833
v 0.000000 0.699710 0.214125
v 0.007071 0.705184 0.205607
v 0.007071 0.697778 0.211924
v 0.010000 0.693114 0.206609
v 0.010000 0.685849 0.213177
v 0.007071 0.688451 0.201294
v 0.007071 0.681108 0.207930
v 0.000000 0.686519 0.199092
v 0.000000 0.679144 0.205757
v -0.007071 0.688451 0.201294
v -0.007071 0.681108 0.207930
v -0.010000 0.693114 0.206609
v -0.010000 0.685849 0.213177
v -0.007071 0.697778 0.211924
v -0.007071 0.690590 0.218423
v 0.000000 0.699710 0.214125
v 0.000000 0.692554 0.220596
v 0.007071 0.697778 0.211924
v 0.007071 0.690590 0.218423
v 0.010000 0.685849 0.213177
v 0.010000 0.678582 0.219742
v 0.007071 0.681108 0.207930
v 0.007071 0.673765 0.214566
v 0.000000 0.679144 0.205757
v 0.000000 0.671769 0.212422
v -0.007071 0.681108 0.207930
v -0.007071 0.673765 0.214566
v -0.010000 0.685849 0.213177
v -0.010000 0.678582 0.219742
v -0.007071 0.690590 0.218423
v -0.007071 0.683399 0.224918
v 0.000000 0.692554 0.220596
v 0.000000 0.685395 0.227062
v 0.007071 0.690590 0.218423
v 0.007071 0.683399 0.224918
v 0.010000 0.678582 0.219742
v 0.010000 0.671488 0.226462
v 0.007071 0.673765 0.214566
v 0.007071 0.666588 0.221364
v 0.000000 0.671769 0.212422
v 0.000000 0.664559 0.219252
v -0.007071 0.673765 0.214566
v -0.007071 0.666588 0.221364
v -0.010000 0.678582 0.219742
v -0.010000 0.671488 0.226462
v -0.007071 0.683399 0.224918
v -0.007071 0.676387 0.231560
v 0.000000 0.685395 0.227062
v 0.000000 0.678417 0.233672
v 0.007071 0.683399 0.224918
v 0.007071 0.676387 0.231560
v 0.010000 0.671488 0.226462
v 0.010000 0.664532 0.233305
v 0.007071 0.666588 0.221364
v 0.007071 0.659545 0.228292
v 0.000000 0.664559 0.219252
v 0.000000 0.657480 0.226215
v -0.007071 0.666588 0.221364
v -0.007071 0.659545 0.228292
v -0.010000 0.671488 0.226462
v -0.010000 0.664532 0.233305
v -0.007071 0.676387 0.231560
v -0.007071 0.669519 0.238319
v 0.000000 0.678417 0.233672
v 0.000000 0.671584 0.240396
v 0.007071 0.676387 0.231560
v 0.007071 0.669519 0.238319
v 0.010000 0.664532 0.233305
v 0.010000 0.657573 0.240146
v 0.007071 0.659545 0.228292
v 0.007071 0.652501 0.235219
v 0.000000 0.657480 0.226215
v 0.000000 0.650400 0.233178
v -0.007071 0.659545 0.228292
v -0.007071 0.652501 0.235219
v -0.010000 0.664532 0.233305
v -0.010000 0.657573 0.240146
v -0.007071 0.669519 0.238319
v -0.007071 0.662645 0.245073
v 0.000000 0.671584 0.240396
v 0.000000 0.664746 0.247114
v 0.007071 0.669519 0.238319
v 0.007071 0.662645 0.245073
v 0.010000 0.657573 0.240146
v 0.010000 0.650939 0.247258
v 0.007071 0.652501 0.235219
v 0.007071 0.645773 0.242430
v 0.000000 0.650400 0.233178
v 0.000000 0.643633 0.240430
v -0.007071 0.652501 0.235219
v -0.007071 0.645773 0.242430
v -0.010000 0.657573 0.240146
v -0.010000 0.650939 0.247258
v -0.007071 0.662645 0.245073
v -0.007071 0.656106 0.252086
v 0.000000 0.664746 0.247114
v 0.000000 0.658246 0.254085
v 0.007071 0.662645 0.245073
v 0.007071 0.656106 0.252086
v 0.010000 0.650939 0.247258
v 0.010000 0.644366 0.254420
v 0.007071 0.645773 0.242430
v 0.007071 0.639105 0.249695
v 0.000000 0.643633 0.240430
v 0.000000 0.636926 0.247738
v -0.007071 0.645773 0.242430
v -0.007071 0.639105 0.249695
v -0.010000 0.650939 0.247258
v -0.010000 0.644366 0.254420
v -0.007071 0.656106 0.252086
v -0.007071 0.649627 0.259145
v 0.000000 0.658246 0.254085
v 0.000000 0.651806 0.261102
v 0.007071 0.656106 0.252086
v 0.007071 0.649627 0.259145
v 0.010000 0.644366 0.254420
v 0.010000 0.637796 0.261584
v 0.007071 0.639105 0.249695
v 0.007071 0.632442 0.256964
v 0.000000 0.636926 0.247738
v 0.000000 0.630225 0.255050
v -0.007071 0.639105 0.249695
v -0.007071 0.632442 0.256964
v -0.010000 0.644366 0.254420
v -0.010000 0.637796 0.261583
v -0.007071 0.649627 0.259145
v -0.007071 0.643149 0.266203
v 0.000000 0.651806 0.261102
v 0.000000 0.645367 0.268117
v 0.007071 0.649627 0.259145
v 0.007071 0.643149 0.266203
v 0.010000 0.637796 0.261584
v 0.010000 0.631696 0.269105
v 0.007071 0.632442 0.256964
v 0.007071 0.626240 0.264607
v 0.000000 0.630225 0.255050
v 0.000000 0.623981 0.262743
v -0.007071 0.632442 0.256964
v -0.007071 0.626240 0.264607
v -0.010000 0.637796 0.261583
v -0.010000 0.631696 0.269105
v -0.007071 0.643149 0.266203
v -0.007071 0.637152 0.273603
v 0.000000 0.645367 0.268117
v 0.000000 0.639412 0.275466
v 0.007071 0.643149 0.266203
v 0.007071 0.637152 0.273603
v 0.010000 0.631696 0.269105
v 0.010000 0.625591 0.276622
v 0.007071 0.626240 0.264607
v 0.007071 0.620036 0.272247
v 0.000000 0.623981 0.262743
v 0.000000 0.617735 0.270435
v -0.007071 0.626240 0.264607
v -0.007071 0.620036 0.272247
v -0.010000 0.631696 0.269105
v -0.010000 0.625591 0.276622
v -0.007071 0.637152 0.273603
v -0.007071 0.631146 0.280997
v 0.000000 0.639412 0.275466
v 0.000000 0.633447 0.282809
v 0.007071 0.637152 0.273603
v 0.007071 0.631146 0.280997
v 0.010000 0.625591 0.276622
v 0.010000 0.619537 0.284173
v 0.007071 0.620036 0.272247
v 0.007071 0.613884 0.279925
v 0.000000 0.617735 0.270435
v 0.000000 0.611542 0.278165
v -0.007071 0.620036 0.272247
v -0.007071 0.613884 0.279925
v -0.010000 0.625591 0.276622
v -0.010000 0.619537 0.284173
v -0.007071 0.631146 0.280997
v -0.007071 0.625190 0.288420
v 0.000000 0.633447 0.282809
v 0.000000 0.627532 0.290180
v 0.007071 0.631146 0.280997
v 0.007071 0.625190 0.288420
v 0.010000 0.619537 0.284173
v 0.010000 0.614003 0.292075
v 0.007071 0.613884 0.279925
v 0.007071 0.608246 0.287970
v 0.000000 0.611542 0.278165
v 0.000000 0.605861 0.286270
v -0.007071 0.613884 0.279925
v -0.007071 0.608246 0.287970
v -0.010000 0.619537 0.284173
v -0.010000 0.614003 0.292075
v -0.007071 0.625190 0.288420
v -0.007071 0.619761 0.296180
v 0.000000 0.627532 0.290180
v 0.000000 0.622146 0.297880
v 0.007071 0.625190 0.288420
v 0.007071 0.619761 0.296180
v 0.010000 0.614003 0.292075
v 0.010000 0.608462 0.299972
v 0.007071 0.608246 0.287970
v 0.007071 0.602604 0.296013
v 0.000000 0.605861 0.286270
v 0.000000 0.600177 0.294373
v -0.007071 0.608246 0.287970
v -0.007071 0.602604 0.296013
v -0.010000 0.614003 0.292075
v -0.010000 0.608462 0.299972
v -0.007071 0.619761 0.296180
v -0.007071 0.614321 0.303931
v 0.000000 0.622146 0.297880
v 0.000000 0.616748 0.305571
v 0.007071 0.619761 0.296180
v 0.007071 0.614321 0.303931
v 0.010000 0.608462 0.299972
v 0.010000 0.602973 0.307899
v 0.007071 0.602604 0.296013
v 0.007071 0.597016 0.304088
v 0.000000 0.600177 0.294373
v 0.000000 0.594549 0.302510
v -0.007071 0.602604 0.296013
v -0.007071 0.597016 0.304088
v -0.010000 0.608462 0.299972
v -0.010000 0.602973 0.307899
v -0.007071 0.614321 0.303931
v -0.007071 0.608930 0.311709
v 0.000000 0.616748 0.305571
v 0.000000 0.611397 0.313287
v 0.007071 0.614321 0.303931
v 0.007071 0.608930 0.311709
v 0.010000 0.602973 0.307899
v 0.010000 0.598112 0.316192
v 0.007071 0.597016 0.304088
v 0.007071 0.592053 0.312547
v 0.000000 0.594549 0.302510
v 0.000000 0.589543 0.311037
v -0.007071 0.597016 0.304088
v -0.007071 0.592053 0.312547
v -0.010000 0.602973 0.307899
v -0.010000 0.598112 0.316192
v -0.007071 0.608930 0.311709
v -0.007071 0.604172 0.319837
v 0.000000 0.611397 0.313287
v 0.000000 0.606681 0.321347
v 0.007071 0.608930 0.311709
v 0.007071 0.604172 0.319837
v 0.010000 0.598112 0.316192
v 0.010000 0.593243 0.324480
v 0.007071 0.592053 0.312547
v 0.007071 0.587086 0.321003
v 0.000000 0.589543 0.311037
v 0.000000 0.584535 0.319563
v -0.007071 0.592053 0.312547
v -0.007071 0.587086 0.321003
v -0.010000 0.598112 0.316192
v -0.010000 0.593243 0.324480
v -0.007071 0.604172 0.319837
v -0.007071 0.599400 0.327958
v 0.000000 0.606681 0.321347
v 0.000000 0.601950 0.329398
v 0.007071 0.604172 0.319837
v 0.007071 0.599400 0.327958
v 0.010000 0.593243 0.324480
v 0.010000 0.588363 0.332763
v 0.007071 0.587086 0.321003
v 0.007071 0.582113 0.329456
v 0.000000 0.584535 0.319563
v 0.000000 0.579524 0.328087
v -0.007071 0.587086 0.321003
v -0.007071 0.582113 0.329456
v -0.010000 0.593243 0.324480
v -0.010000 0.588363 0.332763
v -0.007071 0.599400 0.327958
v -0.007071 0.594614 0.336070
v 0.000000 0.601950 0.329398
v 0.000000 0.597202 0.337440
v 0.007071 0.599400 0.327958
v 0.007071 0.594614 0.336070
v 0.010000 0.588363 0.332763
v 0.010000 0.584263 0.341427
v 0.007071 0.582113 0.329456
v 0.007071 0.577919 0.338305
v 0.000000 0.579524 0.328087
v 0.000000 0.575291 0.337012
v -0.007071 0.582113 0.329456
v -0.007071 0.577919 0.338305
v -0.010000 0.588363 0.332763
v -0.010000 0.584263 0.341427
v -0.007071 0.594614 0.336070
v -0.007071 0.590608 0.344549
v 0.000000 0.597202 0.337440
v 0.000000 0.593236 0.345842
v 0.007071 0.594614 0.336070
v 0.007071 0.590608 0.344549
v 0.010000 0.584263 0.341427
v 0.010000 0.580176 0.350097
v 0.007071 0.577919 0.338305
v 0.007071 0.573742 0.347163
v 0.000000 0.575291 0.337012
v 0.000000 0.571078 0.345948
v -0.007071 0.577919 0.338305
v -0.007071 0.573742 0.347163
v -0.010000 0.584263 0.341427
v -0.010000 0.580176 0.350097
v -0.007071 0.590608 0.344549
v -0.007071 0.586610 0.353031
v 0.000000 0.593236 0.345842
v 0.000000 0.589275 0.354247
v 0.007071 0.590608 0.344549
v 0.007071 0.586610 0.353031
v 0.010000 0.580176 0.350097
v 0.010000 0.576078 0.358763
v 0.007071 0.573742 0.347163
v 0.007071 0.569561 0.356019
v 0.000000 0.571078 0.345948
v 0.000000 0.566861 0.354883
v -0.007071 0.573742 0.347163
v -0.007071 0.569561 0.356019
v -0.010000 0.580176 0.350097
v -0.010000 0.576078 0.358763
v -0.007071 0.586610 0.353031
v -0.007071 0.582595 0.361506
v 0.000000 0.589275 0.354247
v 0.000000 0.585295 0.362642
v 0.007071 0.586610 0.353031
v 0.007071 0.582595 0.361506
v 0.010000 0.576078 0.358763
v 0.010000 0.572654 0.367692
v 0.007071 0.569561 0.356019
v 0.007071 0.566057 0.365147
v 0.000000 0.566861 0.354883
v 0.000000 0.563324 0.364093
v -0.007071 0.569561 0.356019
v -0.007071 0.566057 0.365147
v -0.010000 0.576078 0.358763
v -0.010000 0.572654 0.367692
v -0.007071 0.582595 0.361506
v -0.007071 0.579251 0.370236
v 0.000000 0.585295 0.362642
v 0.000000 0.581984 0.371290
v 0.007071 0.582595 0.361506
v 0.007071 0.579251 0.370236
v 0.010000 0.572654 0.367692
v 0.010000 0.569459 0.376711
v 0.007071 0.566057 0.365147
v 0.007071 0.562787 0.374370
v 0.000000 0.563324 0.364093
v 0.000000 0.560023 0.373400
v -0.007071 0.566057 0.365147
v -0.007071 0.562787 0.374370
v -0.010000 0.572654 0.367692
v -0.010000 0.569459 0.376711
v -0.007071 0.579251 0.370236
v -0.007071 0.576131 0.379052
v 0.000000 0.581984 0.371290
v 0.000000 0.578895 0.380022
v 0.007071 0.579251 0.370236
v 0.007071 0.576131 0.379052
v 0.010000 0.569459 0.376711
v 0.010000 0.566252 0.385726
v 0.007071 0.562787 0.374370
v 0.007071 0.559511 0.383590
v 0.000000 0.560023 0.373400
v 0.000000 0.556719 0.382705
v -0.007071 0.562787 0.374370
v -0.007071 0.559511 0.383590
v -0.010000 0.569459 0.376711
v -0.010000 0.566252 0.385726
v -0.007071 0.576131 0.379052
v -0.007071 0.572993 0.387861
v 0.000000 0.578895 0.380022
v 0.000000 0.575785 0.388746
v 0.007071 0.576131 0.379052
v 0.007071 0.572993 0.387861
v 0.010000 0.566252 0.385726
v 0.010000 0.563410 0.394847
v 0.007071 0.559511 0.383590
v 0.007071 0.556607 0.392919
v 0.000000 0.556719 0.382705
v 0.000000 0.553789 0.392121
v -0.007071 0.559511 0.383590
v -0.007071 0.556607 0.392919
v -0.010000 0.566252 0.385726
v -0.010000 0.563410 0.394847
v -0.007071 0.572993 0.387861
v -0.007071 0.570213 0.396775
v 0.000000 0.575785 0.388746
v 0.000000 0.573031 0.397573
v 0.007071 0.572993 0.387861
v 0.007071 0.570213 0.396775
v 0.010000 0.563410 0.394847
v 0.010000 0.561203 0.404155
v 0.007071 0.556607 0.392919
v 0.007071 0.554344 0.402438
v 0.000000 0.553789 0.392121
v 0.000000 0.551503 0.401726
v -0.007071 0.556607 0.392919
v -0.007071 0.554344 0.402438
v -0.010000 0.563410 0.394847
v -0.010000 0.561203 0.404155
v -0.007071 0.570213 0.396775
v -0.007071 0.568063 0.405872
v 0.000000 0.573031 0.397573
v 0.000000 0.570904 0.406584
v 0.007071 0.570213 0.396775
v 0.007071 0.568063 0.405872
v 0.010000 0.561203 0.404155
v 0.010000 0.558984 0.413460
v 0.007071 0.554344 0.402438
v 0.007071 0.552075 0.411954
v 0.000000 0.551503 0.401726
v 0.000000 0.549213 0.411331
v -0.007071 0.554344 0.402438
v -0.007071 0.552075 0.411954
v -0.010000 0.561203 0.404155
v -0.010000 0.558984 0.413460
v -0.007071 0.568063 0.405872
v -0.007071 0.565893 0.414965
v 0.000000 0.570904 0.406584
v 0.000000 0.568754 0.415588
v 0.007071 0.568063 0.405872
v 0.007071 0.565893 0.414965
v 0.010000 0.558984 0.413460
v 0.010000 0.556751 0.422761
v 0.007071 0.552075 0.411954
v 0.007071 0.549799 0.421470
v 0.000000 0.549213 0.411331
v 0.000000 0.546919 0.420935
v -0.007071 0.552075 0.411954
v -0.007071 0.549799 0.421470
v -0.010000 0.558984 0.413460
v -0.010000 0.556751 0.422761
v -0.007071 0.565893 0.414965
v -0.007071 0.563703 0.424053
v 0.000000 0.568754 0.415588
v 0.000000 0.566583 0.424588
v 0.007071 0.565893 0.414965
v 0.007071 0.563703 0.424053
v 0.010000 0.556751 0.422761
v 0.010000 0.555405 0.432234
v 0.007071 0.549799 0.421470
v 0.007071 0.548417 0.431152
v 0.000000 0.546919 0.420935
v 0.000000 0.545523 0.430704
v -0.007071 0.549799 0.421470
v -0.007071 0.548417 0.431152
v -0.010000 0.556751 0.422761
v -0.010000 0.555405 0.432234
v -0.007071 0.563703 0.424053
v -0.007071 0.562392 0.433317
v 0.000000 0.566583 0.424588
v 0.000000 0.565287 0.433765
v 0.007071 0.563703 0.424053
v 0.007071 0.562392 0.433317
v 0.010000 0.555405 0.432234
v 0.010000 0.554243 0.441744
v 0.007071 0.548417 0.431152
v 0.007071 0.547226 0.440870
v 0.000000 0.545523 0.430704
v 0.000000 0.544320 0.440508
v -0.007071 0.548417 0.431152
v -0.007071 0.547226 0.440870
v -0.010000 0.555405 0.432234
v -0.010000 0.554243 0.441744
v -0.007071 0.562392 0.433317
v -0.007071 0.561260 0.442617
v 0.000000 0.565287 0.433765
v 0.000000 0.564167 0.442979
v 0.007071 0.562392 0.433317
v 0.007071 0.561260 0.442617
v 0.010000 0.554243 0.441744
v 0.010000 0.553069 0.451252
v 0.007071 0.547226 0.440870
v 0.007071 0.546029 0.450587
v 0.000000 0.544320 0.440508
v 0.000000 0.543113 0.450312
v -0.007071 0.547226 0.440870
v -0.007071 0.546029 0.450587
v -0.010000 0.554243 0.441744
v -0.010000 0.553069 0.451252
v -0.007071 0.561260 0.442617
v -0.007071 0.560109 0.451916
v 0.000000 0.564167 0.442979
v 0.000000 0.563025 0.452191
v 0.007071 0.561260 0.442617
v 0.007071 0.560109 0.451916
v 0.010000 0.553069 0.451252
v 0.010000 0.551935 0.460763
v 0.007071 0.546029 0.450587
v 0.007071 0.544879 0.460308
v 0.000000 0.543113 0.450312
v 0.000000 0.541956 0.460120
v -0.007071 0.546029 0.450587
v -0.007071 0.544879 0.460308
v -0.010000 0.553069 0.451252
v -0.010000 0.551935 0.460763
v -0.007071 0.560109 0.451916
v -0.007071 0.558992 0.461218
v 0.000000 0.563025 0.452191
v 0.000000 0.561915 0.461406
v 0.007071 0.560109 0.451916
v 0.007071 0.558992 0.461218
v 0.010000 0.551935 0.460763
v 0.010000 0.551865 0.470374
v 0.007071 0.544879 0.460308
v 0.007071 0.544799 0.470114
v 0.000000 0.541956 0.460120
v 0.000000 0.541872 0.470007
v -0.007071 0.544879 0.460308
v -0.007071 0.544799 0.470114
v -0.010000 0.551935 0.460763
v -0.010000 0.551865 0.470374
v -0.007071 0.558992 0.461218
v -0.007071 0.558931 0.470634
v 0.000000 0.561915 0.461406
v 0.000000 0.561858 0.470741
v 0.007071 0.558992 0.461218
v 0.007071 0.558931 0.470634
v 0.010000 0.551865 0.470374
v 0.010000 0.551784 0.479985
v 0.007071 0.544799 0.470114
v 0.007071 0.544713 0.479920
v 0.000000 0.541872 0.470007
v 0.000000 0.541784 0.479893
v -0.007071 0.544799 0.470114
v -0.007071 0.544713 0.479920
v -0.010000 0.551865 0.470374
v -0.010000 0.551784 0.479985
v -0.007071 0.558931 0.470634
v -0.007071 0.558854 0.480049
v 0.000000 0.561858 0.470741
v 0.000000 0.561783 0.480076
v 0.007071 0.558931 0.470634
v 0.007071 0.558854 0.480049
v 0.010000 0.551784 0.479985
v 0.010000 0.551692 0.489595
v 0.007071 0.544713 0.479920
v 0.007071 0.544622 0.489726
v 0.000000 0.541784 0.479893
v 0.000000 0.541693 0.489780
v -0.007071 0.544713 0.479920
v -0.007071 0.544622 0.489726
v -0.010000 0.551784 0.479985
v -0.010000 0.551692 0.489595
v -0.007071 0.558854 0.480049
v -0.007071 0.558762 0.489464
v 0.000000 0.561783 0.480076
v 0.000000 0.561690 0.489410
v 0.007071 0.558854 0.480049
v 0.007071 0.558762 0.489464
v 0.010000 0.551692 0.489595
v 0.010000 0.551589 0.499206
v 0.007071 0.544622 0.489726
v 0.007071 0.544526 0.499532
v 0.000000 0.541693 0.489780
v 0.000000 0.541600 0.499666
v -0.007071 0.544622 0.489726
v -0.007071 0.544526 0.499532
v -0.010000 0.551692 0.489595
v -0.010000 0.551589 0.499206
v -0.007071 0.558762 0.489464
v -0.007071 0.558653 0.498880
v 0.000000 0.561690 0.489410
v 0.000000 0.561579 0.498745
v 0.007071 0.558762 0.489464
v 0.007071 0.558653 0.498880
v 0.010000 0.551589 0.499206
v 0.010000 0.551499 0.509200
v 0.007071 0.544526 0.499532
v 0.007071 0.544435 0.509528
v 0.000000 0.541600 0.499666
v 0.000000 0.541510 0.509665
v -0.007071 0.544526 0.499532
v -0.007071 0.544435 0.509528
v -0.010000 0.551589 0.499206
v -0.010000 0.551499 0.509200
v -0.007071 0.558653 0.498880
v -0.007071 0.558562 0.508871
v 0.000000 0.561579 0.498745
v 0.000000 0.561488 0.508735
v 0.007071 0.558653 0.498880
v 0.007071 0.558562 0.508871
v -0.006663 0.895800 -0.054553
v 0.001746 0.897011 -0.054486
v -0.005721 0.890191 -0.052284
v 0.002528 0.891375 -0.052223
v -0.005248 0.887820 -0.046658
v 0.002817 0.888968 -0.046601
v -0.005520 0.890075 -0.040972
v 0.002443 0.891201 -0.040911
v -0.006379 0.895635 -0.038556
v 0.001626 0.896764 -0.038488
v -0.007321 0.901243 -0.040825
v 0.000845 0.902400 -0.040751
v -0.007794 0.903615 -0.046451
v 0.000556 0.904806 -0.046374
v -0.007522 0.901360 -0.052137
v 0.000929 0.902574 -0.052063
v 0.001746 0.897011 -0.054486
v 0.009658 0.898093 -0.054319
v 0.002528 0.891375 -0.052223
v 0.010448 0.892455 -0.052065
v 0.002817 0.888968 -0.046601
v 0.010710 0.890037 -0.046445
v 0.002443 0.891201 -0.040911
v 0.010291 0.892254 -0.040754
v 0.001626 0.896764 -0.038488
v 0.009437 0.897809 -0.038323
v 0.000845 0.902400 -0.040751
v 0.008648 0.903447 -0.040578
v 0.000556 0.904806 -0.046374
v 0.008385 0.905865 -0.046197
v 0.000929 0.902574 -0.052063
v 0.008804 0.903647 -0.051889
v 0.009658 0.898093 -0.054319
v 0.017290 0.899289 -0.054207
v 0.010448 0.892455 -0.052065
v 0.018177 0.893663 -0.051959
v 0.010710 0.890037 -0.046445
v 0.018462 0.891240 -0.046343
v 0.010291 0.892254 -0.040754
v 0.017980 0.893439 -0.040649
v 0.009437 0.897809 -0.038323
v 0.017011 0.898972 -0.038212
v 0.008648 0.903447 -0.040578
v 0.016124 0.904598 -0.040460
v 0.008385 0.905865 -0.046197
v 0.015838 0.907021 -0.046076
v 0.008804 0.903647 -0.051889
v 0.016321 0.904822 -0.051770
v 0.017290 0.899289 -0.054207
v 0.025132 0.900689 -0.053946
v 0.018177 0.893663 -0.051959
v 0.026046 0.895064 -0.051707
v 0.018462 0.891240 -0.046343
v 0.026185 0.892605 -0.046101
v 0.017980 0.893439 -0.040649
v 0.025468 0.894753 -0.040412
v 0.017011 0.898972 -0.038212
v 0.024316 0.900249 -0.037973
v 0.016124 0.904598 -0.040460
v 0.023402 0.905874 -0.040212
v 0.015838 0.907021 -0.046076
v 0.023263 0.908333 -0.045818
v 0.016321 0.904822 -0.051770
v 0.023979 0.906185 -0.051506
v 0.025132 0.900689 -0.053946
v 0.033418 0.902315 -0.053163
v 0.026046 0.895064 -0.051707
v 0.034211 0.896662 -0.050949
v 0.026185 0.892605 -0.046101
v 0.033869 0.894098 -0.045399
v 0.025468 0.894753 -0.040412
v 0.032591 0.896126 -0.039765
v 0.024316 0.900249 -0.037973
v 0.031128 0.901557 -0.037346
v 0.023402 0.905874 -0.040212
v 0.030335 0.907210 -0.039560
v 0.023263 0.908333 -0.045818
v 0.030677 0.909774 -0.045110
v 0.023979 0.906185 -0.051506
v 0.031955 0.907746 -0.050745
v 0.033418 0.902315 -0.053163
v 0.042696 0.904246 -0.050652
v 0.034211 0.896662 -0.050949
v 0.042993 0.898486 -0.048597
v 0.033869 0.894098 -0.045399
v 0.041368 0.895646 -0.043421
v 0.032591 0.896126 -0.039765
v 0.038771 0.897390 -0.038158
v 0.031128 0.901557 -0.037346
v 0.036725 0.902697 -0.035889
v 0.030335 0.907210 -0.039560
v 0.036427 0.908457 -0.037945
v 0.030677 0.909774 -0.045110
v 0.038052 0.911296 -0.043120
v 0.031955 0.907746 -0.050745
v 0.040649 0.909552 -0.048384
v 0.042696 0.904246 -0.050652
v 0.052324 0.906137 -0.044012
v 0.042993 0.898486 -0.048597
v 0.051705 0.900197 -0.042659
v 0.041368 0.895646 -0.043421
v 0.047990 0.896946 -0.039037
v 0.038771 0.897390 -0.038158
v 0.043356 0.898288 -0.035267
v 0.036725 0.902697 -0.035889
v 0.040516 0.903436 -0.033558
v 0.036427 0.908457 -0.037945
v 0.041135 0.909375 -0.034911
v 0.038052 0.911296 -0.043120
v 0.044850 0.912627 -0.038533
v 0.040649 0.909552 -0.048384
v 0.049484 0.911285 -0.042303
v 0.052324 0.906137 -0.044012
v 0.057547 0.906610 -0.033198
v 0.051705 0.900197 -0.042659
v 0.056360 0.900609 -0.032943
v 0.047990 0.896946 -0.039037
v 0.051446 0.897221 -0.031577
v 0.043356 0.898288 -0.035267
v 0.045683 0.898432 -0.029901
v 0.040516 0.903436 -0.033558
v 0.042447 0.903532 -0.028896
v 0.041135 0.909375 -0.034911
v 0.043633 0.909533 -0.029151
v 0.044850 0.912627 -0.038533
v 0.048548 0.912921 -0.030517
v 0.049484 0.911285 -0.042303
v 0.054311 0.911710 -0.032193
v 0.057547 0.906610 -0.033198
v 0.058963 0.906030 -0.023005
v 0.056360 0.900609 -0.032943
v 0.057671 0.900062 -0.023456
v 0.051446 0.897221 -0.031577
v 0.052532 0.896733 -0.023467
v 0.045683 0.898432 -0.029901
v 0.046556 0.897994 -0.023033
v 0.042447 0.903532 -0.028896
v 0.043244 0.903106 -0.022406
v 0.043633 0.909533 -0.029151
v 0.044536 0.909074 -0.021955
v 0.048548 0.912921 -0.030517
v 0.049675 0.912402 -0.021943
v 0.054311 0.911710 -0.032193
v 0.055651 0.911141 -0.022378
v 0.058963 0.906030 -0.023005
v 0.058749 0.905003 -0.013833
v 0.057671 0.900062 -0.023456
v 0.057468 0.899073 -0.014665
v 0.052532 0.896733 -0.023467
v 0.052336 0.895812 -0.015382
v 0.046556 0.897994 -0.023033
v 0.046359 0.897129 -0.015562
v 0.043244 0.903106 -0.022406
v 0.043038 0.902252 -0.015101
v 0.044536 0.909074 -0.021955
v 0.044319 0.908182 -0.014269
v 0.049675 0.912402 -0.021943
v 0.049451 0.911443 -0.013553
v 0.055651 0.911141 -0.022378
v 0.055428 0.910126 -0.013372
v 0.058749 0.905003 -0.013833
v 0.057852 0.903744 -0.005051
v 0.057468 0.899073 -0.014665
v 0.056606 0.897857 -0.006182
v 0.052336 0.895812 -0.015382
v 0.051506 0.894634 -0.007227
v 0.046359 0.897129 -0.015562
v 0.045539 0.895964 -0.007574
v 0.043038 0.902252 -0.015101
v 0.042201 0.901067 -0.007020
v 0.044319 0.908182 -0.014269
v 0.043447 0.906954 -0.005889
v 0.049451 0.911443 -0.013553
v 0.048547 0.910177 -0.004844
v 0.055428 0.910126 -0.013372
v 0.054514 0.908847 -0.004497
v 0.057852 0.903744 -0.005051
v 0.056623 0.902304 0.003635
v 0.056606 0.897857 -0.006182
v 0.055411 0.896478 0.002194
v 0.051506 0.894634 -0.007227
v 0.050321 0.893265 0.001071
v 0.045539 0.895964 -0.007574
v 0.044336 0.894547 0.000922
v 0.042201 0.901067 -0.007020
v 0.040961 0.899573 0.001835
v 0.043447 0.906954 -0.005889
v 0.042173 0.905400 0.003276
v 0.048547 0.910177 -0.004844
v 0.047263 0.908613 0.004400
v 0.054514 0.908847 -0.004497
v 0.053248 0.907331 0.004548
v 0.056623 0.902304 0.003635
v 0.056464 0.899470 0.013011
v 0.055411 0.896478 0.002194
v 0.055282 0.893832 0.010936
v 0.050321 0.893265 0.001071
v 0.050199 0.890608 0.009814
v 0.044336 0.894547 0.000922
v 0.044192 0.891687 0.010303
v 0.040961 0.899573 0.001835
v 0.040779 0.896436 0.012117
v 0.042173 0.905400 0.003276
v 0.041961 0.902075 0.014192
v 0.047263 0.908613 0.004400
v 0.047044 0.905298 0.015313
v 0.053248 0.907331 0.004548
v 0.053051 0.904220 0.014824
v 0.056464 0.899470 0.013011
v 0.056638 0.895436 0.022147
v 0.055282 0.893832 0.010936
v 0.055459 0.890071 0.019442
v 0.050199 0.890608 0.009814
v 0.050377 0.887007 0.017935
v 0.044192 0.891687 0.010303
v 0.044369 0.888038 0.018508
v 0.040779 0.896436 0.012117
v 0.040954 0.892560 0.020827
v 0.041961 0.902075 0.014192
v 0.042133 0.897925 0.023532
v 0.047044 0.905298 0.015313
v 0.047215 0.900990 0.025039
v 0.053051 0.904220 0.014824
v 0.053223 0.899959 0.024465
v 0.056638 0.895436 0.022147
v 0.056409 0.890217 0.031106
v 0.055459 0.890071 0.019442
v 0.055263 0.885247 0.027719
v 0.050377 0.887007 0.017935
v 0.050211 0.882577 0.025518
v 0.044369 0.888038 0.018508
v 0.044212 0.883772 0.025795
v 0.040954 0.892560 0.020827
v 0.040780 0.888131 0.028386
v 0.042133 0.897925 0.023532
v 0.041926 0.893101 0.031773
v 0.047215 0.900990 0.025039
v 0.046978 0.895771 0.033973
v 0.053223 0.899959 0.024465
v 0.052977 0.894576 0.033697
v 0.056409 0.890217 0.031106
v 0.054865 0.883767 0.039736
v 0.055263 0.885247 0.027719
v 0.053874 0.879346 0.035617
v 0.050211 0.882577 0.025518
v 0.049038 0.877455 0.032374
v 0.044212 0.883772 0.025795
v 0.043188 0.879202 0.031905
v 0.040780 0.888131 0.028386
v 0.039752 0.883563 0.034486
v 0.041926 0.893101 0.031773
v 0.040742 0.887984 0.038604
v 0.046978 0.895771 0.033973
v 0.045579 0.889875 0.041848
v 0.052977 0.894576 0.033697
v 0.051428 0.888129 0.042317
v 0.054865 0.883767 0.039736
v 0.050567 0.876521 0.047139
v 0.053874 0.879346 0.035617
v 0.049972 0.872742 0.042358
v 0.049038 0.877455 0.032374
v 0.045875 0.872064 0.037859
v 0.043188 0.879202 0.031905
v 0.040675 0.874884 0.036277
v 0.039752 0.883563 0.034486
v 0.037419 0.879550 0.038539
v 0.040742 0.887984 0.038604
v 0.038014 0.883328 0.043320
v 0.045579 0.889875 0.041848
v 0.042111 0.884007 0.047819
v 0.051428 0.888129 0.042317
v 0.047311 0.881187 0.049401
v 0.050567 0.876521 0.047139
v 0.043566 0.870124 0.052045
v 0.049972 0.872742 0.042358
v 0.043501 0.866826 0.046886
v 0.045875 0.872064 0.037859
v 0.040634 0.867277 0.041495
v 0.040675 0.874884 0.036277
v 0.036644 0.871213 0.039029
v 0.037419 0.879550 0.038539
v 0.033868 0.876328 0.040934
v 0.038014 0.883328 0.043320
v 0.033933 0.879625 0.046092
v 0.042111 0.884007 0.047819
v 0.036800 0.879174 0.051483
v 0.047311 0.881187 0.049401
v 0.040790 0.875239 0.053949
v 0.043566 0.870124 0.052045
v 0.035463 0.865495 0.054562
v 0.043501 0.866826 0.046886
v 0.035807 0.862427 0.049274
v 0.040634 0.867277 0.041495
v 0.034079 0.863535 0.043505
v 0.036644 0.871213 0.039029
v 0.031291 0.868170 0.040635
v 0.033868 0.876328 0.040934
v 0.029077 0.873617 0.042345
v 0.033933 0.879625 0.046092
v 0.028734 0.876685 0.047632
v 0.036800 0.879174 0.051483
v 0.030461 0.875577 0.053401
v 0.040790 0.875239 0.053949
v 0.033249 0.870942 0.056271
v 0.035463 0.865495 0.054562
v 0.027207 0.862327 0.055581
v 0.035807 0.862427 0.049274
v 0.027786 0.859345 0.050264
v 0.034079 0.863535 0.043505
v 0.026848 0.860761 0.044381
v 0.031291 0.868170 0.040635
v 0.024944 0.865745 0.041378
v 0.029077 0.873617 0.042345
v 0.023187 0.871378 0.043014
v 0.028734 0.876685 0.047632
v 0.022609 0.874360 0.048330
v 0.030461 0.875577 0.053401
v 0.023547 0.872944 0.054213
v 0.033249 0.870942 0.056271
v 0.025451 0.867960 0.057216
v 0.027207 0.862327 0.055581
v 0.019011 0.860056 0.055813
v 0.027786 0.859345 0.050264
v 0.019722 0.857105 0.050496
v 0.026848 0.860761 0.044381
v 0.019319 0.858668 0.044589
v 0.024944 0.865745 0.041378
v 0.018038 0.863829 0.041554
v 0.023187 0.871378 0.043014
v 0.016629 0.869565 0.043168
v 0.022609 0.874360 0.048330
v 0.015918 0.872516 0.048486
v 0.023547 0.872944 0.054213
v 0.016321 0.870953 0.054392
v 0.025451 0.867960 0.057216
v 0.017603 0.865792 0.057427
v 0.019011 0.860056 0.055813
v 0.010872 0.858293 0.055636
v 0.019722 0.857105 0.050496
v 0.011664 0.855353 0.050324
v 0.019319 0.858668 0.044589
v 0.011646 0.856991 0.044425
v 0.018037 0.863829 0.041554
v 0.010828 0.862248 0.041393
v 0.016629 0.869565 0.043168
v 0.009690 0.868044 0.043006
v 0.015918 0.872516 0.048486
v 0.008898 0.870984 0.048318
v 0.016321 0.870953 0.054392
v 0.008916 0.869346 0.054218
v 0.017603 0.865792 0.057427
v 0.009734 0.864089 0.057249
v 0.010872 0.858293 0.055636
v 0.002809 0.857139 0.055018
v 0.011664 0.855353 0.050324
v 0.003643 0.854201 0.049711
v 0.011646 0.856991 0.044425
v 0.003813 0.855864 0.043821
v 0.010828 0.862248 0.041393
v 0.003221 0.861156 0.040798
v 0.009690 0.868044 0.043006
v 0.002212 0.866975 0.042412
v 0.008898 0.870984 0.048318
v 0.001378 0.869914 0.047719
v 0.008916 0.869346 0.054218
v 0.001208 0.868250 0.053609
v 0.009734 0.864089 0.057249
v 0.001800 0.862959 0.056632
v 0.002809 0.857139 0.055018
v -0.005293 0.856047 0.054323
v 0.003643 0.854201 0.049711
v -0.004400 0.853110 0.049026
v 0.003813 0.855864 0.043821
v -0.004075 0.854788 0.043146
v 0.003221 0.861156 0.040798
v -0.004507 0.860099 0.040129
v 0.002212 0.866975 0.042412
v -0.005445 0.865930 0.041742
v 0.001378 0.869914 0.047719
v -0.006338 0.868867 0.047040
v 0.001208 0.868250 0.053609
v -0.006663 0.867189 0.052919
v 0.001800 0.862959 0.056632
v -0.006231 0.861879 0.055936
v -0.005293 0.856047 0.054323
v -0.013542 0.855009 0.053462
v -0.004400 0.853110 0.049026
v -0.012529 0.852080 0.048181
v -0.004075 0.854788 0.043146
v -0.012105 0.853762 0.042309
v -0.004507 0.860099 0.040129
v -0.012517 0.859070 0.039285
v -0.005445 0.865930 0.041742
v -0.013525 0.864895 0.040881
v -0.006338 0.868867 0.047040
v -0.014538 0.867824 0.046162
v -0.006663 0.867189 0.052919
v -0.014962 0.866142 0.052034
v -0.006231 0.861879 0.055936
v -0.014550 0.860834 0.055057
v -0.013542 0.855009 0.053462
v -0.022292 0.853671 0.052345
v -0.012529 0.852080 0.048181
v -0.020969 0.850780 0.047112
v -0.012105 0.853762 0.042309
v -0.020335 0.852484 0.041265
v -0.012517 0.859070 0.039285
v -0.020762 0.857784 0.038229
v -0.013525 0.864895 0.040881
v -0.022000 0.863576 0.039782
v -0.014538 0.867824 0.046162
v -0.023323 0.866467 0.045015
v -0.014962 0.866142 0.052034
v -0.023957 0.864763 0.050862
v -0.014550 0.860834 0.055057
v -0.023530 0.859463 0.053898
v -0.022292 0.853671 0.052345
v -0.032545 0.851784 0.050155
v -0.020969 0.850780 0.047112
v -0.030372 0.849040 0.045131
v -0.020335 0.852484 0.041265
v -0.028929 0.850882 0.039473
v -0.020762 0.857784 0.038229
v -0.029060 0.856231 0.036495
v -0.022000 0.863576 0.039782
v -0.030689 0.861953 0.037942
v -0.023323 0.866467 0.045015
v -0.032861 0.864697 0.042967
v -0.023957 0.864763 0.050862
v -0.034304 0.862855 0.048625
v -0.023530 0.859463 0.053898
v -0.034173 0.857506 0.051602
v -0.032545 0.851784 0.050155
v -0.046587 0.849008 0.041124
v -0.030372 0.849040 0.045131
v -0.042009 0.846721 0.037762
v -0.028929 0.850882 0.039473
v -0.037755 0.849095 0.034053
v -0.029060 0.856231 0.036495
v -0.036317 0.854741 0.032169
v -0.030689 0.861953 0.037942
v -0.038537 0.860350 0.033215
v -0.032861 0.864697 0.042967
v -0.043114 0.862638 0.036577
v -0.034304 0.862855 0.048625
v -0.047368 0.860264 0.040286
v -0.034173 0.857506 0.051602
v -0.048807 0.854618 0.042169
v -0.046587 0.849008 0.041124
v -0.052217 0.849222 0.026211
v -0.042009 0.846721 0.037762
v -0.046624 0.846927 0.025235
v -0.037755 0.849095 0.034053
v -0.040993 0.849289 0.024787
v -0.036317 0.854741 0.032169
v -0.038621 0.854924 0.025128
v -0.038537 0.860350 0.033215
v -0.040898 0.860530 0.026060
v -0.043114 0.862638 0.036577
v -0.046490 0.862825 0.027036
v -0.047368 0.860264 0.040286
v -0.052122 0.860464 0.027484
v -0.048807 0.854618 0.042169
v -0.054494 0.854829 0.027142
v -0.052217 0.849222 0.026211
v -0.052583 0.850848 0.016716
v -0.046624 0.846927 0.025235
v -0.046964 0.848461 0.016238
v -0.040993 0.849289 0.024787
v -0.041270 0.850663 0.016710
v -0.038621 0.854924 0.025128
v -0.038837 0.856163 0.017857
v -0.040898 0.860530 0.026060
v -0.041088 0.861740 0.019005
v -0.046490 0.862825 0.027036
v -0.046707 0.864127 0.019483
v -0.052122 0.860464 0.027484
v -0.052401 0.861925 0.019010
v -0.054494 0.854829 0.027142
v -0.054834 0.856425 0.017864
v -0.052583 0.850848 0.016716
v -0.052407 0.852705 0.008894
v -0.046964 0.848461 0.016238
v -0.046793 0.850308 0.008408
v -0.041270 0.850663 0.016710
v -0.041097 0.852454 0.009073
v -0.038837 0.856163 0.017857
v -0.038656 0.857885 0.010499
v -0.041088 0.861740 0.019005
v -0.040899 0.863420 0.011851
v -0.046707 0.864127 0.019483
v -0.046512 0.865816 0.012337
v -0.052401 0.861925 0.019010
v -0.052208 0.863670 0.011672
v -0.054834 0.856425 0.017864
v -0.054650 0.858239 0.010246
v -0.052407 0.852705 0.008894
v -0.052231 0.854634 0.001777
v -0.046793 0.850308 0.008408
v -0.046620 0.852287 0.001074
v -0.041097 0.852454 0.009073
v -0.040919 0.854438 0.001682
v -0.038656 0.857885 0.010499
v -0.038470 0.859827 0.003246
v -0.040899 0.863420 0.011851
v -0.040705 0.865297 0.004848
v -0.046512 0.865816 0.012337
v -0.046316 0.867644 0.005551
v -0.052208 0.863670 0.011672
v -0.052017 0.865493 0.004943
v -0.054650 0.858239 0.010246
v -0.054467 0.860104 0.003379
v -0.052231 0.854634 0.001777
v -0.052454 0.856703 -0.004469
v -0.046620 0.852287 0.001074
v -0.046864 0.854498 -0.005646
v -0.040919 0.854438 0.001682
v -0.041166 0.856701 -0.005235
v -0.038470 0.859827 0.003246
v -0.038697 0.862021 -0.003476
v -0.040705 0.865297 0.004848
v -0.040904 0.867342 -0.001400
v -0.046316 0.867644 0.005551
v -0.046493 0.869546 -0.000222
v -0.052017 0.865493 0.004943
v -0.052191 0.867344 -0.000633
v -0.054467 0.860104 0.003379
v -0.054660 0.862024 -0.002392
v -0.052454 0.856703 -0.004469
v -0.053100 0.859372 -0.010911
v -0.046864 0.854498 -0.005646
v -0.047546 0.857288 -0.012426
v -0.041166 0.856701 -0.005235
v -0.041844 0.859489 -0.012049
v -0.038697 0.862021 -0.003476
v -0.039336 0.864686 -0.010001
v -0.040904 0.867342 -0.001400
v -0.041490 0.869834 -0.007481
v -0.046493 0.869546 -0.000222
v -0.047045 0.871917 -0.005965
v -0.052191 0.867344 -0.000633
v -0.052746 0.869716 -0.006342
v -0.054660 0.862024 -0.002392
v -0.055254 0.864520 -0.008391
v -0.053100 0.859372 -0.010911
v -0.053853 0.862935 -0.018095
v -0.047546 0.857288 -0.012426
v -0.048306 0.860842 -0.019627
v -0.041844 0.859489 -0.012049
v -0.042573 0.862888 -0.018968
v -0.039336 0.864686 -0.010001
v -0.040011 0.867874 -0.016504
v -0.041490 0.869834 -0.007481
v -0.042122 0.872878 -0.013678
v -0.047045 0.871917 -0.005965
v -0.047669 0.874971 -0.012146
v -0.052746 0.869716 -0.006342
v -0.053402 0.872925 -0.012805
v -0.055254 0.864520 -0.008391
v -0.055963 0.867939 -0.015269
v -0.053853 0.862935 -0.018095
v -0.054108 0.867707 -0.026267
v -0.048306 0.860842 -0.019627
v -0.048566 0.865372 -0.027415
v -0.042573 0.862888 -0.018968
v -0.042820 0.866988 -0.026051
v -0.040011 0.867874 -0.016504
v -0.040236 0.871609 -0.022975
v -0.042122 0.872878 -0.013678
v -0.042328 0.876527 -0.019988
v -0.047669 0.874971 -0.012146
v -0.047870 0.878863 -0.018841
v -0.053402 0.872925 -0.012805
v -0.053617 0.877246 -0.020204
v -0.055963 0.867939 -0.015269
v -0.056200 0.872626 -0.023280
v -0.054108 0.867707 -0.026267
v -0.052018 0.874464 -0.035888
v -0.048566 0.865372 -0.027415
v -0.046720 0.871397 -0.036014
v -0.042820 0.866988 -0.026051
v -0.041284 0.872031 -0.033270
v -0.040236 0.871609 -0.022975
v -0.038893 0.875996 -0.029263
v -0.042328 0.876527 -0.019988
v -0.040948 0.880968 -0.026340
v -0.047870 0.878863 -0.018841
v -0.046246 0.884036 -0.026214
v -0.053617 0.877246 -0.020204
v -0.051682 0.883401 -0.028958
v -0.056200 0.872626 -0.023280
v -0.054073 0.879437 -0.032965
v -0.052018 0.874464 -0.035888
v -0.045232 0.882374 -0.045232
v -0.046720 0.871397 -0.036014
v -0.040916 0.878192 -0.044059
v -0.041284 0.872031 -0.033270
v -0.036663 0.877460 -0.039715
v -0.038893 0.875996 -0.029263
v -0.034965 0.880607 -0.034745
v -0.040948 0.880968 -0.026340
v -0.036816 0.885789 -0.032059
v -0.046246 0.884036 -0.026214
v -0.041132 0.889971 -0.033232
v -0.051682 0.883401 -0.028958
v -0.045385 0.890703 -0.037576
v -0.054073 0.879437 -0.032965
v -0.047083 0.887556 -0.042547
v -0.045232 0.882374 -0.045232
v -0.034818 0.888505 -0.050959
v -0.040916 0.878192 -0.044059
v -0.031877 0.883498 -0.049018
v -0.036663 0.877460 -0.039715
v -0.029208 0.881805 -0.043774
v -0.034965 0.880607 -0.034745
v -0.028375 0.884417 -0.038299
v -0.036816 0.885789 -0.032059
v -0.029866 0.889804 -0.035801
v -0.041132 0.889971 -0.033232
v -0.032808 0.894811 -0.037742
v -0.045385 0.890703 -0.037576
v -0.035476 0.896505 -0.042986
v -0.047083 0.887556 -0.042547
v -0.036309 0.893893 -0.048461
v -0.034818 0.888505 -0.050959
v -0.024299 0.892215 -0.053482
v -0.031877 0.883498 -0.049018
v -0.022394 0.886827 -0.051283
v -0.029208 0.881805 -0.043774
v -0.020880 0.884704 -0.045743
v -0.028375 0.884417 -0.038299
v -0.020642 0.887088 -0.040109
v -0.029866 0.889804 -0.035801
v -0.021820 0.892584 -0.037679
v -0.032808 0.894811 -0.037742
v -0.023724 0.897971 -0.039879
v -0.035476 0.896505 -0.042986
v -0.025239 0.900095 -0.045418
v -0.036309 0.893893 -0.048461
v -0.025477 0.897711 -0.051053
v -0.024299 0.892215 -0.053482
v -0.014457 0.894575 -0.054489
v -0.022394 0.886827 -0.051283
v -0.013245 0.889018 -0.052223
v -0.020880 0.884704 -0.045743
v -0.012480 0.886705 -0.046605
v -0.020642 0.887088 -0.040109
v -0.012612 0.888991 -0.040927
v -0.021820 0.892584 -0.037679
v -0.013563 0.894537 -0.038514
v -0.023724 0.897971 -0.039879
v -0.014776 0.900095 -0.040780
v -0.025239 0.900095 -0.045418
v -0.015540 0.902408 -0.046397
v -0.025477 0.897711 -0.051053
v -0.015408 0.900121 -0.052076
v -0.014457 0.894575 -0.054489
v -0.005616 0.895962 -0.054559
v -0.013245 0.889018 -0.052223
v -0.004711 0.890347 -0.052290
v -0.012480 0.886705 -0.046605
v -0.004277 0.887969 -0.046665
v -0.012612 0.888991 -0.040927
v -0.004568 0.890220 -0.040978
v -0.013563 0.894537 -0.038514
v -0.005415 0.895782 -0.038561
v -0.014776 0.900095 -0.040780
v -0.006320 0.901396 -0.040830
v -0.015540 0.902408 -0.046397
v -0.006754 0.903775 -0.046456
v -0.015408 0.900121 -0.052076
v -0.006463 0.901524 -0.052142
v -0.005616 0.895962 -0.054559
v 0.002690 0.897136 -0.054465
v -0.004711 0.890347 -0.052290
v 0.003470 0.891499 -0.052203
v -0.004277 0.887969 -0.046665
v 0.003754 0.889091 -0.046581
v -0.004568 0.890220 -0.040978
v 0.003376 0.891322 -0.040891
v -0.005415 0.895782 -0.038561
v 0.002557 0.896885 -0.038467
v -0.006320 0.901396 -0.040830
v 0.001777 0.902521 -0.040729
v -0.006754 0.903775 -0.046456
v 0.001492 0.904929 -0.046351
v -0.006463 0.901524 -0.052142
v 0.001871 0.902698 -0.052041
v 0.002690 0.897136 -0.054465
v 0.010562 0.898234 -0.054306
v 0.003470 0.891499 -0.052203
v 0.011363 0.892598 -0.052052
v 0.003754 0.889091 -0.046581
v 0.011627 0.890179 -0.046433
v 0.003376 0.891322 -0.040891
v 0.011201 0.892395 -0.040741
v 0.002557 0.896885 -0.038467
v 0.010333 0.897947 -0.038310
v 0.001777 0.902521 -0.040729
v 0.009532 0.903583 -0.040564
v 0.001492 0.904929 -0.046351
v 0.009267 0.906002 -0.046183
v 0.001871 0.902698 -0.052041
v 0.009694 0.903787 -0.051875
v 0.037091 -0.000575 -0.033451
v 0.037600 0.999552 -0.033457
v 0.033288 0.000124 0.037600
v 0.034473 0.999673 0.037174
v -0.035288 -0.000481 0.034279
v -0.036988 0.999729 0.034036
v -0.033055 -0.000434 -0.036220
v -0.033950 1.000119 -0.035973
v 0.035935 -0.000192 -0.010266
v 0.035073 0.000029 0.013927
v 0.034903 0.999723 0.013229
v 0.035754 0.999676 -0.010121
v 0.052565 0.342628 -0.042908
v 0.038584 0.668307 -0.045253
v 0.030439 0.670622 0.039847
v 0.039210 0.342240 0.029927
v 0.010402 0.000498 0.036287
v -0.012695 0.000265 0.034585
v -0.013293 0.999750 0.034935
v 0.010214 0.999474 0.035943
v -0.038925 0.676658 0.031813
v -0.036886 0.345847 0.038212
v -0.034537 -0.000995 0.011081
v -0.034343 -0.001052 -0.013485
v -0.033724 0.999513 -0.012401
v -0.036038 0.999618 0.010891
v -0.029033 0.665741 -0.051201
v -0.035881 0.343689 -0.046898
v -0.010201 -0.000664 -0.035284
v 0.012976 -0.000983 -0.033937
v 0.013409 0.999006 -0.034177
v -0.010321 0.999036 -0.034970
v -0.007078 0.344162 -0.046690
v 0.022831 0.343204 -0.045457
v -0.006861 0.667088 -0.049691
v 0.015544 0.667913 -0.047879
v -0.036630 0.346071 0.009059
v -0.036728 0.345492 -0.019149
v -0.035753 0.673235 0.003014
v -0.033005 0.668903 -0.024802
v 0.013743 0.343629 0.032974
v -0.012051 0.344811 0.035378
v 0.006600 0.673275 0.037023
v -0.016885 0.675341 0.034575
v 0.049254 0.342751 -0.018463
v 0.044394 0.342357 0.005873
v 0.036237 0.669105 -0.017643
v 0.033289 0.670222 0.011659
v 0.001883 0.889571 0.054926
v -0.006488 0.890782 0.054126
v 0.001142 0.883962 0.052583
v -0.007070 0.885146 0.051804
v 0.001161 0.881591 0.046938
v -0.006867 0.882739 0.046178
v 0.001928 0.883846 0.041298
v -0.005999 0.884972 0.040543
v 0.002994 0.889406 0.038966
v -0.004975 0.890535 0.038200
v 0.003735 0.895014 0.041308
v -0.004393 0.896171 0.040522
v 0.003716 0.897386 0.046953
v -0.004596 0.898577 0.046149
v 0.002949 0.895131 0.052594
v -0.005464 0.896345 0.051784
v -0.006488 0.890782 0.054126
v -0.014356 0.891864 0.053271
v -0.007070 0.885146 0.051804
v -0.014946 0.886226 0.050956
v -0.006867 0.882739 0.046178
v -0.014717 0.883808 0.045335
v -0.005999 0.884972 0.040543
v -0.013804 0.886025 0.039702
v -0.004975 0.890535 0.038200
v -0.012741 0.891580 0.037355
v -0.004393 0.896171 0.040522
v -0.012151 0.897218 0.039670
v -0.004596 0.898577 0.046149
v -0.012380 0.899636 0.045290
v -0.005464 0.896345 0.051784
v -0.013293 0.897418 0.050924
v -0.014356 0.891864 0.053271
v -0.021948 0.893060 0.052494
v -0.014946 0.886226 0.050956
v -0.022636 0.887434 0.050177
v -0.014717 0.883808 0.045335
v -0.022431 0.885011 0.044558
v -0.013804 0.886025 0.039702
v -0.021454 0.887210 0.038927
v -0.012741 0.891580 0.037355
v -0.020277 0.892743 0.036584
v -0.012151 0.897218 0.039670
v -0.019589 0.898369 0.038901
v -0.012380 0.899636 0.045290
v -0.019794 0.900792 0.044520
v -0.013293 0.897418 0.050924
v -0.020771 0.898593 0.050150
v -0.021948 0.893060 0.052494
v -0.029738 0.894460 0.051550
v -0.022636 0.887434 0.050177
v -0.030454 0.888835 0.049240
v -0.022431 0.885011 0.044558
v -0.030104 0.886376 0.043643
v -0.021454 0.887210 0.038927
v -0.028894 0.888524 0.038039
v -0.020277 0.892743 0.036584
v -0.027533 0.894020 0.035709
v -0.019589 0.898369 0.038901
v -0.026817 0.899645 0.038019
v -0.019794 0.900792 0.044520
v -0.027167 0.902104 0.043616
v -0.020771 0.898593 0.050150
v -0.028377 0.899956 0.049221
v -0.029738 0.894460 0.051550
v -0.037925 0.896086 0.050048
v -0.030454 0.888835 0.049240
v -0.038522 0.890433 0.047773
v -0.030104 0.886376 0.043643
v -0.037697 0.887869 0.042274
v -0.028894 0.888524 0.038039
v -0.035933 0.889897 0.036773
v -0.027533 0.894020 0.035709
v -0.034264 0.895328 0.034491
v -0.026817 0.899645 0.038019
v -0.033667 0.900981 0.036766
v -0.027167 0.902104 0.043616
v -0.034492 0.903545 0.042265
v -0.028377 0.899956 0.049221
v -0.036256 0.901517 0.047767
v -0.037925 0.896086 0.050048
v -0.046948 0.898017 0.046738
v -0.038522 0.890433 0.047773
v -0.047065 0.892257 0.044665
v -0.037697 0.887869 0.042274
v -0.044995 0.889417 0.039651
v -0.035933 0.889897 0.036773
v -0.041950 0.891161 0.034633
v -0.034264 0.895328 0.034491
v -0.039713 0.896468 0.032552
v -0.033667 0.900981 0.036766
v -0.039595 0.902228 0.034625
v -0.034492 0.903545 0.042265
v -0.041666 0.905067 0.039640
v -0.036256 0.901517 0.047767
v -0.044711 0.903323 0.044657
v -0.046948 0.898017 0.046738
v -0.055960 0.899908 0.039284
v -0.047065 0.892257 0.044665
v -0.055226 0.893968 0.037991
v -0.044995 0.889417 0.039651
v -0.051210 0.890717 0.034706
v -0.041950 0.891161 0.034633
v -0.046264 0.892059 0.031354
v -0.039713 0.896468 0.032552
v -0.043287 0.897207 0.029899
v -0.039595 0.902228 0.034625
v -0.044021 0.903146 0.031193
v -0.041666 0.905067 0.039640
v -0.048037 0.906398 0.034478
v -0.044711 0.903323 0.044657
v -0.052983 0.905056 0.037829
v -0.055960 0.899908 0.039284
v -0.060221 0.900381 0.028056
v -0.055226 0.893968 0.037991
v -0.059017 0.894380 0.027905
v -0.051210 0.890717 0.034706
v -0.054003 0.890992 0.026973
v -0.046264 0.892059 0.031354
v -0.048115 0.892203 0.025805
v -0.043287 0.897207 0.029899
v -0.044804 0.897303 0.025087
v -0.044021 0.903146 0.031193
v -0.046008 0.903304 0.025237
v -0.048037 0.906398 0.034478
v -0.051023 0.906692 0.026169
v -0.052983 0.905056 0.037829
v -0.056910 0.905481 0.027337
v -0.060221 0.900381 0.028056
v -0.060743 0.899801 0.017778
v -0.059017 0.894380 0.027905
v -0.059496 0.893833 0.018340
v -0.054003 0.890992 0.026973
v -0.054377 0.890504 0.018800
v -0.048115 0.892203 0.025805
v -0.048386 0.891765 0.018887
v -0.044804 0.897303 0.025086
v -0.045032 0.896877 0.018552
v -0.046008 0.903304 0.025237
v -0.046280 0.902845 0.017990
v -0.051023 0.906692 0.026169
v -0.051398 0.906173 0.017530
v -0.056910 0.905481 0.027337
v -0.057389 0.904912 0.017443
v -0.060743 0.899801 0.017778
v -0.059731 0.898774 0.008660
v -0.059496 0.893833 0.018340
v -0.058527 0.892844 0.009601
v -0.054377 0.890504 0.018800
v -0.053477 0.889583 0.010762
v -0.048386 0.891765 0.018887
v -0.047538 0.890899 0.011462
v -0.045032 0.896877 0.018552
v -0.044190 0.896023 0.011293
v -0.046280 0.902845 0.017990
v -0.045394 0.901953 0.010352
v -0.051398 0.906173 0.017530
v -0.050444 0.905214 0.009191
v -0.057389 0.904912 0.017443
v -0.056383 0.903897 0.008490
v -0.059731 0.898774 0.008660
v -0.058072 0.897515 -0.000011
v -0.058527 0.892844 0.009601
v -0.056930 0.891628 0.001224
v -0.053477 0.889583 0.010762
v -0.051940 0.888405 0.002710
v -0.047538 0.890899 0.011462
v -0.046026 0.889735 0.003576
v -0.044190 0.896023 0.011293
v -0.042652 0.894838 0.003315
v -0.045394 0.901953 0.010352
v -0.043795 0.900725 0.002080
v -0.050444 0.905214 0.009191
v -0.048785 0.903948 0.000594
v -0.056383 0.903897 0.008490
v -0.054698 0.902618 -0.000272
v -0.058072 0.897515 -0.000011
v -0.056091 0.896075 -0.008556
v -0.056930 0.891628 0.001224
v -0.055009 0.890249 -0.007015
v -0.051940 0.888405 0.002710
v -0.050036 0.887036 -0.005452
v -0.046026 0.889735 0.003576
v -0.044087 0.888318 -0.004783
v -0.042652 0.894838 0.003315
v -0.040645 0.893344 -0.005398
v -0.043795 0.900725 0.002080
v -0.041727 0.899171 -0.006939
v -0.048785 0.903948 0.000594
v -0.046699 0.902384 -0.008502
v -0.054698 0.902618 -0.000272
v -0.052649 0.901102 -0.009172
v -0.056091 0.896075 -0.008556
v -0.055115 0.893241 -0.017883
v -0.055009 0.890249 -0.007015
v -0.054119 0.887603 -0.015712
v -0.050036 0.887036 -0.005452
v -0.049153 0.884379 -0.014152
v -0.044087 0.888318 -0.004783
v -0.043126 0.885458 -0.014116
v -0.040645 0.893344 -0.005398
v -0.039568 0.890207 -0.015625
v -0.041727 0.899171 -0.006939
v -0.040564 0.895846 -0.017795
v -0.046699 0.902384 -0.008502
v -0.045531 0.899069 -0.019355
v -0.052649 0.901102 -0.009172
v -0.051558 0.897991 -0.019392
v -0.055115 0.893241 -0.017883
v -0.054492 0.889207 -0.026999
v -0.054119 0.887603 -0.015712
v -0.053554 0.883842 -0.024202
v -0.049153 0.884379 -0.014152
v -0.048622 0.880778 -0.022257
v -0.043126 0.885458 -0.014116
v -0.042587 0.881809 -0.022305
v -0.039568 0.890207 -0.015625
v -0.038983 0.886331 -0.024317
v -0.040564 0.895846 -0.017795
v -0.039922 0.891696 -0.027114
v -0.045531 0.899069 -0.019355
v -0.044853 0.894761 -0.029059
v -0.051558 0.897991 -0.019392
v -0.050889 0.893730 -0.029011
v -0.054492 0.889207 -0.026999
v -0.053483 0.883988 -0.035904
v -0.053554 0.883842 -0.024202
v -0.052637 0.879018 -0.032430
v -0.048622 0.880778 -0.022257
v -0.047796 0.876348 -0.029797
v -0.042587 0.881809 -0.022305
v -0.041796 0.877543 -0.029550
v -0.038983 0.886331 -0.024317
v -0.038151 0.881902 -0.031832
v -0.039922 0.891696 -0.027114
v -0.038997 0.886872 -0.035307
v -0.044853 0.894761 -0.029059
v -0.043838 0.889542 -0.037939
v -0.050889 0.893730 -0.029011
v -0.049839 0.888347 -0.038186
v -0.053483 0.883988 -0.035904
v -0.051193 0.877538 -0.044366
v -0.052637 0.879018 -0.032430
v -0.050565 0.873117 -0.040177
v -0.047796 0.876348 -0.029798
v -0.046030 0.871226 -0.036524
v -0.041796 0.877543 -0.029550
v -0.040243 0.872973 -0.035548
v -0.038151 0.881902 -0.031832
v -0.036595 0.877334 -0.037819
v -0.038997 0.886872 -0.035307
v -0.037222 0.881755 -0.042008
v -0.043838 0.889542 -0.037939
v -0.041758 0.883646 -0.045661
v -0.049839 0.888347 -0.038186
v -0.047545 0.881900 -0.046638
v -0.051193 0.877538 -0.044366
v -0.046266 0.870292 -0.051367
v -0.050565 0.873117 -0.040177
v -0.046090 0.866513 -0.046552
v -0.046030 0.871226 -0.036524
v -0.042401 0.865835 -0.041713
v -0.040243 0.872973 -0.035548
v -0.037359 0.868655 -0.039684
v -0.036595 0.877334 -0.037819
v -0.033918 0.873321 -0.041654
v -0.037222 0.881755 -0.042009
v -0.034094 0.877099 -0.046469
v -0.041758 0.883646 -0.045661
v -0.037783 0.877777 -0.051308
v -0.047545 0.881900 -0.046638
v -0.042825 0.874958 -0.053337
v -0.046266 0.870292 -0.051367
v -0.038864 0.863895 -0.055644
v -0.046090 0.866513 -0.046552
v -0.039249 0.860597 -0.050499
v -0.042401 0.865835 -0.041713
v -0.036863 0.861048 -0.044879
v -0.037359 0.868655 -0.039684
v -0.033103 0.864984 -0.042075
v -0.033918 0.873321 -0.041654
v -0.030171 0.870099 -0.043730
v -0.034094 0.877099 -0.046469
v -0.029786 0.873396 -0.048874
v -0.037783 0.877777 -0.051308
v -0.032173 0.872945 -0.054495
v -0.042825 0.874958 -0.053337
v -0.035933 0.869010 -0.057299
v -0.038864 0.863895 -0.055644
v -0.030573 0.859266 -0.057445
v -0.039249 0.860597 -0.050499
v -0.031376 0.856198 -0.052207
v -0.036863 0.861048 -0.044879
v -0.030157 0.857306 -0.046310
v -0.033103 0.864984 -0.042075
v -0.027631 0.861941 -0.043208
v -0.030171 0.870099 -0.043730
v -0.025276 0.867388 -0.044718
v -0.029786 0.873396 -0.048874
v -0.024473 0.870456 -0.049955
v -0.032173 0.872945 -0.054495
v -0.025691 0.869348 -0.055853
v -0.035933 0.869010 -0.057299
v -0.028218 0.864713 -0.058955
v -0.030573 0.859266 -0.057445
v -0.022260 0.856098 -0.057740
v -0.031376 0.856198 -0.052207
v -0.023300 0.853116 -0.052495
v -0.030157 0.857306 -0.046310
v -0.022878 0.854532 -0.046553
v -0.027631 0.861941 -0.043208
v -0.021242 0.859516 -0.043395
v -0.025276 0.867388 -0.044718
v -0.019350 0.865149 -0.044871
v -0.024473 0.870456 -0.049955
v -0.018311 0.868131 -0.050117
v -0.025691 0.869348 -0.055853
v -0.018732 0.866715 -0.056059
v -0.028218 0.864713 -0.058955
v -0.020368 0.861731 -0.059217
v -0.022260 0.856098 -0.057740
v -0.014074 0.853827 -0.057258
v -0.023300 0.853116 -0.052495
v -0.015246 0.850876 -0.052022
v -0.022878 0.854532 -0.046553
v -0.015359 0.852439 -0.046103
v -0.021242 0.859516 -0.043395
v -0.014347 0.857600 -0.042968
v -0.019350 0.865149 -0.044871
v -0.012803 0.863336 -0.044453
v -0.018311 0.868131 -0.050117
v -0.011632 0.866287 -0.049688
v -0.018732 0.866715 -0.056059
v -0.011519 0.864724 -0.055607
v -0.020368 0.861731 -0.059217
v -0.012530 0.859563 -0.058743
v -0.014074 0.853827 -0.057258
v -0.005982 0.852064 -0.056372
v -0.015246 0.850876 -0.052022
v -0.007234 0.849124 -0.051149
v -0.015359 0.852439 -0.046103
v -0.007730 0.850762 -0.045271
v -0.014347 0.857600 -0.042968
v -0.007179 0.856019 -0.042179
v -0.012803 0.863336 -0.044453
v -0.005905 0.861815 -0.043687
v -0.011632 0.866287 -0.049688
v -0.004653 0.864755 -0.048910
v -0.011519 0.864724 -0.055607
v -0.004157 0.863117 -0.054789
v -0.012530 0.859563 -0.058743
v -0.004707 0.857860 -0.057880
v -0.005982 0.852064 -0.056372
v 0.001997 0.850910 -0.055053
v -0.007234 0.849124 -0.051149
v 0.000703 0.847972 -0.049839
v -0.007730 0.850762 -0.045271
v 0.000020 0.849635 -0.043986
v -0.007179 0.856019 -0.042179
v 0.000347 0.854927 -0.040923
v -0.005905 0.861815 -0.043687
v 0.001493 0.860746 -0.042443
v -0.004653 0.864755 -0.048910
v 0.002786 0.863685 -0.047657
v -0.004157 0.863117 -0.054789
v 0.003469 0.862021 -0.053510
v -0.004707 0.857860 -0.057880
v 0.003142 0.856730 -0.056573
v 0.001997 0.850910 -0.055053
v 0.010008 0.849818 -0.053655
v 0.000703 0.847972 -0.049839
v 0.008657 0.846881 -0.048455
v 0.000020 0.849635 -0.043986
v 0.007820 0.848559 -0.042627
v 0.000347 0.854927 -0.040923
v 0.007988 0.853870 -0.039584
v 0.001493 0.860746 -0.042443
v 0.009062 0.859701 -0.041109
v 0.002786 0.863685 -0.047657
v 0.010413 0.862638 -0.046309
v 0.003469 0.862021 -0.053510
v 0.011250 0.860960 -0.052137
v 0.003142 0.856730 -0.056573
v 0.011082 0.855649 -0.055180
v 0.010008 0.849818 -0.053655
v 0.018150 0.848780 -0.052078
v 0.008657 0.846881 -0.048455
v 0.016681 0.845851 -0.046906
v 0.007820 0.848559 -0.042627
v 0.015746 0.847533 -0.041093
v 0.007988 0.853870 -0.039584
v 0.015894 0.852841 -0.038045
v 0.009062 0.859701 -0.041109
v 0.017037 0.858666 -0.039547
v 0.010413 0.862638 -0.046309
v 0.018506 0.861595 -0.044719
v 0.011250 0.860960 -0.052137
v 0.019440 0.859913 -0.050532
v 0.011082 0.855649 -0.055180
v 0.019293 0.854605 -0.053580
v 0.018150 0.848780 -0.052078
v 0.026769 0.847442 -0.050203
v 0.016681 0.845851 -0.046906
v 0.024995 0.844551 -0.045105
v 0.015746 0.847533 -0.041093
v 0.023855 0.846255 -0.039336
v 0.015894 0.852841 -0.038045
v 0.024015 0.851555 -0.036274
v 0.017037 0.858666 -0.039547
v 0.025383 0.857347 -0.037714
v 0.018506 0.861595 -0.044719
v 0.027158 0.860238 -0.042811
v 0.019440 0.859913 -0.050532
v 0.028298 0.858534 -0.048581
v 0.019293 0.854605 -0.053580
v 0.028138 0.853234 -0.051642
v 0.026769 0.847442 -0.050203
v 0.036792 0.845555 -0.047128
v 0.024995 0.844551 -0.045105
v 0.034190 0.842811 -0.042312
v 0.023855 0.846255 -0.039336
v 0.032259 0.844653 -0.036801
v 0.024015 0.851555 -0.036274
v 0.032130 0.850002 -0.033824
v 0.025383 0.857347 -0.037714
v 0.033879 0.855724 -0.035123
v 0.027158 0.860238 -0.042811
v 0.036481 0.858468 -0.039939
v 0.028298 0.858534 -0.048581
v 0.038412 0.856626 -0.045450
v 0.028138 0.853234 -0.051642
v 0.038541 0.851277 -0.048428
v 0.036792 0.845555 -0.047128
v 0.049994 0.842779 -0.036907
v 0.034190 0.842811 -0.042312
v 0.045141 0.840492 -0.033957
v 0.032259 0.844653 -0.036801
v 0.040580 0.842866 -0.030633
v 0.032130 0.850002 -0.033824
v 0.038983 0.848512 -0.028882
v 0.033879 0.855724 -0.035123
v 0.041285 0.854121 -0.029730
v 0.036481 0.858468 -0.039939
v 0.046138 0.856409 -0.032680
v 0.038412 0.856626 -0.045450
v 0.050699 0.854035 -0.036004
v 0.038541 0.851277 -0.048428
v 0.052296 0.848389 -0.037755
v 0.049994 0.842779 -0.036907
v 0.054302 0.842993 -0.021560
v 0.045141 0.840492 -0.033957
v 0.048646 0.840698 -0.021076
v 0.040580 0.842866 -0.030633
v 0.042997 0.843060 -0.021120
v 0.038983 0.848512 -0.028882
v 0.040664 0.848695 -0.021667
v 0.041285 0.854121 -0.029730
v 0.043014 0.854301 -0.022396
v 0.046138 0.856409 -0.032680
v 0.048670 0.856596 -0.022881
v 0.050699 0.854035 -0.036004
v 0.054319 0.854235 -0.022837
v 0.052296 0.848389 -0.037755
v 0.056652 0.848600 -0.022290
v 0.054302 0.842993 -0.021560
v 0.053839 0.844619 -0.012069
v 0.048646 0.840698 -0.021076
v 0.048201 0.842232 -0.012083
v 0.042997 0.843060 -0.021120
v 0.042570 0.844434 -0.013050
v 0.040664 0.848695 -0.021667
v 0.040245 0.849934 -0.014404
v 0.043014 0.854301 -0.022396
v 0.042588 0.855511 -0.015352
v 0.048670 0.856596 -0.022881
v 0.048227 0.857898 -0.015338
v 0.054319 0.854235 -0.022837
v 0.053858 0.855696 -0.014371
v 0.056652 0.848600 -0.022290
v 0.056183 0.850196 -0.013017
v 0.053839 0.844619 -0.012069
v 0.052983 0.846476 -0.004293
v 0.048201 0.842232 -0.012083
v 0.047348 0.844079 -0.004298
v 0.042570 0.844434 -0.013050
v 0.041732 0.846225 -0.005457
v 0.040245 0.849934 -0.014404
v 0.039424 0.851656 -0.007090
v 0.042588 0.855511 -0.015352
v 0.041776 0.857191 -0.008241
v 0.048227 0.857898 -0.015338
v 0.047411 0.859587 -0.008236
v 0.053858 0.855696 -0.014371
v 0.053027 0.857441 -0.007077
v 0.056183 0.850196 -0.013017
v 0.055335 0.852010 -0.005444
v 0.052983 0.846476 -0.004293
v 0.052187 0.848405 0.002782
v 0.047348 0.844079 -0.004298
v 0.046536 0.846058 0.002993
v 0.041732 0.846225 -0.005457
v 0.040910 0.848209 0.001890
v 0.039424 0.851656 -0.007090
v 0.038606 0.853598 0.000119
v 0.041776 0.857191 -0.008241
v 0.040973 0.859068 -0.001282
v 0.047411 0.859587 -0.008236
v 0.046624 0.861415 -0.001493
v 0.053027 0.857441 -0.007077
v 0.052250 0.859264 -0.000390
v 0.055335 0.852010 -0.005444
v 0.054554 0.853875 0.001381
v 0.052187 0.848405 0.002782
v 0.051865 0.850474 0.009023
v 0.046536 0.846058 0.002993
v 0.046194 0.848269 0.009709
v 0.040910 0.848209 0.001890
v 0.040553 0.850472 0.008803
v 0.038606 0.853598 0.000119
v 0.038247 0.855792 0.006836
v 0.040973 0.859068 -0.001282
v 0.040626 0.861113 0.004959
v 0.046624 0.861415 -0.001493
v 0.046297 0.863317 0.004273
v 0.052250 0.859264 -0.000390
v 0.051938 0.861115 0.005180
v 0.054554 0.853875 0.001381
v 0.054244 0.855795 0.007147
v 0.051865 0.850474 0.009023
v 0.051947 0.853143 0.015497
v 0.046194 0.848269 0.009709
v 0.046282 0.851059 0.016523
v 0.040553 0.850472 0.008803
v 0.040635 0.853260 0.015650
v 0.038247 0.855792 0.006836
v 0.038315 0.858457 0.013391
v 0.040626 0.861113 0.004959
v 0.040680 0.863605 0.011068
v 0.046297 0.863317 0.004273
v 0.046346 0.865688 0.010043
v 0.051938 0.861115 0.005180
v 0.051992 0.863487 0.010915
v 0.054244 0.855795 0.007147
v 0.054313 0.858291 0.013175
v 0.051947 0.853143 0.015497
v 0.052071 0.856705 0.022720
v 0.046282 0.851059 0.016523
v 0.046412 0.854613 0.023763
v 0.040635 0.853260 0.015650
v 0.040758 0.856659 0.022607
v 0.038315 0.858457 0.013391
v 0.038421 0.861645 0.019928
v 0.040680 0.863605 0.011068
v 0.040770 0.866650 0.017297
v 0.046346 0.865688 0.010043
v 0.046429 0.868742 0.016254
v 0.051992 0.863487 0.010915
v 0.052083 0.866696 0.017410
v 0.054313 0.858291 0.013175
v 0.054420 0.861710 0.020088
v 0.052071 0.856705 0.022720
v 0.051613 0.861478 0.030883
v 0.046412 0.854613 0.023763
v 0.045992 0.859143 0.031543
v 0.040758 0.856659 0.022607
v 0.040386 0.860759 0.029684
v 0.038421 0.861645 0.019928
v 0.038080 0.865380 0.026394
v 0.040770 0.866650 0.017297
v 0.040425 0.870298 0.023601
v 0.046429 0.868742 0.016254
v 0.046046 0.872634 0.022941
v 0.052083 0.866696 0.017410
v 0.051652 0.871017 0.024800
v 0.054420 0.861710 0.020088
v 0.053958 0.866397 0.028090
v 0.051613 0.861478 0.030883
v 0.048692 0.868235 0.040285
v 0.045992 0.859143 0.031543
v 0.043404 0.865168 0.039949
v 0.040386 0.860759 0.029684
v 0.038227 0.865802 0.036741
v 0.038080 0.865380 0.026394
v 0.036194 0.869767 0.032541
v 0.040425 0.870298 0.023601
v 0.038496 0.874739 0.029809
v 0.046046 0.872634 0.022941
v 0.043785 0.877807 0.030145
v 0.051652 0.871017 0.024800
v 0.048962 0.877172 0.033353
v 0.053958 0.866397 0.028090
v 0.050994 0.873208 0.037553
v 0.048692 0.868235 0.040285
v 0.041117 0.876145 0.049002
v 0.043404 0.865168 0.039949
v 0.036920 0.871963 0.047457
v 0.038227 0.865802 0.036741
v 0.033062 0.871231 0.042759
v 0.036194 0.869767 0.032541
v 0.031803 0.874378 0.037660
v 0.038496 0.874739 0.029809
v 0.033882 0.879560 0.035146
v 0.043785 0.877807 0.030145
v 0.038079 0.883742 0.036691
v 0.048962 0.877172 0.033353
v 0.041937 0.884474 0.041389
v 0.050994 0.873208 0.037553
v 0.043195 0.881327 0.046488
v 0.041117 0.876145 0.049002
v 0.030244 0.882276 0.053800
v 0.036920 0.871963 0.047457
v 0.027483 0.877269 0.051610
v 0.033062 0.871231 0.042759
v 0.025282 0.875576 0.046153
v 0.031803 0.874378 0.037660
v 0.024929 0.878188 0.040627
v 0.033882 0.879560 0.035146
v 0.026632 0.883575 0.038267
v 0.038079 0.883742 0.036691
v 0.029393 0.888582 0.040458
v 0.041937 0.884474 0.041389
v 0.031595 0.890276 0.045914
v 0.043195 0.881327 0.046488
v 0.031947 0.887664 0.051441
v 0.030244 0.882276 0.053800
v 0.019545 0.885986 0.055396
v 0.027483 0.877269 0.051610
v 0.017840 0.880598 0.053039
v 0.025282 0.875576 0.046153
v 0.016814 0.878475 0.047389
v 0.024929 0.878188 0.040627
v 0.017068 0.880859 0.041755
v 0.026632 0.883575 0.038267
v 0.018453 0.886355 0.039438
v 0.029393 0.888582 0.040458
v 0.020159 0.891742 0.041795
v 0.031595 0.890276 0.045914
v 0.021185 0.893866 0.047445
v 0.031947 0.887664 0.051441
v 0.020930 0.891482 0.053079
v 0.019545 0.885986 0.055396
v 0.009653 0.888346 0.055541
v 0.017840 0.880598 0.053039
v 0.008643 0.882789 0.053179
v 0.016814 0.878475 0.047389
v 0.008371 0.880475 0.047516
v 0.017068 0.880859 0.041755
v 0.008997 0.882762 0.041870
v 0.018453 0.886355 0.039438
v 0.010155 0.888308 0.039549
v 0.020159 0.891742 0.041795
v 0.011166 0.893866 0.041912
v 0.021185 0.893866 0.047445
v 0.011437 0.896179 0.047575
v 0.020930 0.891482 0.053079
v 0.010811 0.893892 0.053220
v 0.009653 0.888346 0.055541
v 0.000840 0.889733 0.054841
v 0.008643 0.882789 0.053179
v 0.000135 0.884118 0.052502
v 0.008371 0.880475 0.047516
v 0.000193 0.881740 0.046860
v 0.008997 0.882762 0.041870
v 0.000979 0.883991 0.041220
v 0.010155 0.888308 0.039549
v 0.002033 0.889553 0.038887
v 0.011166 0.893866 0.041912
v 0.002737 0.895167 0.041226
v 0.011437 0.896179 0.047575
v 0.002680 0.897546 0.046868
v 0.010811 0.893892 0.053220
v 0.001893 0.895295 0.052507
v 0.000840 0.889733 0.054841
v -0.007427 0.890907 0.054023
v 0.000135 0.884118 0.052502
v -0.008007 0.885270 0.051702
v 0.000193 0.881740 0.046860
v -0.007800 0.882862 0.046077
v 0.000979 0.883991 0.041220
v -0.006927 0.885093 0.040442
v 0.002033 0.889553 0.038887
v -0.005900 0.890656 0.038098
v 0.002737 0.895167 0.041226
v -0.005320 0.896292 0.040419
v 0.002680 0.897546 0.046868
v -0.005526 0.898700 0.046045
v 0.001893 0.895295 0.052507
v -0.006399 0.896469 0.051680
v -0.007427 0.890907 0.054023
v -0.015254 0.892005 0.053179
v -0.008007 0.885270 0.051702
v -0.015856 0.886369 0.050864
v -0.007800 0.882862 0.046077
v -0.015630 0.883950 0.045243
v -0.006927 0.885093 0.040442
v -0.014709 0.886166 0.039610
v -0.005900 0.890656 0.038098
v -0.013633 0.891718 0.037264
v -0.005320 0.896292 0.040419
v -0.013031 0.897354 0.039579
v -0.005526 0.898700 0.046045
v -0.013257 0.899773 0.045199
v -0.006399 0.896469 0.051680
v -0.014178 0.897558 0.050832
vn 0.9237 -0.3831 0.0040
vn 0.3823 -0.9240 0.0093
vn -0.3823 -0.9240 0.0093
vn -0.9237 -0.3831 0.0040
vn -0.9237 0.3831 -0.0042
vn -0.3823 0.9240 -0.0104
vn 0.3823 0.9240 -0.0104
vn 0.9237 0.3831 -0.0042
vn 0.9238 -0.3828 0.0040
vn 0.3825 -0.9239 0.0094
vn -0.3825 -0.9239 0.0094
vn -0.9238 -0.3828 0.0040
vn -0.9238 0.3828 -0.0043
vn -0.3825 0.9239 -0.0107
vn 0.3825 0.9239 -0.0107
vn 0.9238 0.3828 -0.0043
vn 0.9239 -0.3827 0.0037
vn 0.3827 -0.9238 0.0090
vn -0.3827 -0.9238 0.0090
vn -0.9239 -0.3827 0.0037
vn -0.9239 0.3827 -0.0037
vn -0.3826 0.9238 -0.0090
vn 0.3826 0.9239 -0.0090
vn 0.9239 0.3827 -0.0037
vn 0.9238 -0.3828 0.0034
vn 0.3825 -0.9239 0.0085
vn -0.3825 -0.9239 0.0085
vn -0.9238 -0.3828 0.0034
vn -0.9238 0.3828 -0.0032
vn -0.3825 0.9239 -0.0072
vn 0.3825 0.9239 -0.0072
vn 0.9238 0.3828 -0.0032
vn 0.9239 -0.3820 0.0230
vn 0.3826 -0.9222 0.0557
vn -0.3826 -0.9222 0.0557
vn -0.9239 -0.3820 0.0230
vn -0.9239 0.3820 -0.0230
vn -0.3826 0.9222 -0.0554
vn 0.3826 0.9222 -0.0554
vn 0.9239 0.3820 -0.0230
vn 0.9238 -0.3799 0.0479
vn 0.3825 -0.9167 0.1152
vn -0.3825 -0.9167 0.1152
vn -0.9238 -0.3799 0.0479
vn -0.9238 0.3798 -0.0482
vn -0.3825 0.9166 -0.1167
vn 0.3825 0.9166 -0.1167
vn 0.9238 0.3798 -0.0482
vn 0.9239 -0.3798 0.0475
vn 0.3826 -0.9167 0.1147
vn -0.3826 -0.9167 0.1147
vn -0.9239 -0.3798 0.0475
vn -0.9239 0.3798 -0.0475
vn -0.3827 0.9167 -0.1147
vn 0.3826 0.9167 -0.1147
vn 0.9239 0.3798 -0.0475
vn 0.9238 -0.3800 0.0472
vn 0.3825 -0.9169 0.1143
vn -0.3825 -0.9169 0.1143
vn -0.9238 -0.3800 0.0472
vn -0.9238 0.3800 -0.0469
vn -0.3825 0.9171 -0.1126
vn 0.3825 0.9171 -0.1126
vn 0.9238 0.3800 -0.0469
vn 0.9238 -0.3750 0.0766
vn 0.3826 -0.9052 0.1848
vn -0.3826 -0.9052 0.1848
vn -0.9238 -0.3750 0.0766
vn -0.9238 0.3750 -0.0768
vn -0.3826 0.9051 -0.1855
vn 0.3826 0.9051 -0.1855
vn 0.9238 0.3750 -0.0768
vn 0.9238 -0.3719 0.0905
vn 0.3826 -0.8978 0.2181
vn -0.3826 -0.8978 0.2181
vn -0.9238 -0.3719 0.0905
vn -0.9238 0.3719 -0.0907
vn -0.3826 0.8975 -0.2192
vn 0.3826 0.8975 -0.2192
vn 0.9238 0.3719 -0.0907
vn 0.9239 -0.3720 0.0901
vn 0.3826 -0.8979 0.2176
vn -0.3826 -0.8979 0.2176
vn -0.9239 -0.3720 0.0901
vn -0.9239 0.3720 -0.0900
vn -0.3826 0.8981 -0.2170
vn 0.3826 0.8981 -0.2170
vn 0.9239 0.3720 -0.0900
vn 0.9238 -0.3708 0.0953
vn 0.3825 -0.8947 0.2305
vn -0.3825 -0.8947 0.2305
vn -0.9238 -0.3708 0.0953
vn -0.9238 0.3709 -0.0951
vn -0.3825 0.8951 -0.2290
vn 0.3825 0.8951 -0.2290
vn 0.9238 0.3709 -0.0951
vn 0.9238 -0.3600 0.1305
vn 0.3824 -0.8688 0.3145
vn -0.3824 -0.8688 0.3145
vn -0.9238 -0.3600 0.1305
vn -0.9238 0.3599 -0.1308
vn -0.3824 0.8682 -0.3162
vn 0.3824 0.8682 -0.3162
vn 0.9238 0.3599 -0.1308
vn 0.9239 -0.3599 0.1301
vn 0.3826 -0.8689 0.3140
vn -0.3826 -0.8689 0.3140
vn -0.9239 -0.3599 0.1301
vn -0.9239 0.3599 -0.1301
vn -0.3826 0.8688 -0.3142
vn 0.3826 0.8688 -0.3142
vn 0.9239 0.3599 -0.1301
vn 0.9238 -0.3602 0.1298
vn 0.3825 -0.8691 0.3135
vn -0.3825 -0.8691 0.3135
vn -0.9238 -0.3602 0.1298
vn -0.9238 0.3603 -0.1295
vn -0.3825 0.8696 -0.3121
vn 0.3825 0.8696 -0.3121
vn 0.9238 0.3603 -0.1295
vn 0.9238 -0.3486 0.1580
vn 0.3826 -0.8416 0.3811
vn -0.3826 -0.8416 0.3811
vn -0.9238 -0.3487 0.1580
vn -0.9238 0.3486 -0.1582
vn -0.3826 0.8412 -0.3821
vn 0.3826 0.8412 -0.3821
vn 0.9238 0.3486 -0.1582
vn 0.9239 -0.3449 0.1659
vn 0.3826 -0.8327 0.4003
vn -0.3826 -0.8327 0.4003
vn -0.9239 -0.3449 0.1659
vn -0.9239 0.3449 -0.1660
vn -0.3826 0.8324 -0.4009
vn 0.3826 0.8324 -0.4009
vn 0.9239 0.3449 -0.1660
vn 0.9238 -0.3451 0.1656
vn 0.3826 -0.8329 0.3999
vn -0.3826 -0.8329 0.3999
vn -0.9238 -0.3451 0.1656
vn -0.9238 0.3452 -0.1654
vn -0.3826 0.8333 -0.3990
vn 0.3826 0.8333 -0.3990
vn 0.9238 0.3452 -0.1654
vn 0.9239 -0.3361 0.1830
vn 0.3826 -0.8115 0.4417
vn -0.3826 -0.8115 0.4417
vn -0.9239 -0.3361 0.1830
vn -0.9239 0.3361 -0.1830
vn -0.3826 0.8114 -0.4419
vn 0.3826 0.8114 -0.4419
vn 0.9239 0.3361 -0.1830
vn 0.9238 -0.3283 0.1969
vn 0.3826 -0.7925 0.4750
vn -0.3826 -0.7925 0.4750
vn -0.9238 -0.3283 0.1969
vn -0.9238 0.3282 -0.1970
vn -0.3826 0.7921 -0.4757
vn 0.3826 0.7921 -0.4757
vn 0.9238 0.3282 -0.1970
vn 0.9239 -0.3284 0.1966
vn 0.3826 -0.7927 0.4746
vn -0.3826 -0.7927 0.4746
vn -0.9239 -0.3284 0.1966
vn -0.9239 0.3284 -0.1965
vn -0.3826 0.7929 -0.4742
vn 0.3826 0.7929 -0.4742
vn 0.9239 0.3284 -0.1965
vn 0.9239 -0.3210 0.2084
vn 0.3827 -0.7749 0.5030
vn -0.3827 -0.7749 0.5030
vn -0.9239 -0.3210 0.2084
vn -0.9239 0.3210 -0.2083
vn -0.3827 0.7750 -0.5029
vn 0.3827 0.7750 -0.5029
vn 0.9239 0.3210 -0.2083
vn 0.9238 -0.3111 0.2229
vn 0.3826 -0.7511 0.5380
vn -0.3826 -0.7511 0.5380
vn -0.9238 -0.3111 0.2229
vn -0.9238 0.3111 -0.2230
vn -0.3826 0.7507 -0.5386
vn 0.3826 0.7507 -0.5386
vn 0.9238 0.3111 -0.2230
vn 0.9239 -0.3113 0.2227
vn 0.3826 -0.7513 0.5377
vn -0.3826 -0.7513 0.5377
vn -0.9239 -0.3113 0.2227
vn -0.9239 0.3113 -0.2226
vn -0.3826 0.7515 -0.5374
vn 0.3826 0.7515 -0.5374
vn 0.9239 0.3113 -0.2226
vn 0.9239 -0.3042 0.2323
vn 0.3827 -0.7343 0.5607
vn -0.3827 -0.7343 0.5607
vn -0.9239 -0.3042 0.2323
vn -0.9239 0.3042 -0.2322
vn -0.3827 0.7343 -0.5606
vn 0.3827 0.7343 -0.5606
vn 0.9239 0.3042 -0.2322
vn 0.9239 -0.2945 0.2444
vn 0.3826 -0.7110 0.5899
vn -0.3826 -0.7110 0.5899
vn -0.9239 -0.2945 0.2444
vn -0.9239 0.2945 -0.2445
vn -0.3826 0.7107 -0.5904
vn 0.3826 0.7107 -0.5904
vn 0.9239 0.2945 -0.2445
vn 0.9239 -0.2946 0.2443
vn 0.3827 -0.7112 0.5897
vn -0.3827 -0.7112 0.5897
vn -0.9239 -0.2946 0.2443
vn -0.9239 0.2947 -0.2442
vn -0.3826 0.7114 -0.5895
vn 0.3826 0.7114 -0.5895
vn 0.9239 0.2947 -0.2442
vn 0.9239 -0.2867 0.2536
vn 0.3827 -0.6920 0.6121
vn -0.3827 -0.6920 0.6121
vn -0.9239 -0.2867 0.2535
vn -0.9239 0.2867 -0.2536
vn -0.3827 0.6920 -0.6121
vn 0.3827 0.6920 -0.6121
vn 0.9239 0.2867 -0.2536
vn 0.9239 -0.2791 0.2619
vn 0.3826 -0.6738 0.6321
vn -0.3826 -0.6738 0.6321
vn -0.9239 -0.2791 0.2619
vn -0.9239 0.2791 -0.2619
vn -0.3826 0.6736 -0.6324
vn 0.3826 0.6736 -0.6324
vn 0.9239 0.2791 -0.2619
vn 0.9239 -0.2792 0.2618
vn 0.3827 -0.6739 0.6320
vn -0.3827 -0.6739 0.6320
vn -0.9239 -0.2792 0.2618
vn -0.9239 0.2792 -0.2617
vn -0.3827 0.6742 -0.6317
vn 0.3827 0.6742 -0.6317
vn 0.9239 0.2792 -0.2617
vn 0.9239 -0.2695 0.2717
vn 0.3827 -0.6506 0.6559
vn -0.3827 -0.6506 0.6559
vn -0.9239 -0.2695 0.2717
vn -0.9239 0.2695 -0.2718
vn -0.3827 0.6505 -0.6561
vn 0.3827 0.6505 -0.6561
vn 0.9239 0.2695 -0.2718
vn 0.9239 -0.2653 0.2758
vn 0.3827 -0.6405 0.6658
vn -0.3827 -0.6405 0.6658
vn -0.9239 -0.2653 0.2758
vn -0.9239 0.2653 -0.2758
vn -0.3827 0.6404 -0.6659
vn 0.3827 0.6404 -0.6659
vn 0.9239 0.2653 -0.2758
vn 0.9239 -0.2654 0.2757
vn 0.3826 -0.6406 0.6657
vn -0.3826 -0.6406 0.6657
vn -0.9239 -0.2654 0.2757
vn -0.9239 0.2655 -0.2757
vn -0.3826 0.6409 -0.6655
vn 0.3826 0.6409 -0.6655
vn 0.9239 0.2654 -0.2757
vn 0.9239 -0.2536 0.2867
vn 0.3826 -0.6122 0.6919
vn -0.3826 -0.6122 0.6919
vn -0.9239 -0.2536 0.2867
vn -0.9239 0.2535 -0.2867
vn -0.3826 0.6120 -0.6921
vn 0.3826 0.6120 -0.6921
vn 0.9239 0.2535 -0.2867
vn 0.9239 -0.2534 0.2868
vn 0.3827 -0.6118 0.6923
vn -0.3827 -0.6118 0.6923
vn -0.9239 -0.2534 0.2868
vn -0.9239 0.2534 -0.2868
vn -0.3827 0.6118 -0.6923
vn 0.3827 0.6118 -0.6923
vn 0.9239 0.2534 -0.2868
vn 0.9239 -0.2498 0.2899
vn 0.3827 -0.6030 0.6999
vn -0.3827 -0.6030 0.6999
vn -0.9239 -0.2498 0.2899
vn -0.9239 0.2498 -0.2899
vn -0.3827 0.6031 -0.6999
vn 0.3827 0.6031 -0.6999
vn 0.9239 0.2498 -0.2899
vn 0.9239 -0.2435 0.2952
vn 0.3827 -0.5879 0.7127
vn -0.3827 -0.5879 0.7127
vn -0.9239 -0.2435 0.2952
vn -0.9239 0.2435 -0.2953
vn -0.3827 0.5878 -0.7128
vn 0.3827 0.5878 -0.7128
vn 0.9239 0.2435 -0.2953
vn -0.9239 0.2436 -0.2952
vn -0.3827 0.5880 -0.7126
vn 0.3827 0.5880 -0.7126
vn 0.9239 0.2436 -0.2952
vn 0.9239 -0.2367 0.3007
vn 0.3827 -0.5715 0.7259
vn -0.3827 -0.5715 0.7259
vn -0.9239 -0.2367 0.3007
vn -0.9239 0.2367 -0.3007
vn -0.3827 0.5714 -0.7260
vn 0.3827 0.5714 -0.7260
vn 0.9239 0.2367 -0.3007
vn 0.9239 -0.2357 0.3015
vn 0.3827 -0.5691 0.7278
vn -0.3827 -0.5691 0.7278
vn -0.9239 -0.2357 0.3015
vn -0.9239 0.2357 -0.3015
vn -0.3827 0.5691 -0.7278
vn 0.3827 0.5691 -0.7278
vn 0.9239 0.2357 -0.3015
vn 0.9239 -0.2329 0.3036
vn 0.3827 -0.5624 0.7330
vn -0.3827 -0.5624 0.7330
vn -0.9239 -0.2329 0.3036
vn -0.9239 0.2329 -0.3036
vn -0.3827 0.5624 -0.7330
vn 0.3827 0.5624 -0.7330
vn 0.9239 0.2329 -0.3036
vn 0.9239 -0.2302 0.3057
vn 0.3827 -0.5557 0.7381
vn -0.3827 -0.5557 0.7381
vn -0.9239 -0.2302 0.3057
vn -0.9239 0.2302 -0.3057
vn -0.3827 0.5556 -0.7381
vn 0.3827 0.5556 -0.7381
vn 0.9239 0.2302 -0.3057
vn 0.9239 -0.2293 0.3064
vn 0.3827 -0.5535 0.7397
vn -0.3827 -0.5535 0.7397
vn -0.9239 -0.2293 0.3064
vn -0.9239 0.2293 -0.3064
vn -0.3827 0.5535 -0.7397
vn 0.3827 0.5535 -0.7397
vn 0.9239 0.2293 -0.3064
vn 0.9239 -0.2268 0.3082
vn 0.3827 -0.5476 0.7441
vn -0.3827 -0.5476 0.7441
vn -0.9239 -0.2268 0.3082
vn -0.9239 0.2268 -0.3082
vn -0.3827 0.5476 -0.7441
vn 0.3827 0.5476 -0.7441
vn 0.9239 0.2268 -0.3082
vn 0.9239 -0.2267 0.3083
vn 0.3827 -0.5472 0.7444
vn -0.3827 -0.5472 0.7444
vn -0.9239 -0.2267 0.3083
vn -0.9239 0.2267 -0.3083
vn -0.3827 0.5472 -0.7444
vn 0.3827 0.5472 -0.7444
vn 0.9239 0.2267 -0.3083
vn 0.9239 -0.2258 0.3089
vn 0.3827 -0.5452 0.7458
vn -0.3827 -0.5452 0.7458
vn -0.9239 -0.2258 0.3089
vn -0.9239 0.2258 -0.3089
vn -0.3827 0.5452 -0.7458
vn 0.3827 0.5452 -0.7458
vn 0.9239 0.2258 -0.3089
vn 0.9239 -0.2262 0.3087
vn 0.3827 -0.5461 0.7452
vn -0.3827 -0.5461 0.7452
vn -0.9239 -0.2262 0.3087
vn -0.9239 0.2262 -0.3087
vn -0.3827 0.5461 -0.7452
vn 0.3827 0.5461 -0.7452
vn 0.9239 0.2262 -0.3087
vn 0.9239 -0.2273 0.3078
vn 0.3827 -0.5488 0.7432
vn -0.3827 -0.5488 0.7432
vn -0.9239 -0.2273 0.3078
vn -0.9239 0.2273 -0.3078
vn -0.3827 0.5488 -0.7432
vn 0.3827 0.5488 -0.7432
vn 0.9239 0.2273 -0.3078
vn 0.9239 -0.2292 0.3065
vn 0.3827 -0.5533 0.7399
vn -0.3827 -0.5533 0.7399
vn -0.9239 -0.2292 0.3065
vn -0.9239 0.2292 -0.3065
vn -0.3827 0.5533 -0.7398
vn 0.3827 0.5533 -0.7399
vn 0.9239 0.2292 -0.3065
vn 0.9239 -0.2314 0.3048
vn 0.3827 -0.5587 0.7358
vn -0.3827 -0.5587 0.7358
vn -0.9239 -0.2314 0.3048
vn -0.9239 0.2314 -0.3048
vn -0.3827 0.5587 -0.7358
vn 0.3827 0.5587 -0.7358
vn 0.9239 0.2314 -0.3048
vn 0.9239 -0.2371 0.3004
vn 0.3827 -0.5724 0.7252
vn -0.3827 -0.5724 0.7252
vn -0.9239 -0.2371 0.3004
vn -0.9239 0.2371 -0.3004
vn -0.3827 0.5724 -0.7252
vn 0.3827 0.5724 -0.7252
vn 0.9239 0.2371 -0.3004
vn 0.9239 -0.2418 0.2967
vn 0.3827 -0.5836 0.7162
vn -0.3827 -0.5836 0.7162
vn -0.9239 -0.2418 0.2967
vn -0.9239 0.2418 -0.2967
vn -0.3827 0.5837 -0.7161
vn 0.3827 0.5837 -0.7161
vn 0.9239 0.2418 -0.2967
vn 0.9239 -0.2485 0.2911
vn 0.3826 -0.5997 0.7028
vn -0.3826 -0.5997 0.7028
vn -0.9239 -0.2485 0.2911
vn -0.9239 0.2485 -0.2911
vn -0.3826 0.5999 -0.7026
vn 0.3826 0.5999 -0.7026
vn 0.9239 0.2485 -0.2911
vn 0.9238 -0.2607 0.2802
vn 0.3826 -0.6294 0.6764
vn -0.3826 -0.6294 0.6764
vn -0.9238 -0.2607 0.2802
vn -0.9238 0.2607 -0.2802
vn -0.3826 0.6294 -0.6764
vn 0.3826 0.6294 -0.6764
vn 0.9238 0.2607 -0.2802
vn 0.9238 -0.2738 0.2675
vn 0.3826 -0.6609 0.6457
vn -0.3826 -0.6609 0.6457
vn -0.9238 -0.2738 0.2675
vn -0.9238 0.2739 -0.2675
vn -0.3826 0.6610 -0.6455
vn 0.3826 0.6610 -0.6455
vn 0.9238 0.2739 -0.2675
vn 0.9238 -0.2902 0.2498
vn 0.3825 -0.7002 0.6029
vn -0.3825 -0.7002 0.6029
vn -0.9238 -0.2902 0.2498
vn -0.9238 0.2903 -0.2497
vn -0.3825 0.7005 -0.6025
vn 0.3825 0.7005 -0.6025
vn 0.9238 0.2903 -0.2497
vn 0.9237 -0.3101 0.2248
vn 0.3823 -0.7480 0.5425
vn -0.3823 -0.7480 0.5425
vn -0.9237 -0.3101 0.2248
vn -0.9237 0.3102 -0.2247
vn -0.3823 0.7484 -0.5419
vn 0.3823 0.7484 -0.5419
vn 0.9237 0.3102 -0.2247
vn 0.9237 -0.3338 0.1882
vn 0.3821 -0.8051 0.4537
vn -0.3821 -0.8051 0.4537
vn -0.9237 -0.3338 0.1882
vn -0.9237 0.3338 -0.1883
vn -0.3821 0.8048 -0.4542
vn 0.3821 0.8048 -0.4542
vn 0.9237 0.3338 -0.1883
vn 0.9236 -0.3528 0.1499
vn 0.3820 -0.8504 0.3617
vn -0.3820 -0.8504 0.3617
vn -0.9236 -0.3528 0.1499
vn -0.9236 0.3529 -0.1498
vn -0.3820 0.8508 -0.3609
vn 0.3820 0.8508 -0.3609
vn 0.9236 0.3529 -0.1498
vn 0.9236 -0.3700 0.1002
vn 0.3820 -0.8921 0.2413
vn -0.3820 -0.8921 0.2413
vn -0.9236 -0.3700 0.1002
vn -0.9236 0.3700 -0.1003
vn -0.3820 0.8919 -0.2420
vn 0.3820 0.8919 -0.2420
vn 0.9236 0.3700 -0.1003
vn 0.9237 -0.3789 0.0568
vn 0.3822 -0.9139 0.1368
vn -0.3822 -0.9139 0.1368
vn -0.9237 -0.3789 0.0568
vn -0.9237 0.3789 -0.0569
vn -0.3822 0.9138 -0.1373
vn 0.3822 0.9138 -0.1373
vn 0.9237 0.3789 -0.0569
vn 0.9238 -0.3823 0.0222
vn 0.3825 -0.9224 0.0535
vn -0.3825 -0.9224 0.0535
vn -0.9238 -0.3823 0.0222
vn -0.9238 0.3823 -0.0223
vn -0.3825 0.9224 -0.0539
vn 0.3825 0.9224 -0.0539
vn 0.9238 0.3823 -0.0223
vn 0.9238 -0.3828 -0.0001
vn 0.3826 -0.9239 -0.0002
vn -0.3826 -0.9239 -0.0002
vn -0.9238 -0.3828 -0.0001
vn -0.9238 0.3828 -0.0000
vn -0.3826 0.9239 0.0001
vn 0.3826 0.9239 0.0001
vn 0.9238 0.3828 -0.0000
vn 0.9239 -0.3824 -0.0151
vn 0.3826 -0.9232 -0.0366
vn -0.3826 -0.9232 -0.0366
vn -0.9239 -0.3824 -0.0151
vn -0.9239 0.3824 0.0151
vn -0.3826 0.9232 0.0366
vn 0.3826 0.9232 0.0366
vn 0.9239 0.3824 0.0151
vn 0.9238 -0.3815 -0.0319
vn 0.3826 -0.9207 -0.0770
vn -0.3826 -0.9207 -0.0770
vn -0.9238 -0.3815 -0.0319
vn -0.9238 0.3815 0.0320
vn -0.3826 0.9207 0.0772
vn 0.3826 0.9207 0.0772
vn 0.9238 0.3815 0.0320
vn 0.9238 -0.3785 -0.0587
vn 0.3824 -0.9131 -0.1415
vn -0.3824 -0.9131 -0.1415
vn -0.9238 -0.3785 -0.0587
vn -0.9238 0.3785 0.0588
vn -0.3824 0.9130 0.1419
vn 0.3824 0.9130 0.1419
vn 0.9238 0.3785 0.0588
vn 0.9237 -0.3709 -0.0961
vn 0.3822 -0.8946 -0.2316
vn -0.3822 -0.8946 -0.2316
vn -0.9237 -0.3709 -0.0961
vn -0.9237 0.3709 0.0962
vn -0.3822 0.8945 0.2320
vn 0.3822 0.8945 0.2320
vn 0.9237 0.3709 0.0962
vn 0.9236 -0.3576 -0.1380
vn 0.3821 -0.8622 -0.3325
vn -0.3821 -0.8622 -0.3325
vn -0.9236 -0.3576 -0.1380
vn -0.9236 0.3575 0.1381
vn -0.3821 0.8620 0.3330
vn 0.3821 0.8620 0.3330
vn 0.9236 0.3575 0.1381
vn 0.9237 -0.3376 -0.1813
vn 0.3822 -0.8140 -0.4374
vn -0.3822 -0.8140 -0.4374
vn -0.9237 -0.3376 -0.1813
vn -0.9237 0.3377 0.1811
vn -0.3822 0.8144 0.4366
vn 0.3822 0.8144 0.4366
vn 0.9237 0.3377 0.1811
vn 0.9237 -0.3175 -0.2144
vn 0.3823 -0.7657 -0.5172
vn -0.3823 -0.7657 -0.5172
vn -0.9237 -0.3175 -0.2144
vn -0.9237 0.3175 0.2143
vn -0.3823 0.7659 0.5169
vn 0.3823 0.7659 0.5169
vn 0.9237 0.3175 0.2143
vn 0.9238 -0.2975 -0.2410
vn 0.3824 -0.7179 -0.5817
vn -0.3824 -0.7179 -0.5817
vn -0.9238 -0.2975 -0.2410
vn -0.9238 0.2976 0.2410
vn -0.3824 0.7181 0.5815
vn 0.3824 0.7181 0.5815
vn 0.9238 0.2976 0.2410
vn 0.9238 -0.2797 -0.2614
vn 0.3825 -0.6750 -0.6309
vn -0.3825 -0.6750 -0.6309
vn -0.9238 -0.2797 -0.2614
vn -0.9238 0.2798 0.2613
vn -0.3825 0.6752 0.6307
vn 0.3825 0.6752 0.6307
vn 0.9238 0.2797 0.2613
vn 0.9238 -0.2655 -0.2758
vn 0.3826 -0.6407 -0.6657
vn -0.3826 -0.6407 -0.6657
vn -0.9238 -0.2655 -0.2758
vn -0.9238 0.2655 0.2757
vn -0.3826 0.6409 0.6655
vn 0.3826 0.6409 0.6655
vn 0.9238 0.2655 0.2757
vn 0.9239 -0.2549 -0.2855
vn 0.3826 -0.6153 -0.6892
vn -0.3826 -0.6153 -0.6892
vn -0.9239 -0.2549 -0.2855
vn -0.9239 0.2549 0.2855
vn -0.3826 0.6154 0.6891
vn 0.3826 0.6154 0.6891
vn 0.9239 0.2549 0.2855
vn 0.9239 -0.2473 -0.2921
vn 0.3827 -0.5970 -0.7051
vn -0.3827 -0.5970 -0.7051
vn -0.9239 -0.2473 -0.2921
vn -0.9239 0.2473 0.2921
vn -0.3827 0.5970 0.7051
vn 0.3827 0.5970 0.7051
vn 0.9239 0.2473 0.2921
vn 0.9239 -0.2398 -0.2982
vn 0.3827 -0.5789 -0.7200
vn -0.3827 -0.5789 -0.7200
vn -0.9239 -0.2398 -0.2982
vn -0.9239 0.2398 0.2982
vn -0.3827 0.5790 0.7200
vn 0.3827 0.5790 0.7200
vn 0.9239 0.2398 0.2982
vn 0.9239 -0.2354 -0.3018
vn 0.3827 -0.5682 -0.7285
vn -0.3827 -0.5682 -0.7285
vn -0.9239 -0.2354 -0.3018
vn -0.9239 0.2354 0.3017
vn -0.3827 0.5682 0.7285
vn 0.3827 0.5682 0.7285
vn 0.9239 0.2354 0.3017
vn 0.9239 -0.2332 -0.3034
vn 0.3827 -0.5630 -0.7326
vn -0.3827 -0.5630 -0.7326
vn -0.9239 -0.2332 -0.3034
vn -0.9239 0.2332 0.3034
vn -0.3827 0.5629 0.7326
vn 0.3827 0.5629 0.7326
vn 0.9239 0.2332 0.3034
vn 0.9239 -0.2298 -0.3060
vn 0.3827 -0.5547 -0.7388
vn -0.3827 -0.5547 -0.7388
vn -0.9239 -0.2298 -0.3060
vn -0.9239 0.2298 0.3060
vn -0.3827 0.5547 0.7388
vn 0.3827 0.5547 0.7388
vn 0.9239 0.2298 0.3060
vn 0.9239 -0.2294 -0.3063
vn 0.3827 -0.5539 -0.7394
vn -0.3827 -0.5539 -0.7394
vn -0.9239 -0.2294 -0.3063
vn -0.9239 0.2294 0.3063
vn -0.3827 0.5539 0.7394
vn 0.3827 0.5539 0.7394
vn 0.9239 0.2294 0.3063
vn 0.9239 -0.2286 -0.3069
vn 0.3827 -0.5519 -0.7409
vn -0.3827 -0.5519 -0.7409
vn -0.9239 -0.2286 -0.3069
vn -0.9239 0.2286 0.3069
vn -0.3827 0.5519 0.7409
vn 0.3827 0.5519 0.7409
vn 0.9239 0.2286 0.3069
vn 0.9239 -0.2290 -0.3066
vn 0.3827 -0.5529 -0.7402
vn -0.3827 -0.5529 -0.7402
vn -0.9239 -0.2290 -0.3066
vn -0.9239 0.2290 0.3066
vn -0.3827 0.5529 0.7402
vn 0.3827 0.5529 0.7402
vn 0.9239 0.2290 0.3066
vn 0.3827 -0.5548 -0.7387
vn -0.3827 -0.5548 -0.7387
vn -0.3827 0.5548 0.7387
vn 0.3827 0.5548 0.7387
vn 0.9239 -0.2307 -0.3053
vn 0.3827 -0.5570 -0.7371
vn -0.3827 -0.5570 -0.7371
vn -0.9239 -0.2307 -0.3053
vn -0.9239 0.2307 0.3053
vn -0.3827 0.5570 0.7371
vn 0.3827 0.5570 0.7371
vn 0.9239 0.2307 0.3053
vn 0.9239 -0.2333 -0.3033
vn 0.3827 -0.5633 -0.7323
vn -0.3827 -0.5633 -0.7323
vn -0.9239 -0.2333 -0.3033
vn -0.9239 0.2333 0.3033
vn -0.3827 0.5633 0.7323
vn 0.3827 0.5633 0.7323
vn 0.9239 0.2333 0.3033
vn 0.9239 -0.2334 -0.3032
vn 0.3827 -0.5636 -0.7321
vn -0.3827 -0.5636 -0.7321
vn -0.9239 -0.2334 -0.3032
vn -0.9239 0.2334 0.3032
vn -0.3827 0.5635 0.7321
vn 0.3827 0.5635 0.7321
vn 0.9239 0.2334 0.3032
vn 0.9239 -0.2390 -0.2989
vn 0.3827 -0.5770 -0.7216
vn -0.3827 -0.5770 -0.7216
vn -0.9239 -0.2390 -0.2989
vn -0.9239 0.2390 0.2989
vn -0.3827 0.5770 0.7215
vn 0.3827 0.5770 0.7215
vn 0.9239 0.2390 0.2989
vn 0.3827 -0.5769 -0.7216
vn -0.3827 -0.5769 -0.7216
vn -0.3827 0.5769 0.7217
vn 0.3827 0.5769 0.7217
vn 0.9239 -0.2441 -0.2947
vn 0.3827 -0.5894 -0.7115
vn -0.3827 -0.5894 -0.7115
vn -0.9239 -0.2441 -0.2947
vn -0.9239 0.2441 0.2947
vn -0.3827 0.5894 0.7115
vn 0.3827 0.5894 0.7115
vn 0.9239 0.2441 0.2947
vn 0.9239 -0.2468 -0.2925
vn 0.3827 -0.5957 -0.7062
vn -0.3827 -0.5957 -0.7062
vn -0.9239 -0.2468 -0.2925
vn -0.9239 0.2468 0.2925
vn -0.3827 0.5957 0.7062
vn 0.3827 0.5957 0.7062
vn 0.9239 0.2468 0.2925
vn 0.9239 -0.2484 -0.2911
vn 0.3827 -0.5996 -0.7028
vn -0.3827 -0.5996 -0.7028
vn -0.9239 -0.2484 -0.2912
vn -0.9239 0.2484 0.2912
vn -0.3827 0.5995 0.7029
vn 0.3827 0.5995 0.7029
vn 0.9239 0.2484 0.2912
vn 0.9239 -0.2566 -0.2839
vn 0.3827 -0.6195 -0.6854
vn -0.3827 -0.6195 -0.6854
vn -0.9239 -0.2566 -0.2839
vn -0.9239 0.2567 0.2839
vn -0.3827 0.6196 0.6853
vn 0.3827 0.6196 0.6853
vn 0.9239 0.2567 0.2839
vn 0.9239 -0.2566 -0.2840
vn 0.3827 -0.6194 -0.6855
vn -0.3827 -0.6194 -0.6855
vn -0.9239 -0.2566 -0.2840
vn -0.9239 0.2565 0.2840
vn -0.3827 0.6193 0.6856
vn 0.3827 0.6193 0.6856
vn 0.9239 0.2565 0.2840
vn 0.9239 -0.2632 -0.2778
vn 0.3827 -0.6353 -0.6707
vn -0.3827 -0.6353 -0.6707
vn -0.9239 -0.2632 -0.2778
vn -0.9239 0.2632 0.2778
vn -0.3827 0.6354 0.6707
vn 0.3827 0.6354 0.6707
vn 0.9239 0.2632 0.2778
vn 0.9239 -0.2684 -0.2728
vn 0.3827 -0.6479 -0.6586
vn -0.3827 -0.6479 -0.6586
vn -0.9239 -0.2684 -0.2728
vn -0.9239 0.2684 0.2728
vn -0.3827 0.6480 0.6585
vn 0.3827 0.6480 0.6585
vn 0.9239 0.2684 0.2728
vn 0.9239 -0.2683 -0.2729
vn 0.3826 -0.6478 -0.6587
vn -0.3826 -0.6478 -0.6587
vn -0.9239 -0.2683 -0.2729
vn -0.9239 0.2683 0.2730
vn -0.3826 0.6475 0.6590
vn 0.3826 0.6475 0.6590
vn 0.9239 0.2683 0.2730
vn 0.9239 -0.2798 -0.2611
vn 0.3826 -0.6755 -0.6303
vn -0.3826 -0.6755 -0.6303
vn -0.9239 -0.2798 -0.2611
vn -0.9239 0.2799 0.2610
vn -0.3826 0.6757 0.6301
vn 0.3826 0.6757 0.6301
vn 0.9239 0.2799 0.2610
vn 0.9239 -0.2820 -0.2588
vn 0.3827 -0.6807 -0.6247
vn -0.3827 -0.6807 -0.6247
vn -0.9239 -0.2820 -0.2588
vn -0.9239 0.2820 0.2588
vn -0.3827 0.6807 0.6247
vn 0.3827 0.6807 0.6247
vn 0.9239 0.2820 0.2588
vn 0.9238 -0.2821 -0.2587
vn 0.3826 -0.6811 -0.6243
vn -0.3826 -0.6811 -0.6243
vn -0.9238 -0.2821 -0.2587
vn -0.9238 0.2820 0.2588
vn -0.3826 0.6807 0.6248
vn 0.3826 0.6807 0.6248
vn 0.9238 0.2820 0.2588
vn 0.9238 -0.2973 -0.2411
vn 0.3826 -0.7174 -0.5822
vn -0.3826 -0.7174 -0.5822
vn -0.9238 -0.2973 -0.2411
vn -0.9238 0.2973 0.2410
vn -0.3826 0.7178 0.5817
vn 0.3826 0.7178 0.5817
vn 0.9238 0.2973 0.2410
vn 0.9239 -0.2971 -0.2413
vn 0.3827 -0.7172 -0.5824
vn -0.3827 -0.7172 -0.5824
vn -0.9239 -0.2971 -0.2413
vn -0.9239 0.2971 0.2413
vn -0.3827 0.7171 0.5825
vn 0.3827 0.7171 0.5825
vn 0.9239 0.2971 0.2413
vn 0.9238 -0.2987 -0.2394
vn 0.3826 -0.7211 -0.5777
vn -0.3826 -0.7211 -0.5777
vn -0.9238 -0.2987 -0.2394
vn -0.9238 0.2986 0.2395
vn -0.3826 0.7206 0.5782
vn 0.3826 0.7206 0.5782
vn 0.9238 0.2986 0.2395
vn 0.9238 -0.3135 -0.2196
vn 0.3826 -0.7566 -0.5303
vn -0.3826 -0.7566 -0.5303
vn -0.9238 -0.3135 -0.2196
vn -0.9238 0.3136 0.2195
vn -0.3826 0.7571 0.5296
vn 0.3826 0.7571 0.5296
vn 0.9238 0.3136 0.2195
vn 0.9239 -0.3133 -0.2198
vn 0.3827 -0.7564 -0.5306
vn -0.3827 -0.7564 -0.5306
vn -0.9239 -0.3133 -0.2198
vn -0.9239 0.3133 0.2198
vn -0.3826 0.7563 0.5307
vn 0.3827 0.7562 0.5307
vn 0.9239 0.3133 0.2198
vn 0.9238 -0.3148 -0.2179
vn 0.3826 -0.7598 -0.5256
vn -0.3826 -0.7598 -0.5256
vn -0.9238 -0.3148 -0.2179
vn -0.9238 0.3147 0.2180
vn -0.3826 0.7593 0.5264
vn 0.3826 0.7593 0.5264
vn 0.9238 0.3147 0.2180
vn 0.9238 -0.3302 -0.1937
vn 0.3826 -0.7968 -0.4677
vn -0.3826 -0.7968 -0.4677
vn -0.9238 -0.3302 -0.1937
vn -0.9238 0.3303 0.1935
vn -0.3825 0.7974 0.4667
vn 0.3825 0.7974 0.4667
vn 0.9238 0.3303 0.1935
vn 0.9239 -0.3300 -0.1939
vn 0.3826 -0.7966 -0.4680
vn -0.3826 -0.7966 -0.4680
vn -0.9239 -0.3300 -0.1939
vn -0.9239 0.3300 0.1939
vn -0.3826 0.7965 0.4681
vn 0.3826 0.7965 0.4681
vn 0.9239 0.3300 0.1939
vn 0.9238 -0.3300 -0.1942
vn 0.3825 -0.7965 -0.4683
vn -0.3825 -0.7965 -0.4683
vn -0.9238 -0.3300 -0.1942
vn -0.9238 0.3298 0.1944
vn -0.3825 0.7957 0.4696
vn 0.3825 0.7957 0.4696
vn 0.9238 0.3298 0.1944
vn 0.9238 -0.3460 -0.1639
vn 0.3825 -0.8348 -0.3959
vn -0.3825 -0.8348 -0.3959
vn -0.9238 -0.3460 -0.1639
vn -0.9238 0.3461 0.1637
vn -0.3825 0.8355 0.3946
vn 0.3825 0.8355 0.3946
vn 0.9238 0.3461 0.1637
vn 0.9239 -0.3462 -0.1632
vn 0.3826 -0.8357 -0.3940
vn -0.3826 -0.8357 -0.3940
vn -0.9239 -0.3462 -0.1632
vn -0.9239 0.3462 0.1632
vn -0.3827 0.8357 0.3939
vn 0.3827 0.8357 0.3939
vn 0.9239 0.3462 0.1632
vn 0.9238 -0.3461 -0.1636
vn 0.3825 -0.8355 -0.3944
vn -0.3825 -0.8355 -0.3944
vn -0.9238 -0.3461 -0.1636
vn -0.9238 0.3460 0.1638
vn -0.3825 0.8349 0.3957
vn 0.3825 0.8349 0.3957
vn 0.9238 0.3460 0.1638
vn 0.9238 -0.3574 -0.1371
vn 0.3826 -0.8625 -0.3312
vn -0.3826 -0.8625 -0.3312
vn -0.9238 -0.3574 -0.1371
vn -0.9238 0.3574 0.1370
vn -0.3826 0.8628 0.3304
vn 0.3826 0.8628 0.3304
vn 0.9238 0.3574 0.1370
vn 0.9239 -0.3608 -0.1278
vn 0.3826 -0.8708 -0.3088
vn -0.3826 -0.8708 -0.3088
vn -0.9239 -0.3608 -0.1278
vn -0.9239 0.3608 0.1277
vn -0.3826 0.8710 0.3082
vn 0.3826 0.8710 0.3082
vn 0.9239 0.3608 0.1277
vn 0.9238 -0.3607 -0.1282
vn 0.3826 -0.8706 -0.3092
vn -0.3826 -0.8706 -0.3092
vn -0.9238 -0.3607 -0.1282
vn -0.9238 0.3606 0.1284
vn -0.3826 0.8703 0.3102
vn 0.3826 0.8703 0.3102
vn 0.9238 0.3606 0.1284
vn 0.9239 -0.3654 -0.1138
vn 0.3826 -0.8822 -0.2746
vn -0.3826 -0.8822 -0.2746
vn -0.9239 -0.3654 -0.1138
vn -0.9239 0.3654 0.1139
vn -0.3826 0.8820 0.2751
vn 0.3826 0.8820 0.2751
vn 0.9239 0.3654 0.1139
vn 0.9238 -0.3725 -0.0884
vn 0.3825 -0.8989 -0.2138
vn -0.3825 -0.8989 -0.2138
vn -0.9238 -0.3725 -0.0884
vn -0.9238 0.3726 0.0882
vn -0.3825 0.8992 0.2124
vn 0.3825 0.8992 0.2124
vn 0.9238 0.3726 0.0882
vn 0.9239 -0.3723 -0.0888
vn 0.3826 -0.8987 -0.2143
vn -0.3826 -0.8987 -0.2143
vn -0.9239 -0.3723 -0.0888
vn -0.9239 0.3723 0.0888
vn -0.3826 0.8987 0.2145
vn 0.3826 0.8987 0.2145
vn 0.9239 0.3723 0.0888
vn 0.9238 -0.3724 -0.0892
vn 0.3824 -0.8987 -0.2148
vn -0.3824 -0.8987 -0.2148
vn -0.9238 -0.3724 -0.0892
vn -0.9238 0.3723 0.0895
vn -0.3824 0.8982 0.2166
vn 0.3824 0.8982 0.2166
vn 0.9238 0.3723 0.0895
vn 0.9238 -0.3790 -0.0540
vn 0.3825 -0.9147 -0.1306
vn -0.3825 -0.9147 -0.1306
vn -0.9238 -0.3790 -0.0540
vn -0.9238 0.3791 0.0537
vn -0.3825 0.9149 0.1293
vn 0.3825 0.9149 0.1293
vn 0.9238 0.3791 0.0537
vn 0.9238 -0.3799 -0.0465
vn 0.3826 -0.9170 -0.1124
vn -0.3826 -0.9170 -0.1124
vn -0.9238 -0.3799 -0.0465
vn -0.9238 0.3800 0.0463
vn -0.3826 0.9172 0.1116
vn 0.3826 0.9172 0.1116
vn 0.9238 0.3800 0.0463
vn 0.9239 -0.3799 -0.0468
vn 0.3826 -0.9170 -0.1129
vn -0.3826 -0.9170 -0.1129
vn -0.9239 -0.3799 -0.0468
vn -0.9239 0.3799 0.0470
vn -0.3826 0.9169 0.1136
vn 0.3826 0.9169 0.1136
vn 0.9238 0.3799 0.0470
vn 0.9238 -0.3803 -0.0452
vn 0.3824 -0.9176 -0.1085
vn -0.3824 -0.9176 -0.1085
vn -0.9238 -0.3803 -0.0452
vn -0.9238 0.3803 0.0455
vn -0.3824 0.9174 0.1104
vn 0.3824 0.9174 0.1104
vn 0.9238 0.3803 0.0455
vn 0.9237 -0.3830 -0.0030
vn 0.3824 -0.9240 -0.0077
vn -0.3824 -0.9240 -0.0077
vn -0.9237 -0.3830 -0.0030
vn -0.9237 0.3830 0.0026
vn -0.3823 0.9240 0.0058
vn 0.3823 0.9240 0.0058
vn 0.9237 0.3830 0.0026
vn 0.9239 -0.3827 -0.0033
vn 0.3826 -0.9239 -0.0081
vn -0.3826 -0.9239 -0.0081
vn -0.9239 -0.3827 -0.0033
vn -0.9239 0.3827 0.0032
vn -0.3826 0.9239 0.0075
vn 0.3826 0.9239 0.0075
vn 0.9239 0.3827 0.0032
vn 0.9239 -0.3827 -0.0036
vn 0.3826 -0.9239 -0.0085
vn -0.3826 -0.9239 -0.0085
vn -0.9239 -0.3827 -0.0036
vn -0.9239 0.3827 0.0037
vn -0.3826 0.9239 0.0092
vn 0.3826 0.9239 0.0092
vn 0.9239 0.3827 0.0037
vn 0.9237 -0.3830 -0.0039
vn 0.3824 -0.9240 -0.0089
vn -0.3824 -0.9240 -0.0089
vn -0.9237 -0.3830 -0.0039
vn -0.9237 0.3830 0.0043
vn -0.3823 0.9240 0.0109
vn 0.3823 0.9240 0.0109
vn 0.9237 0.3830 0.0043
vn 0.9237 -0.3832 -0.0035
vn 0.3822 -0.9240 -0.0083
vn -0.3822 -0.9240 -0.0083
vn -0.9237 -0.3832 -0.0035
vn -0.9237 0.3832 0.0035
vn -0.3822 0.9240 0.0084
vn 0.3822 0.9240 0.0084
vn 0.9237 0.3832 0.0035
vn 0.0596 -0.3653 -0.9290
vn 0.1328 -0.9090 -0.3951
vn 0.1278 -0.9201 0.3702
vn 0.0480 -0.3924 0.9186
vn -0.0598 0.3652 0.9290
vn -0.1328 0.9090 0.3951
vn -0.1284 0.9200 -0.3702
vn -0.0487 0.3923 -0.9186
vn 0.0687 -0.3628 -0.9293
vn 0.1313 -0.9086 -0.3964
vn 0.1170 -0.9222 0.3687
vn 0.0341 -0.3955 0.9178
vn -0.0687 0.3628 0.9293
vn -0.1313 0.9086 0.3964
vn -0.1170 0.9222 -0.3687
vn -0.0342 0.3955 -0.9178
vn 0.0698 -0.3613 -0.9298
vn 0.1465 -0.9058 -0.3975
vn 0.1373 -0.9198 0.3677
vn 0.0478 -0.3949 0.9175
vn -0.0697 0.3613 0.9298
vn -0.1464 0.9059 0.3975
vn -0.1373 0.9198 -0.3677
vn -0.0478 0.3949 -0.9175
vn 0.0938 -0.3558 -0.9298
vn 0.1724 -0.9008 -0.3984
vn 0.1502 -0.9182 0.3665
vn 0.0401 -0.3976 0.9167
vn -0.0934 0.3559 0.9299
vn -0.1723 0.9009 0.3984
vn -0.1502 0.9182 -0.3665
vn -0.0399 0.3976 -0.9167
vn 0.1539 -0.3426 -0.9268
vn 0.2108 -0.8928 -0.3981
vn 0.1448 -0.9198 0.3647
vn -0.0052 -0.4072 0.9133
vn -0.1522 0.3430 0.9269
vn -0.2105 0.8929 0.3981
vn -0.1446 0.9198 -0.3647
vn 0.0069 0.4076 -0.9131
vn 0.3065 -0.3077 -0.9008
vn 0.2849 -0.8760 -0.3890
vn 0.0977 -0.9292 0.3563
vn -0.1426 -0.4348 0.8892
vn -0.3003 0.3089 0.9024
vn -0.2843 0.8762 0.3892
vn -0.0961 0.9296 -0.3559
vn 0.1498 0.4363 -0.8873
vn 0.5806 -0.2424 -0.7772
vn 0.3993 -0.8492 -0.3455
vn -0.0161 -0.9501 0.3117
vn -0.3938 -0.4819 0.7827
vn -0.5512 0.2473 0.7969
vn -0.3964 0.8497 0.3477
vn 0.0228 0.9515 -0.3067
vn 0.4277 0.4891 -0.7602
vn 0.8878 -0.1906 -0.4189
vn 0.5166 -0.8299 -0.2108
vn -0.1805 -0.9770 0.1133
vn -0.7672 -0.5446 0.3388
vn -0.9055 0.1881 0.3803
vn -0.5190 0.8295 0.2062
vn 0.1761 0.9768 -0.1216
vn 0.7470 0.5441 -0.3821
vn 0.9693 -0.1983 -0.1456
vn 0.5398 -0.8328 -0.1225
vn -0.2115 -0.9768 -0.0327
vn -0.8347 -0.5463 0.0690
vn -0.9709 0.1989 0.1334
vn -0.5401 0.8329 0.1212
vn 0.2110 0.9770 0.0295
vn 0.8328 0.5473 -0.0833
vn 0.9774 -0.2113 -0.0010
vn 0.5423 -0.8362 -0.0818
vn -0.2117 -0.9703 -0.1168
vn -0.8403 -0.5354 -0.0852
vn -0.9773 0.2117 -0.0029
vn -0.5423 0.8362 0.0815
vn 0.2117 0.9705 0.1156
vn 0.8404 0.5360 0.0804
vn 0.9733 -0.2194 0.0677
vn 0.5421 -0.8377 -0.0654
vn -0.2067 -0.9650 -0.1611
vn -0.8341 -0.5269 -0.1630
vn -0.9732 0.2196 -0.0689
vn -0.5422 0.8377 0.0659
vn 0.2067 0.9651 0.1611
vn 0.8343 0.5272 0.1613
vn 0.9691 -0.2254 0.1005
vn 0.5422 -0.8380 -0.0607
vn -0.2022 -0.9611 -0.1882
vn -0.8294 -0.5201 -0.2040
vn -0.9695 0.2248 -0.0973
vn -0.5429 0.8372 0.0663
vn 0.2020 0.9608 0.1900
vn 0.8294 0.5202 0.2035
vn 0.9805 -0.1917 -0.0424
vn 0.5562 -0.7974 -0.2339
vn -0.1928 -0.9379 -0.2883
vn -0.8310 -0.5282 -0.1748
vn -0.9805 0.1923 0.0404
vn -0.5562 0.7981 0.2318
vn 0.1928 0.9380 0.2882
vn 0.8310 0.5282 0.1748
vn 0.9810 -0.1694 -0.0944
vn 0.5567 -0.7551 -0.3462
vn -0.1927 -0.8983 -0.3948
vn -0.8297 -0.5163 -0.2124
vn -0.9810 0.1695 0.0942
vn -0.5567 0.7556 0.3452
vn 0.1927 0.8986 0.3942
vn 0.8297 0.5161 0.2127
vn 0.9815 -0.1750 -0.0777
vn 0.5581 -0.7222 -0.4086
vn -0.1920 -0.8454 -0.4985
vn -0.8286 -0.4748 -0.2966
vn -0.9815 0.1745 0.0785
vn -0.5581 0.7225 0.4081
vn 0.1920 0.8454 0.4985
vn 0.8286 0.4740 0.2979
vn 0.9743 -0.2252 0.0046
vn 0.5624 -0.7062 -0.4300
vn -0.1819 -0.7725 -0.6084
vn -0.8159 -0.3887 -0.4281
vn -0.9750 0.2221 -0.0005
vn -0.5624 0.7062 0.4300
vn 0.1816 0.7715 0.6098
vn 0.8149 0.3846 0.4337
vn 0.9149 -0.3648 0.1732
vn 0.5545 -0.7313 -0.3971
vn -0.1384 -0.6646 -0.7343
vn -0.7432 -0.2102 -0.6352
vn -0.9163 0.3623 -0.1706
vn -0.5549 0.7306 0.3978
vn 0.1389 0.6653 0.7335
vn 0.7426 0.2092 0.6362
vn 0.7534 -0.5582 0.3474
vn 0.4990 -0.8001 -0.3330
vn -0.0524 -0.5647 -0.8236
vn -0.5640 0.0039 -0.8258
vn -0.7483 0.5628 -0.3511
vn -0.4989 0.8001 0.3330
vn 0.0544 0.5666 0.8222
vn 0.5713 0.0027 0.8207
vn 0.5444 -0.7098 0.4470
vn 0.4063 -0.8670 -0.2884
vn 0.0302 -0.5109 -0.8591
vn -0.3575 0.1467 -0.9223
vn -0.5367 0.7141 -0.4495
vn -0.4053 0.8676 0.2881
vn -0.0288 0.5118 0.8586
vn 0.3656 -0.1420 0.9199
vn 0.3650 -0.7946 0.4851
vn 0.3163 -0.9096 -0.2694
vn 0.0838 -0.4892 -0.8681
vn -0.1939 0.2192 -0.9562
vn -0.3581 0.7972 -0.4860
vn -0.3148 0.9102 0.2692
vn -0.0831 0.4895 0.8680
vn 0.2000 -0.2168 0.9555
vn 0.2453 -0.8336 0.4948
vn 0.2513 -0.9313 -0.2639
vn 0.1109 -0.4824 -0.8689
vn -0.0927 0.2497 -0.9639
vn -0.2419 0.8346 -0.4949
vn -0.2504 0.9315 0.2638
vn -0.1106 0.4824 0.8689
vn 0.0955 -0.2489 0.9638
vn 0.1740 -0.8507 0.4960
vn 0.2109 -0.9415 -0.2628
vn 0.1242 -0.4805 -0.8681
vn -0.0355 0.2620 -0.9644
vn -0.1744 0.8506 -0.4961
vn -0.2111 0.9415 0.2628
vn -0.1241 0.4805 0.8681
vn 0.0354 -0.2620 0.9644
vn 0.0864 -0.8659 0.4926
vn 0.1571 -0.9515 -0.2644
vn 0.1363 -0.4794 -0.8669
vn 0.0366 0.2738 -0.9611
vn -0.0844 0.8662 -0.4925
vn -0.1564 0.9516 0.2645
vn -0.1362 0.4794 0.8669
vn -0.0352 -0.2736 0.9612
vn 0.0752 -0.8670 0.4926
vn 0.1521 -0.9524 -0.2640
vn 0.1400 -0.4799 -0.8661
vn 0.0462 0.2738 -0.9607
vn -0.0747 0.8671 -0.4926
vn -0.1520 0.9525 0.2641
vn -0.1401 0.4799 0.8661
vn -0.0459 -0.2738 0.9607
vn 0.0584 -0.8685 0.4922
vn 0.1486 -0.9532 -0.2631
vn 0.1520 -0.4796 -0.8642
vn 0.0663 0.2751 -0.9591
vn -0.0583 0.8685 -0.4922
vn -0.1489 0.9532 0.2631
vn -0.1521 0.4795 0.8642
vn -0.0662 -0.2751 0.9591
vn 0.0699 -0.8661 0.4950
vn 0.1795 -0.9493 -0.2580
vn 0.1838 -0.4766 -0.8597
vn 0.0806 0.2753 -0.9580
vn -0.0699 0.8661 -0.4950
vn -0.1798 0.9493 0.2580
vn -0.1844 0.4765 0.8596
vn -0.0809 -0.2753 0.9579
vn 0.0550 -0.8671 0.4951
vn 0.2271 -0.9415 -0.2491
vn 0.2632 -0.4639 -0.8459
vn 0.1464 0.2834 -0.9477
vn -0.0557 0.8670 -0.4953
vn -0.2278 0.9413 0.2490
vn -0.2677 0.4631 0.8449
vn -0.1509 -0.2843 0.9468
vn -0.1084 -0.8885 0.4458
vn 0.3217 -0.9212 -0.2190
vn 0.5337 -0.3943 -0.7482
vn 0.4341 0.3317 -0.8376
vn 0.0986 0.8863 -0.4524
vn -0.3219 0.9211 0.2188
vn -0.5505 0.3915 0.7373
vn -0.4617 -0.3373 0.8204
vn -0.3641 -0.9234 0.1218
vn 0.3744 -0.9148 -0.1517
vn 0.8873 -0.3420 -0.3094
vn 0.8740 0.3992 -0.2770
vn 0.3702 0.9228 -0.1069
vn -0.3743 0.9148 0.1520
vn -0.8780 0.3423 0.3345
vn -0.8589 -0.4006 0.3190
vn -0.3969 -0.9071 -0.1398
vn 0.3687 -0.9141 -0.1690
vn 0.9185 -0.3838 -0.0949
vn 0.9286 0.3692 0.0369
vn 0.3972 0.9062 0.1447
vn -0.3687 0.9141 0.1690
vn -0.9184 0.3833 0.0981
vn -0.9283 -0.3706 -0.0286
vn -0.3981 -0.8907 -0.2196
vn 0.3668 -0.9073 -0.2053
vn 0.9171 -0.3925 -0.0703
vn 0.9299 0.3522 0.1063
vn 0.3981 0.8905 0.2205
vn -0.3669 0.9073 0.2053
vn -0.9171 0.3925 0.0703
vn -0.9299 -0.3524 -0.1055
vn -0.3992 -0.8826 -0.2483
vn 0.3658 -0.9009 -0.2336
vn 0.9165 -0.3916 -0.0822
vn 0.9304 0.3470 0.1178
vn 0.3992 0.8825 0.2485
vn -0.3658 0.9011 0.2330
vn -0.9164 0.3919 0.0810
vn -0.9304 -0.3470 -0.1180
vn -0.4012 -0.8740 -0.2741
vn 0.3636 -0.8812 -0.3022
vn 0.9152 -0.3727 -0.1536
vn 0.9312 0.3543 0.0852
vn 0.4012 0.8739 0.2743
vn -0.3636 0.8811 0.3026
vn -0.9152 0.3727 0.1535
vn -0.9313 -0.3542 -0.0853
vn -0.4061 -0.8583 -0.3136
vn 0.3556 -0.8516 -0.3850
vn 0.9091 -0.3465 -0.2314
vn 0.9303 0.3622 0.0577
vn 0.4061 0.8582 0.3139
vn -0.3555 0.8509 0.3868
vn -0.9089 0.3458 0.2330
vn -0.9303 -0.3622 -0.0576
vn -0.4142 -0.8324 -0.3682
vn 0.3471 -0.8263 -0.4435
vn 0.9055 -0.3358 -0.2595
vn 0.9330 0.3516 0.0766
vn 0.4142 0.8324 0.3681
vn -0.3470 0.8260 0.4443
vn -0.9055 0.3358 0.2595
vn -0.9331 -0.3512 -0.0774
vn -0.4228 -0.7888 -0.4461
vn 0.3422 -0.8076 -0.4803
vn 0.9068 -0.3506 -0.2342
vn 0.9388 0.3109 0.1480
vn 0.4228 0.7897 0.4446
vn -0.3422 0.8074 0.4806
vn -0.9068 0.3518 0.2322
vn -0.9390 -0.3087 -0.1518
vn -0.4168 -0.6994 -0.5807
vn 0.3412 -0.8029 -0.4889
vn 0.8964 -0.4296 -0.1089
vn 0.9242 0.1895 0.3315
vn 0.4167 0.6992 0.5810
vn -0.3411 0.8030 0.4887
vn -0.8958 0.4315 0.1061
vn -0.9237 -0.1879 -0.3338
vn -0.3519 -0.5735 -0.7398
vn 0.3282 -0.8251 -0.4600
vn 0.8091 -0.5805 0.0913
vn 0.8145 -0.0070 0.5802
vn 0.3519 0.5735 0.7398
vn -0.3279 0.8254 0.4595
vn -0.8067 0.5834 -0.0947
vn -0.8123 0.0096 -0.5832
vn -0.2069 -0.4567 -0.8653
vn 0.2770 -0.8648 -0.4187
vn 0.5900 -0.7590 0.2755
vn 0.5572 -0.2169 0.8015
vn 0.2043 0.4551 0.8667
vn -0.2770 0.8648 0.4187
vn -0.5938 0.7567 -0.2733
vn -0.5638 0.2130 -0.7979
vn -0.0778 -0.4000 -0.9132
vn 0.2166 -0.8908 -0.3994
vn 0.3793 -0.8570 0.3489
vn 0.3201 -0.3245 0.8901
vn 0.0758 0.3993 0.9137
vn -0.2168 0.8908 0.3994
vn -0.3837 0.8555 -0.3478
vn -0.3265 0.3223 -0.8886
vn -0.0041 -0.3787 -0.9255
vn 0.1749 -0.9021 -0.3945
vn 0.2504 -0.8957 0.3674
vn 0.1793 -0.3659 0.9132
vn 0.0036 0.3786 0.9255
vn -0.1749 0.9021 0.3945
vn -0.2512 0.8955 -0.3674
vn -0.1807 0.3656 -0.9131
vn 0.0501 -0.3675 -0.9287
vn 0.1379 -0.9088 -0.3939
vn 0.1433 -0.9173 0.3715
vn 0.0650 -0.3890 0.9189
vn -0.0508 0.3673 0.9287
vn -0.1382 0.9087 0.3939
vn -0.1458 0.9169 -0.3715
vn -0.0680 0.3885 -0.9189
vn 0.0617 -0.3649 -0.9290
vn 0.1317 -0.9091 -0.3953
vn 0.1242 -0.9207 0.3700
vn 0.0440 -0.3931 0.9185
vn -0.0618 0.3648 0.9290
vn -0.1317 0.9091 0.3953
vn -0.1247 0.9206 -0.3700
vn -0.0447 0.3930 -0.9185
vn 0.0688 -0.3626 -0.9294
vn 0.1335 -0.9083 -0.3965
vn 0.1199 -0.9218 0.3686
vn 0.0360 -0.3954 0.9178
vn -0.0689 0.3626 0.9294
vn -0.1334 0.9083 0.3965
vn -0.1198 0.9218 -0.3686
vn -0.0361 0.3954 -0.9178
vn 0.0638 -0.0078 -0.9979
vn 0.0600 0.0425 -0.9973
vn 0.9925 -0.0294 0.1184
vn 0.0423 -0.0329 -0.9986
vn -0.9998 -0.0067 -0.0207
vn -0.9979 0.0058 -0.0652
vn 0.0004 1.0000 -0.0051
vn 0.0345 0.0042 0.9994
vn 0.0012 -0.0053 1.0000
vn 0.9903 0.0342 0.1344
vn 0.9974 -0.0038 0.0722
vn -0.0790 0.0019 0.9969
vn -0.9964 -0.0000 -0.0842
vn -0.1403 -0.3653 0.9203
vn -0.1667 -0.9090 0.3820
vn -0.0950 -0.9201 -0.3799
vn 0.0323 -0.3924 -0.9192
vn 0.1405 0.3652 -0.9202
vn 0.1668 0.9090 -0.3820
vn 0.0956 0.9200 0.3800
vn -0.0315 0.3923 0.9193
vn -0.1494 -0.3628 0.9198
vn -0.1654 -0.9086 0.3835
vn -0.0844 -0.9222 -0.3775
vn 0.0460 -0.3955 -0.9173
vn 0.1495 0.3628 -0.9198
vn 0.1653 0.9086 -0.3835
vn 0.0844 0.9222 0.3775
vn -0.0459 0.3955 0.9173
vn -0.1506 -0.3613 0.9202
vn -0.1805 -0.9058 0.3832
vn -0.1047 -0.9198 -0.3782
vn 0.0324 -0.3949 -0.9182
vn 0.1505 0.3613 -0.9202
vn 0.1804 0.9059 -0.3832
vn 0.1048 0.9198 0.3782
vn -0.0324 0.3949 0.9182
vn -0.1744 -0.3558 0.9181
vn -0.2065 -0.9008 0.3819
vn -0.1177 -0.9182 -0.3782
vn 0.0399 -0.3976 -0.9167
vn 0.1741 0.3559 -0.9182
vn 0.2064 0.9009 -0.3819
vn 0.1177 0.9182 0.3782
vn -0.0402 0.3976 0.9167
vn -0.2341 -0.3426 0.9098
vn -0.2447 -0.8928 0.3782
vn -0.1125 -0.9198 -0.3759
vn 0.0848 -0.4072 -0.9094
vn 0.2324 0.3430 -0.9101
vn 0.2444 0.8929 -0.3783
vn 0.1123 0.9198 0.3759
vn -0.0864 0.4076 0.9091
vn -0.3839 -0.3077 0.8706
vn -0.3177 -0.8760 0.3627
vn -0.0663 -0.9292 -0.3635
vn 0.2195 -0.4348 -0.8734
vn 0.3778 0.3089 -0.8728
vn 0.3172 0.8762 -0.3630
vn 0.0648 0.9296 0.3629
vn -0.2266 0.4363 0.8708
vn -0.6462 -0.2424 0.7237
vn -0.4279 -0.8492 0.3094
vn 0.0432 -0.9501 -0.3091
vn 0.4606 -0.4819 -0.7454
vn 0.6186 0.2473 -0.7458
vn 0.4252 0.8497 -0.3118
vn -0.0495 0.9515 0.3036
vn -0.4923 0.4891 0.7200
vn -0.9209 -0.1906 0.3400
vn -0.5330 -0.8299 0.1650
vn 0.1897 -0.9770 -0.0972
vn 0.7938 -0.5446 -0.2706
vn 0.9352 0.1881 -0.2999
vn 0.5350 0.8295 -0.1602
vn -0.1860 0.9768 0.1058
vn -0.7774 0.5441 0.3156
vn -0.9783 -0.1983 0.0606
vn -0.5485 -0.8328 0.0750
vn 0.2079 -0.9768 0.0510
vn 0.8376 -0.5463 0.0040
vn 0.9788 0.1989 -0.0483
vn 0.5486 0.8329 -0.0736
vn -0.2076 0.9770 -0.0477
vn -0.8369 0.5473 0.0104
vn -0.9738 -0.2113 -0.0842
vn -0.5474 -0.8362 0.0342
vn 0.2007 -0.9703 0.1348
vn 0.8296 -0.5354 0.1581
vn 0.9734 0.2117 0.0880
vn 0.5473 0.8362 -0.0339
vn -0.2009 0.9705 -0.1336
vn -0.8302 0.5360 -0.1533
vn -0.9637 -0.2194 -0.1522
vn -0.5458 -0.8377 0.0179
vn 0.1919 -0.9650 0.1785
vn 0.8167 -0.5269 0.2351
vn 0.9635 0.2196 0.1534
vn 0.5459 0.8377 -0.0184
vn -0.1919 0.9651 -0.1785
vn -0.8171 0.5272 -0.2334
vn -0.9566 -0.2254 -0.1846
vn -0.5455 -0.8380 0.0132
vn 0.1850 -0.9611 0.2051
vn 0.8084 -0.5201 0.2755
vn 0.9574 0.2248 0.1814
vn 0.5466 0.8372 -0.0188
vn -0.1847 0.9608 -0.2069
vn -0.8085 0.5202 -0.2750
vn -0.9805 -0.1917 -0.0432
vn -0.5745 -0.7974 0.1845
vn 0.1670 -0.9379 0.3040
vn 0.8126 -0.5282 0.2466
vn 0.9803 0.1923 0.0452
vn 0.5743 0.7981 -0.1824
vn -0.1670 0.9380 -0.3039
vn -0.8126 0.5282 -0.2466
vn -0.9855 -0.1694 0.0085
vn -0.5847 -0.7551 0.2964
vn 0.1575 -0.8983 0.4101
vn 0.8080 -0.5163 0.2839
vn 0.9855 0.1695 -0.0084
vn 0.5847 0.7556 -0.2954
vn -0.1576 0.8986 -0.4095
vn -0.8080 0.5161 -0.2842
vn -0.9845 -0.1750 -0.0081
vn -0.5916 -0.7222 0.3584
vn 0.1478 -0.8454 0.5133
vn 0.7996 -0.4748 0.3677
vn 0.9846 0.1745 0.0073
vn 0.5915 0.7225 -0.3579
vn -0.1478 0.8454 -0.5133
vn -0.7995 0.4740 -0.3690
vn -0.9702 -0.2252 -0.0895
vn -0.5978 -0.7062 0.3793
vn 0.1282 -0.7725 0.6219
vn 0.7755 -0.3887 0.4975
vn 0.9713 0.2221 0.0854
vn 0.5978 0.7062 -0.3794
vn -0.1278 0.7715 -0.6233
vn -0.7740 0.3846 -0.5030
vn -0.8963 -0.3648 -0.2522
vn -0.5870 -0.7313 0.3473
vn 0.0739 -0.6646 0.7435
vn 0.6850 -0.2102 0.6976
vn 0.8979 0.3623 0.2498
vn 0.5875 0.7306 -0.3480
vn -0.0744 0.6653 -0.7428
vn -0.6843 0.2092 -0.6985
vn -0.7203 -0.5582 -0.4118
vn -0.5261 -0.8001 0.2883
vn -0.0196 -0.5647 0.8251
vn 0.4899 0.0039 0.8718
vn 0.7149 0.5628 0.4149
vn 0.5261 0.8001 -0.2882
vn 0.0175 0.5666 -0.8238
vn -0.4976 0.0027 -0.8674
vn -0.5034 -0.7098 -0.4928
vn -0.4299 -0.8670 0.2519
vn -0.1050 -0.5109 0.8532
vn 0.2758 0.1467 0.9500
vn 0.4955 0.7141 0.4945
vn 0.4289 0.8676 -0.2517
vn 0.1036 0.5118 -0.8528
vn -0.2840 -0.1420 -0.9482
vn -0.3214 -0.7946 -0.5151
vn -0.3386 -0.9096 0.2408
vn -0.1591 -0.4892 0.8575
vn 0.1098 0.2192 0.9695
vn 0.3144 0.7972 0.5153
vn 0.3371 0.9102 -0.2407
vn 0.1584 0.4895 -0.8575
vn -0.1159 -0.2168 -0.9693
vn -0.2013 -0.8336 -0.5143
vn -0.2733 -0.9313 0.2410
vn -0.1862 -0.4824 0.8560
vn 0.0084 0.2497 0.9683
vn 0.1978 0.8346 0.5141
vn 0.2724 0.9315 -0.2410
vn 0.1859 0.4824 -0.8560
vn -0.0111 -0.2489 -0.9685
vn -0.1301 -0.8507 -0.5093
vn -0.2330 -0.9415 0.2434
vn -0.1994 -0.4805 0.8540
vn -0.0487 0.2620 0.9638
vn 0.1305 0.8506 0.5094
vn 0.2332 0.9415 -0.2434
vn 0.1993 0.4805 -0.8540
vn 0.0488 -0.2620 -0.9638
vn -0.0432 -0.8659 -0.4983
vn -0.1796 -0.9515 0.2497
vn -0.2113 -0.4794 0.8518
vn -0.1202 0.2738 0.9542
vn 0.0411 0.8662 0.4980
vn 0.1788 0.9516 -0.2498
vn 0.2113 0.4794 -0.8518
vn 0.1188 -0.2736 -0.9545
vn -0.0319 -0.8670 -0.4973
vn -0.1745 -0.9524 0.2498
vn -0.2150 -0.4799 0.8506
vn -0.1297 0.2738 0.9530
vn 0.0315 0.8671 0.4972
vn 0.1744 0.9525 -0.2498
vn 0.2150 0.4799 -0.8506
vn 0.1294 -0.2738 -0.9530
vn -0.0152 -0.8685 -0.4954
vn -0.1710 -0.9532 0.2491
vn -0.2267 -0.4796 0.8477
vn -0.1497 0.2751 0.9497
vn 0.0152 0.8685 0.4954
vn 0.1712 0.9532 -0.2491
vn 0.2269 0.4795 -0.8477
vn 0.1495 -0.2751 -0.9497
vn -0.0265 -0.8661 -0.4992
vn -0.2013 -0.9493 0.2414
vn -0.2580 -0.4766 0.8404
vn -0.1638 0.2753 0.9473
vn 0.0265 0.8661 0.4992
vn 0.2016 0.9493 -0.2414
vn 0.2586 0.4765 -0.8403
vn 0.1641 -0.2753 -0.9472
vn -0.0116 -0.8671 -0.4980
vn -0.2479 -0.9415 0.2284
vn -0.3360 -0.4639 0.8197
vn -0.2284 0.2834 0.9314
vn 0.0124 0.8670 0.4982
vn 0.2486 0.9413 -0.2282
vn 0.3404 0.4631 -0.8183
vn 0.2329 -0.2843 -0.9300
vn 0.1469 -0.8885 -0.4347
vn -0.3396 -0.9212 0.1901
vn -0.5968 -0.3943 0.6988
vn -0.5054 0.3317 0.7966
vn -0.1377 0.8863 0.4421
vn 0.3397 0.9211 -0.1899
vn 0.6127 0.3915 -0.6865
vn 0.5314 -0.3373 -0.7771
vn 0.3734 -0.9234 -0.0896
vn -0.3862 -0.9148 0.1185
vn -0.9109 -0.3420 0.2309
vn -0.8948 0.3992 0.1998
vn -0.3781 0.9228 0.0743
vn 0.3861 0.9148 -0.1188
vn 0.9039 0.3423 -0.2567
vn 0.8835 -0.4006 -0.2429
vn 0.3832 -0.9071 0.1739
vn -0.3820 -0.9141 0.1362
vn -0.9233 -0.3838 0.0144
vn -0.9219 0.3692 -0.1176
vn -0.3831 0.9062 -0.1788
vn 0.3820 0.9141 -0.1362
vn 0.9235 0.3833 -0.0176
vn 0.9223 -0.3706 0.1094
vn 0.3774 -0.8907 0.2534
vn -0.3833 -0.9073 0.1725
vn -0.9197 -0.3925 -0.0099
vn -0.9171 0.3522 -0.1869
vn -0.3774 0.8905 -0.2543
vn 0.3834 0.9073 -0.1726
vn 0.9197 0.3925 0.0099
vn 0.9171 -0.3524 0.1861
vn 0.3761 -0.8826 0.2821
vn -0.3848 -0.9009 0.2009
vn -0.9201 -0.3916 0.0020
vn -0.9166 0.3470 -0.1984
vn -0.3761 0.8825 -0.2823
vn 0.3847 0.9011 -0.2002
vn 0.9200 0.3919 -0.0009
vn 0.9166 -0.3470 0.1987
vn 0.3758 -0.8740 0.3081
vn -0.3886 -0.8812 0.2694
vn -0.9251 -0.3727 0.0733
vn -0.9203 0.3543 -0.1660
vn -0.3758 0.8739 -0.3083
vn 0.3886 0.8811 -0.2697
vn 0.9251 0.3727 -0.0732
vn 0.9203 -0.3542 0.1662
vn 0.3772 -0.8583 0.3478
vn -0.3878 -0.8516 0.3526
vn -0.9258 -0.3465 0.1513
vn -0.9218 0.3622 -0.1386
vn -0.3772 0.8582 -0.3481
vn 0.3878 0.8509 -0.3543
vn 0.9258 0.3458 -0.1529
vn 0.9217 -0.3622 0.1385
vn 0.3805 -0.8324 0.4029
vn -0.3844 -0.8263 0.4115
vn -0.9246 -0.3358 0.1796
vn -0.9228 0.3516 -0.1576
vn -0.3805 0.8324 -0.4028
vn 0.3844 0.8260 -0.4123
vn 0.9246 0.3358 -0.1796
vn 0.9228 -0.3512 0.1584
vn 0.3823 -0.7888 0.4813
vn -0.3828 -0.8076 0.4486
vn -0.9237 -0.3506 0.1543
vn -0.9224 0.3109 -0.2293
vn -0.3824 0.7897 -0.4797
vn 0.3828 0.8074 -0.4489
vn 0.9236 0.3518 -0.1523
vn 0.9221 -0.3087 0.2331
vn 0.3646 -0.6994 0.6148
vn -0.3825 -0.8029 0.4573
vn -0.9025 -0.4296 0.0303
vn -0.8918 0.1895 -0.4108
vn -0.3645 0.6992 -0.6151
vn 0.3824 0.8030 -0.4571
vn 0.9017 0.4315 -0.0276
vn 0.8911 -0.1879 0.4131
vn 0.2861 -0.5735 0.7676
vn -0.3670 -0.8251 0.4296
vn -0.7981 -0.5805 -0.1614
vn -0.7608 -0.0070 -0.6489
vn -0.2861 0.5735 -0.7676
vn 0.3667 0.8254 -0.4292
vn 0.7953 0.5834 0.1646
vn 0.7584 0.0096 0.6518
vn 0.1307 -0.4567 0.8800
vn -0.3125 -0.8648 0.3930
vn -0.5637 -0.7590 -0.3259
vn -0.4853 -0.2169 -0.8470
vn -0.1280 0.4551 -0.8812
vn 0.3124 0.8648 -0.3930
vn 0.5677 0.7567 0.3241
vn 0.4921 0.2130 0.8440
vn -0.0021 -0.4000 0.9165
vn -0.2506 -0.8908 0.3790
vn -0.3474 -0.8570 -0.3806
vn -0.2413 -0.3245 -0.9146
vn 0.0042 0.3993 -0.9168
vn 0.2508 0.8908 -0.3790
vn 0.3520 0.8555 0.3799
vn 0.2478 0.3223 0.9136
vn -0.0765 -0.3787 0.9223
vn -0.2086 -0.9021 0.3777
vn -0.2174 -0.8957 -0.3879
vn -0.0990 -0.3659 -0.9254
vn 0.0771 0.3786 -0.9223
vn 0.2086 0.9021 -0.3777
vn 0.2182 0.8955 0.3879
vn 0.1004 0.3656 0.9254
vn -0.1309 -0.3674 0.9208
vn -0.1717 -0.9088 0.3804
vn -0.1104 -0.9173 -0.3826
vn 0.0153 -0.3890 -0.9211
vn 0.1316 0.3673 -0.9207
vn 0.1720 0.9087 -0.3804
vn 0.1129 0.9169 0.3828
vn -0.0123 0.3885 0.9213
vn -0.1424 -0.3649 0.9201
vn -0.1656 -0.9091 0.3823
vn -0.0915 -0.9207 -0.3794
vn 0.0362 -0.3931 -0.9188
vn 0.1426 0.3648 -0.9201
vn 0.1657 0.9091 -0.3823
vn 0.0920 0.9206 0.3795
vn -0.0356 0.3930 0.9189
vn -0.1496 -0.3626 0.9198
vn -0.1676 -0.9083 0.3834
vn -0.0873 -0.9218 -0.3776
vn 0.0441 -0.3954 -0.9174
vn 0.1496 0.3626 -0.9198
vn 0.1675 0.9083 -0.3834
vn 0.0873 0.9218 0.3776
vn -0.0440 0.3954 0.9174
vt 0.500023 0.287421
vt 0.000551 0.287421
vt 0.000551 0.275117
vt 0.500023 0.275117
vt 0.000551 0.255992
vt 0.500023 0.255992
vt 0.000551 0.236867
vt 0.500023 0.236867
vt 0.000551 0.217742
vt 0.500023 0.217742
vt 0.000551 0.198617
vt 0.500023 0.198617
vt 0.000551 0.179492
vt 0.500023 0.179492
vt 0.000551 0.160367
vt 0.500023 0.160367
vt 0.000551 0.146978
vt 0.500023 0.146978
vt 0.310825 0.664950
vt 0.310825 0.731758
vt 0.210856 0.731758
vt 0.210856 0.664950
vt 0.044191 0.665216
vt 0.010858 0.665216
vt 0.010858 0.598549
vt 0.044191 0.598549
vt 0.077525 0.598549
vt 0.110858 0.598549
vt 0.110858 0.665216
vt 0.077525 0.665216
vt 0.044191 0.731882
vt 0.010858 0.731882
vt 0.110858 0.731882
vt 0.077525 0.731882
vt 0.344191 0.598549
vt 0.310858 0.598549
vt 0.310858 0.531882
vt 0.344191 0.531882
vt 0.377525 0.531882
vt 0.410858 0.531882
vt 0.410858 0.598549
vt 0.377525 0.598549
vt 0.010858 0.531882
vt 0.044191 0.531882
vt 0.077525 0.531882
vt 0.110858 0.531882
vt 0.144191 0.598549
vt 0.144191 0.531882
vt 0.177525 0.531882
vt 0.210858 0.531882
vt 0.210858 0.598549
vt 0.177525 0.598549
vt 0.144191 0.665216
vt 0.210858 0.665216
vt 0.177525 0.665216
vt 0.410884 0.588067
vt 0.410884 0.531498
vt 0.467453 0.531498
vt 0.524021 0.531498
vt 0.580590 0.531498
vt 0.580590 0.588067
vt 0.580590 0.644635
vt 0.580590 0.732454
vt 0.524021 0.732454
vt 0.467453 0.732454
vt 0.410884 0.732454
vt 0.410884 0.644635
vt 0.244191 0.598549
vt 0.244191 0.531882
vt 0.277525 0.531882
vt 0.277525 0.598549
vt 0.244191 0.665216
vt 0.310858 0.665216
vt 0.277525 0.665216
vt 0.344191 0.665216
vt 0.410858 0.665216
vt 0.377525 0.665216
vt 0.344191 0.731882
vt 0.310858 0.731882
vt 0.410858 0.731882
vt 0.377525 0.731882
vt 0.583333 1.000000
vt 0.500000 1.000000
vt 0.500000 0.833333
vt 0.583333 0.833333
vt 0.666667 0.833333
vt 0.750000 0.833333
vt 0.750000 1.000000
vt 0.666667 1.000000
vt 0.144191 0.731882
vt 0.210858 0.731882
vt 0.177525 0.731882
s 0
f 1/1/1 2/2/1 4/3/1 3/4/1
f 3/4/2 4/3/2 6/5/2 5/6/2
f 5/6/3 6/5/3 8/7/3 7/8/3
f 7/8/4 8/7/4 10/9/4 9/10/4
f 9/10/5 10/9/5 12/11/5 11/12/5
f 11/12/6 12/11/6 14/13/6 13/14/6
f 13/14/7 14/13/7 16/15/7 15/16/7
f 15/16/8 16/15/8 2/17/8 1/18/8
f 17/1/9 18/2/9 20/3/9 19/4/9
f 19/4/10 20/3/10 22/5/10 21/6/10
f 21/6/11 22/5/11 24/7/11 23/8/11
f 23/8/12 24/7/12 26/9/12 25/10/12
f 25/10/13 26/9/13 28/11/13 27/12/13
f 27/12/14 28/11/14 30/13/14 29/14/14
f 29/14/15 30/13/15 32/15/15 31/16/15
f 31/16/16 32/15/16 18/17/16 17/18/16
f 33/1/17 34/2/17 36/3/17 35/4/17
f 35/4/18 36/3/18 38/5/18 37/6/18
f 37/6/19 38/5/19 40/7/19 39/8/19
f 39/8/20 40/7/20 42/9/20 41/10/20
f 41/10/21 42/9/21 44/11/21 43/12/21
f 43/12/22 44/11/22 46/13/22 45/14/22
f 45/14/23 46/13/23 48/15/23 47/16/23
f 47/16/24 48/15/24 34/17/24 33/18/24
f 49/1/25 50/2/25 52/3/25 51/4/25
f 51/4/26 52/3/26 54/5/26 53/6/26
f 53/6/27 54/5/27 56/7/27 55/8/27
f 55/8/28 56/7/28 58/9/28 57/10/28
f 57/10/29 58/9/29 60/11/29 59/12/29
f 59/12/30 60/11/30 62/13/30 61/14/30
f 61/14/31 62/13/31 64/15/31 63/16/31
f 63/16/32 64/15/32 50/17/32 49/18/32
f 65/1/33 66/2/33 68/3/33 67/4/33
f 67/4/34 68/3/34 70/5/34 69/6/34
f 69/6/35 70/5/35 72/7/35 71/8/35
f 71/8/36 72/7/36 74/9/36 73/10/36
f 73/10/37 74/9/37 76/11/37 75/12/37
f 75/12/38 76/11/38 78/13/38 77/14/38
f 77/14/39 78/13/39 80/15/39 79/16/39
f 79/16/40 80/15/40 66/17/40 65/18/40
f 81/1/41 82/2/41 84/3/41 83/4/41
f 83/4/42 84/3/42 86/5/42 85/6/42
f 85/6/43 86/5/43 88/7/43 87/8/43
f 87/8/44 88/7/44 90/9/44 89/10/44
f 89/10/45 90/9/45 92/11/45 91/12/45
f 91/12/46 92/11/46 94/13/46 93/14/46
f 93/14/47 94/13/47 96/15/47 95/16/47
f 95/16/48 96/15/48 82/17/48 81/18/48
f 97/1/49 98/2/49 100/3/49 99/4/49
f 99/4/50 100/3/50 102/5/50 101/6/50
f 101/6/51 102/5/51 104/7/51 103/8/51
f 103/8/52 104/7/52 106/9/52 105/10/52
f 105/10/53 106/9/53 108/11/53 107/12/53
f 107/12/54 108/11/54 110/13/54 109/14/54
f 109/14/55 110/13/55 112/15/55 111/16/55
f 111/16/56 112/15/56 98/17/56 97/18/56
f 113/1/57 114/2/57 116/3/57 115/4/57
f 115/4/58 116/3/58 118/5/58 117/6/58
f 117/6/59 118/5/59 120/7/59 119/8/59
f 119/8/60 120/7/60 122/9/60 121/10/60
f 121/10/61 122/9/61 124/11/61 123/12/61
f 123/12/62 124/11/62 126/13/62 125/14/62
f 125/14/63 126/13/63 128/15/63 127/16/63
f 127/16/64 128/15/64 114/17/64 113/18/64
f 129/1/65 130/2/65 132/3/65 131/4/65
f 131/4/66 132/3/66 134/5/66 133/6/66
f 133/6/67 134/5/67 136/7/67 135/8/67
f 135/8/68 136/7/68 138/9/68 137/10/68
f 137/10/69 138/9/69 140/11/69 139/12/69
f 139/12/70 140/11/70 142/13/70 141/14/70
f 141/14/71 142/13/71 144/15/71 143/16/71
f 143/16/72 144/15/72 130/17/72 129/18/72
f 145/1/73 146/2/73 148/3/73 147/4/73
f 147/4/74 148/3/74 150/5/74 149/6/74
f 149/6/75 150/5/75 152/7/75 151/8/75
f 151/8/76 152/7/76 154/9/76 153/10/76
f 153/10/77 154/9/77 156/11/77 155/12/77
f 155/12/78 156/11/78 158/13/78 157/14/78
f 157/14/79 158/13/79 160/15/79 159/16/79
f 159/16/80 160/15/80 146/17/80 145/18/80
f 161/1/81 162/2/81 164/3/81 163/4/81
f 163/4/82 164/3/82 166/5/82 165/6/82
f 165/6/83 166/5/83 168/7/83 167/8/83
f 167/8/84 168/7/84 170/9/84 169/10/84
f 169/10/85 170/9/85 172/11/85 171/12/85
f 171/12/86 172/11/86 174/13/86 173/14/86
f 173/14/87 174/13/87 176/15/87 175/16/87
f 175/16/88 176/15/88 162/17/88 161/18/88
f 177/1/89 178/2/89 180/3/89 179/4/89
f 179/4/90 180/3/90 182/5/90 181/6/90
f 181/6/91 182/5/91 184/7/91 183/8/91
f 183/8/92 184/7/92 186/9/92 185/10/92
f 185/10/93 186/9/93 188/11/93 187/12/93
f 187/12/94 188/11/94 190/13/94 189/14/94
f 189/14/95 190/13/95 192/15/95 191/16/95
f 191/16/96 192/15/96 178/17/96 177/18/96
f 193/1/97 194/2/97 196/3/97 195/4/97
f 195/4/98 196/3/98 198/5/98 197/6/98
f 197/6/99 198/5/99 200/7/99 199/8/99
f 199/8/100 200/7/100 202/9/100 201/10/100
f 201/10/101 202/9/101 204/11/101 203/12/101
f 203/12/102 204/11/102 206/13/102 205/14/102
f 205/14/103 206/13/103 208/15/103 207/16/103
f 207/16/104 208/15/104 194/17/104 193/18/104
f 209/1/105 210/2/105 212/3/105 211/4/105
f 211/4/106 212/3/106 214/5/106 213/6/106
f 213/6/107 214/5/107 216/7/107 215/8/107
f 215/8/108 216/7/108 218/9/108 217/10/108
f 217/10/109 218/9/109 220/11/109 219/12/109
f 219/12/110 220/11/110 222/13/110 221/14/110
f 221/14/111 222/13/111 224/15/111 223/16/111
f 223/16/112 224/15/112 210/17/112 209/18/112
f 225/1/113 226/2/113 228/3/113 227/4/113
f 227/4/114 228/3/114 230/5/114 229/6/114
f 229/6/115 230/5/115 232/7/115 231/8/115
f 231/8/116 232/7/116 234/9/116 233/10/116
f 233/10/117 234/9/117 236/11/117 235/12/117
f 235/12/118 236/11/118 238/13/118 237/14/118
f 237/14/119 238/13/119 240/15/119 239/16/119
f 239/16/120 240/15/120 226/17/120 225/18/120
f 241/1/121 242/2/121 244/3/121 243/4/121
f 243/4/122 244/3/122 246/5/122 245/6/122
f 245/6/123 246/5/123 248/7/123 247/8/123
f 247/8/124 248/7/124 250/9/124 249/10/124
f 249/10/125 250/9/125 252/11/125 251/12/125
f 251/12/126 252/11/126 254/13/126 253/14/126
f 253/14/127 254/13/127 256/15/127 255/16/127
f 255/16/128 256/15/128 242/17/128 241/18/128
f 257/1/129 258/2/129 260/3/129 259/4/129
f 259/4/130 260/3/130 262/5/130 261/6/130
f 261/6/131 262/5/131 264/7/131 263/8/131
f 263/8/132 264/7/132 266/9/132 265/10/132
f 265/10/133 266/9/133 268/11/133 267/12/133
f 267/12/134 268/11/134 270/13/134 269/14/134
f 269/14/135 270/13/135 272/15/135 271/16/135
f 271/16/136 272/15/136 258/17/136 257/18/136
f 273/1/137 274/2/137 276/3/137 275/4/137
f 275/4/138 276/3/138 278/5/138 277/6/138
f 277/6/139 278/5/139 280/7/139 279/8/139
f 279/8/140 280/7/140 282/9/140 281/10/140
f 281/10/141 282/9/141 284/11/141 283/12/141
f 283/12/142 284/11/142 286/13/142 285/14/142
f 285/14/143 286/13/143 288/15/143 287/16/143
f 287/16/144 288/15/144 274/17/144 273/18/144
f 289/1/145 290/2/145 292/3/145 291/4/145
f 291/4/146 292/3/146 294/5/146 293/6/146
f 293/6/147 294/5/147 296/7/147 295/8/147
f 295/8/148 296/7/148 298/9/148 297/10/148
f 297/10/149 298/9/149 300/11/149 299/12/149
f 299/12/150 300/11/150 302/13/150 301/14/150
f 301/14/151 302/13/151 304/15/151 303/16/151
f 303/16/152 304/15/152 290/17/152 289/18/152
f 305/1/153 306/2/153 308/3/153 307/4/153
f 307/4/154 308/3/154 310/5/154 309/6/154
f 309/6/155 310/5/155 312/7/155 311/8/155
f 311/8/156 312/7/156 314/9/156 313/10/156
f 313/10/157 314/9/157 316/11/157 315/12/157
f 315/12/158 316/11/158 318/13/158 317/14/158
f 317/14/159 318/13/159 320/15/159 319/16/159
f 319/16/160 320/15/160 306/17/160 305/18/160
f 321/1/161 322/2/161 324/3/161 323/4/161
f 323/4/162 324/3/162 326/5/162 325/6/162
f 325/6/163 326/5/163 328/7/163 327/8/163
f 327/8/164 328/7/164 330/9/164 329/10/164
f 329/10/165 330/9/165 332/11/165 331/12/165
f 331/12/166 332/11/166 334/13/166 333/14/166
f 333/14/167 334/13/167 336/15/167 335/16/167
f 335/16/168 336/15/168 322/17/168 321/18/168
f 337/1/169 338/2/169 340/3/169 339/4/169
f 339/4/170 340/3/170 342/5/170 341/6/170
f 341/6/171 342/5/171 344/7/171 343/8/171
f 343/8/172 344/7/172 346/9/172 345/10/172
f 345/10/173 346/9/173 348/11/173 347/12/173
f 347/12/174 348/11/174 350/13/174 349/14/174
f 349/14/175 350/13/175 352/15/175 351/16/175
f 351/16/176 352/15/176 338/17/176 337/18/176
f 353/1/177 354/2/177 356/3/177 355/4/177
f 355/4/178 356/3/178 358/5/178 357/6/178
f 357/6/179 358/5/179 360/7/179 359/8/179
f 359/8/180 360/7/180 362/9/180 361/10/180
f 361/10/181 362/9/181 364/11/181 363/12/181
f 363/12/182 364/11/182 366/13/182 365/14/182
f 365/14/183 366/13/183 368/15/183 367/16/183
f 367/16/184 368/15/184 354/17/184 353/18/184
f 369/1/185 370/2/185 372/3/185 371/4/185
f 371/4/186 372/3/186 374/5/186 373/6/186
f 373/6/187 374/5/187 376/7/187 375/8/187
f 375/8/188 376/7/188 378/9/188 377/10/188
f 377/10/189 378/9/189 380/11/189 379/12/189
f 379/12/190 380/11/190 382/13/190 381/14/190
f 381/14/191 382/13/191 384/15/191 383/16/191
f 383/16/192 384/15/192 370/17/192 369/18/192
f 385/1/193 386/2/193 388/3/193 387/4/193
f 387/4/194 388/3/194 390/5/194 389/6/194
f 389/6/195 390/5/195 392/7/195 391/8/195
f 391/8/196 392/7/196 394/9/196 393/10/196
f 393/10/197 394/9/197 396/11/197 395/12/197
f 395/12/198 396/11/198 398/13/198 397/14/198
f 397/14/199 398/13/199 400/15/199 399/16/199
f 399/16/200 400/15/200 386/17/200 385/18/200
f 401/1/201 402/2/201 404/3/201 403/4/201
f 403/4/202 404/3/202 406/5/202 405/6/202
f 405/6/203 406/5/203 408/7/203 407/8/203
f 407/8/204 408/7/204 410/9/204 409/10/204
f 409/10/205 410/9/205 412/11/205 411/12/205
f 411/12/206 412/11/206 414/13/206 413/14/206
f 413/14/207 414/13/207 416/15/207 415/16/207
f 415/16/208 416/15/208 402/17/208 401/18/208
f 417/1/209 418/2/209 420/3/209 419/4/209
f 419/4/210 420/3/210 422/5/210 421/6/210
f 421/6/211 422/5/211 424/7/211 423/8/211
f 423/8/212 424/7/212 426/9/212 425/10/212
f 425/10/213 426/9/213 428/11/213 427/12/213
f 427/12/214 428/11/214 430/13/214 429/14/214
f 429/14/215 430/13/215 432/15/215 431/16/215
f 431/16/216 432/15/216 418/17/216 417/18/216
f 433/1/217 434/2/217 436/3/217 435/4/217
f 435/4/218 436/3/218 438/5/218 437/6/218
f 437/6/219 438/5/219 440/7/219 439/8/219
f 439/8/220 440/7/220 442/9/220 441/10/220
f 441/10/221 442/9/221 444/11/221 443/12/221
f 443/12/222 444/11/222 446/13/222 445/14/222
f 445/14/223 446/13/223 448/15/223 447/16/223
f 447/16/224 448/15/224 434/17/224 433/18/224
f 449/1/225 450/2/225 452/3/225 451/4/225
f 451/4/226 452/3/226 454/5/226 453/6/226
f 453/6/227 454/5/227 456/7/227 455/8/227
f 455/8/228 456/7/228 458/9/228 457/10/228
f 457/10/229 458/9/229 460/11/229 459/12/229
f 459/12/230 460/11/230 462/13/230 461/14/230
f 461/14/231 462/13/231 464/15/231 463/16/231
f 463/16/232 464/15/232 450/17/232 449/18/232
f 465/1/233 466/2/233 468/3/233 467/4/233
f 467/4/234 468/3/234 470/5/234 469/6/234
f 469/6/235 470/5/235 472/7/235 471/8/235
f 471/8/236 472/7/236 474/9/236 473/10/236
f 473/10/237 474/9/237 476/11/237 475/12/237
f 475/12/238 476/11/238 478/13/238 477/14/238
f 477/14/239 478/13/239 480/15/239 479/16/239
f 479/16/240 480/15/240 466/17/240 465/18/240
f 481/1/241 482/2/241 484/3/241 483/4/241
f 483/4/242 484/3/242 486/5/242 485/6/242
f 485/6/243 486/5/243 488/7/243 487/8/243
f 487/8/244 488/7/244 490/9/244 489/10/244
f 489/10/245 490/9/245 492/11/245 491/12/245
f 491/12/246 492/11/246 494/13/246 493/14/246
f 493/14/247 494/13/247 496/15/247 495/16/247
f 495/16/248 496/15/248 482/17/248 481/18/248
f 497/1/249 498/2/249 500/3/249 499/4/249
f 499/4/250 500/3/250 502/5/250 501/6/250
f 501/6/251 502/5/251 504/7/251 503/8/251
f 503/8/252 504/7/252 506/9/252 505/10/252
f 505/10/253 506/9/253 508/11/253 507/12/253
f 507/12/254 508/11/254 510/13/254 509/14/254
f 509/14/255 510/13/255 512/15/255 511/16/255
f 511/16/256 512/15/256 498/17/256 497/18/256
f 513/1/257 514/2/257 516/3/257 515/4/257
f 515/4/258 516/3/258 518/5/258 517/6/258
f 517/6/259 518/5/259 520/7/259 519/8/259
f 519/8/260 520/7/260 522/9/260 521/10/260
f 521/10/261 522/9/261 524/11/261 523/12/261
f 523/12/262 524/11/262 526/13/262 525/14/262
f 525/14/263 526/13/263 528/15/263 527/16/263
f 527/16/264 528/15/264 514/17/264 513/18/264
f 529/1/265 530/2/265 532/3/265 531/4/265
f 531/4/266 532/3/266 534/5/266 533/6/266
f 533/6/267 534/5/267 536/7/267 535/8/267
f 535/8/268 536/7/268 538/9/268 537/10/268
f 537/10/269 538/9/269 540/11/269 539/12/269
f 539/12/270 540/11/270 542/13/270 541/14/270
f 541/14/271 542/13/271 544/15/271 543/16/271
f 543/16/272 544/15/272 530/17/272 529/18/272
f 545/1/273 546/2/273 548/3/273 547/4/273
f 547/4/274 548/3/274 550/5/274 549/6/274
f 549/6/275 550/5/275 552/7/275 551/8/275
f 551/8/276 552/7/276 554/9/276 553/10/276
f 553/10/277 554/9/277 556/11/277 555/12/277
f 555/12/278 556/11/278 558/13/278 557/14/278
f 557/14/279 558/13/279 560/15/279 559/16/279
f 559/16/280 560/15/280 546/17/280 545/18/280
f 561/1/281 562/2/281 564/3/281 563/4/281
f 563/4/282 564/3/282 566/5/282 565/6/282
f 565/6/283 566/5/283 568/7/283 567/8/283
f 567/8/284 568/7/284 570/9/284 569/10/284
f 569/10/285 570/9/285 572/11/285 571/12/285
f 571/12/286 572/11/286 574/13/286 573/14/286
f 573/14/287 574/13/287 576/15/287 575/16/287
f 575/16/288 576/15/288 562/17/288 561/18/288
f 577/1/289 578/2/289 580/3/289 579/4/289
f 579/4/290 580/3/290 582/5/290 581/6/290
f 581/6/291 582/5/291 584/7/291 583/8/291
f 583/8/292 584/7/292 586/9/292 585/10/292
f 585/10/293 586/9/293 588/11/293 587/12/293
f 587/12/294 588/11/294 590/13/294 589/14/294
f 589/14/295 590/13/295 592/15/295 591/16/295
f 591/16/296 592/15/296 578/17/296 577/18/296
f 593/1/289 594/2/289 596/3/289 595/4/289
f 595/4/290 596/3/290 598/5/290 597/6/290
f 597/6/291 598/5/291 600/7/291 599/8/291
f 599/8/292 600/7/292 602/9/292 601/10/292
f 601/10/297 602/9/297 604/11/297 603/12/297
f 603/12/298 604/11/298 606/13/298 605/14/298
f 605/14/299 606/13/299 608/15/299 607/16/299
f 607/16/300 608/15/300 594/17/300 593/18/300
f 609/1/301 610/2/301 612/3/301 611/4/301
f 611/4/302 612/3/302 614/5/302 613/6/302
f 613/6/303 614/5/303 616/7/303 615/8/303
f 615/8/304 616/7/304 618/9/304 617/10/304
f 617/10/305 618/9/305 620/11/305 619/12/305
f 619/12/306 620/11/306 622/13/306 621/14/306
f 621/14/307 622/13/307 624/15/307 623/16/307
f 623/16/308 624/15/308 610/17/308 609/18/308
f 625/1/309 626/2/309 628/3/309 627/4/309
f 627/4/310 628/3/310 630/5/310 629/6/310
f 629/6/311 630/5/311 632/7/311 631/8/311
f 631/8/312 632/7/312 634/9/312 633/10/312
f 633/10/313 634/9/313 636/11/313 635/12/313
f 635/12/314 636/11/314 638/13/314 637/14/314
f 637/14/315 638/13/315 640/15/315 639/16/315
f 639/16/316 640/15/316 626/17/316 625/18/316
f 641/1/317 642/2/317 644/3/317 643/4/317
f 643/4/318 644/3/318 646/5/318 645/6/318
f 645/6/319 646/5/319 648/7/319 647/8/319
f 647/8/320 648/7/320 650/9/320 649/10/320
f 649/10/321 650/9/321 652/11/321 651/12/321
f 651/12/322 652/11/322 654/13/322 653/14/322
f 653/14/323 654/13/323 656/15/323 655/16/323
f 655/19/324 656/20/324 642/21/324 641/22/324
f 657/1/325 658/2/325 660/3/325 659/4/325
f 659/4/326 660/3/326 662/5/326 661/6/326
f 661/6/327 662/5/327 664/7/327 663/8/327
f 663/8/328 664/7/328 666/9/328 665/10/328
f 665/10/329 666/9/329 668/11/329 667/12/329
f 667/12/330 668/11/330 670/13/330 669/14/330
f 669/14/331 670/13/331 672/15/331 671/16/331
f 671/16/332 672/15/332 658/17/332 657/18/332
f 673/1/333 674/2/333 676/3/333 675/4/333
f 675/4/334 676/3/334 678/5/334 677/6/334
f 677/6/335 678/5/335 680/7/335 679/8/335
f 679/8/336 680/7/336 682/9/336 681/10/336
f 681/10/337 682/9/337 684/11/337 683/12/337
f 683/12/338 684/11/338 686/13/338 685/14/338
f 685/14/339 686/13/339 688/15/339 687/16/339
f 687/16/340 688/15/340 674/17/340 673/18/340
f 689/1/341 690/2/341 692/3/341 691/4/341
f 691/4/342 692/3/342 694/5/342 693/6/342
f 693/6/343 694/5/343 696/7/343 695/8/343
f 695/8/344 696/7/344 698/9/344 697/10/344
f 697/10/345 698/9/345 700/11/345 699/12/345
f 699/12/346 700/11/346 702/13/346 701/14/346
f 701/14/347 702/13/347 704/15/347 703/16/347
f 703/16/348 704/15/348 690/17/348 689/18/348
f 705/1/349 706/2/349 708/3/349 707/4/349
f 707/4/350 708/3/350 710/5/350 709/6/350
f 709/6/351 710/5/351 712/7/351 711/8/351
f 711/8/352 712/7/352 714/9/352 713/10/352
f 713/10/353 714/9/353 716/11/353 715/12/353
f 715/12/354 716/11/354 718/13/354 717/14/354
f 717/14/355 718/13/355 720/15/355 719/16/355
f 719/16/356 720/15/356 706/17/356 705/18/356
f 721/1/357 722/2/357 724/3/357 723/4/357
f 723/4/358 724/3/358 726/5/358 725/6/358
f 725/6/359 726/5/359 728/7/359 727/8/359
f 727/8/360 728/7/360 730/9/360 729/10/360
f 729/10/361 730/9/361 732/11/361 731/12/361
f 731/12/362 732/11/362 734/13/362 733/14/362
f 733/14/363 734/13/363 736/15/363 735/16/363
f 735/16/364 736/15/364 722/17/364 721/18/364
f 737/1/365 738/2/365 740/3/365 739/4/365
f 739/4/366 740/3/366 742/5/366 741/6/366
f 741/6/367 742/5/367 744/7/367 743/8/367
f 743/8/368 744/7/368 746/9/368 745/10/368
f 745/10/369 746/9/369 748/11/369 747/12/369
f 747/12/370 748/11/370 750/13/370 749/14/370
f 749/14/371 750/13/371 752/15/371 751/16/371
f 751/16/372 752/15/372 738/17/372 737/18/372
f 753/1/373 754/2/373 756/3/373 755/4/373
f 755/4/374 756/3/374 758/5/374 757/6/374
f 757/6/375 758/5/375 760/7/375 759/8/375
f 759/8/376 760/7/376 762/9/376 761/10/376
f 761/10/377 762/9/377 764/11/377 763/12/377
f 763/12/378 764/11/378 766/13/378 765/14/378
f 765/14/379 766/13/379 768/15/379 767/16/379
f 767/16/380 768/15/380 754/17/380 753/18/380
f 769/1/381 770/2/381 772/3/381 771/4/381
f 771/4/382 772/3/382 774/5/382 773/6/382
f 773/6/383 774/5/383 776/7/383 775/8/383
f 775/8/384 776/7/384 778/9/384 777/10/384
f 777/10/385 778/9/385 780/11/385 779/12/385
f 779/12/386 780/11/386 782/13/386 781/14/386
f 781/14/387 782/13/387 784/15/387 783/16/387
f 783/16/388 784/15/388 770/17/388 769/18/388
f 785/1/389 786/2/389 788/3/389 787/4/389
f 787/4/390 788/3/390 790/5/390 789/6/390
f 789/6/391 790/5/391 792/7/391 791/8/391
f 791/8/392 792/7/392 794/9/392 793/10/392
f 793/10/393 794/9/393 796/11/393 795/12/393
f 795/12/394 796/11/394 798/13/394 797/14/394
f 797/14/395 798/13/395 800/15/395 799/16/395
f 799/16/396 800/15/396 786/17/396 785/18/396
f 801/1/397 802/2/397 804/3/397 803/4/397
f 803/4/398 804/3/398 806/5/398 805/6/398
f 805/6/399 806/5/399 808/7/399 807/8/399
f 807/8/400 808/7/400 810/9/400 809/10/400
f 809/10/401 810/9/401 812/11/401 811/12/401
f 811/12/402 812/11/402 814/13/402 813/14/402
f 813/14/403 814/13/403 816/15/403 815/16/403
f 815/16/404 816/15/404 802/17/404 801/18/404
f 817/1/405 818/2/405 820/3/405 819/4/405
f 819/4/406 820/3/406 822/5/406 821/6/406
f 821/6/407 822/5/407 824/7/407 823/8/407
f 823/8/408 824/7/408 826/9/408 825/10/408
f 825/10/409 826/9/409 828/11/409 827/12/409
f 827/12/410 828/11/410 830/13/410 829/14/410
f 829/14/411 830/13/411 832/15/411 831/16/411
f 831/16/412 832/15/412 818/17/412 817/18/412
f 833/1/413 834/2/413 836/3/413 835/4/413
f 835/4/414 836/3/414 838/5/414 837/6/414
f 837/6/415 838/5/415 840/7/415 839/8/415
f 839/8/416 840/7/416 842/9/416 841/10/416
f 841/10/417 842/9/417 844/11/417 843/12/417
f 843/12/418 844/11/418 846/13/418 845/14/418
f 845/14/419 846/13/419 848/15/419 847/16/419
f 847/16/420 848/15/420 834/17/420 833/18/420
f 849/1/421 850/2/421 852/3/421 851/4/421
f 851/4/422 852/3/422 854/5/422 853/6/422
f 853/6/423 854/5/423 856/7/423 855/8/423
f 855/8/424 856/7/424 858/9/424 857/10/424
f 857/10/425 858/9/425 860/11/425 859/12/425
f 859/12/426 860/11/426 862/13/426 861/14/426
f 861/14/427 862/13/427 864/15/427 863/16/427
f 863/16/428 864/15/428 850/17/428 849/18/428
f 865/1/429 866/2/429 868/3/429 867/4/429
f 867/4/430 868/3/430 870/5/430 869/6/430
f 869/6/431 870/5/431 872/7/431 871/8/431
f 871/8/432 872/7/432 874/9/432 873/10/432
f 873/10/433 874/9/433 876/11/433 875/12/433
f 875/12/434 876/11/434 878/13/434 877/14/434
f 877/14/435 878/13/435 880/15/435 879/16/435
f 879/16/436 880/15/436 866/17/436 865/18/436
f 881/1/437 882/2/437 884/3/437 883/4/437
f 883/4/438 884/3/438 886/5/438 885/6/438
f 885/6/439 886/5/439 888/7/439 887/8/439
f 887/8/440 888/7/440 890/9/440 889/10/440
f 889/10/441 890/9/441 892/11/441 891/12/441
f 891/12/442 892/11/442 894/13/442 893/14/442
f 893/14/443 894/13/443 896/15/443 895/16/443
f 895/16/444 896/15/444 882/17/444 881/18/444
f 897/1/445 898/2/445 900/3/445 899/4/445
f 899/4/446 900/3/446 902/5/446 901/6/446
f 901/6/447 902/5/447 904/7/447 903/8/447
f 903/8/448 904/7/448 906/9/448 905/10/448
f 905/10/449 906/9/449 908/11/449 907/12/449
f 907/12/450 908/11/450 910/13/450 909/14/450
f 909/14/451 910/13/451 912/15/451 911/16/451
f 911/16/452 912/15/452 898/17/452 897/18/452
f 913/1/453 914/2/453 916/3/453 915/4/453
f 915/4/454 916/3/454 918/5/454 917/6/454
f 917/6/455 918/5/455 920/7/455 919/8/455
f 919/8/456 920/7/456 922/9/456 921/10/456
f 921/10/457 922/9/457 924/11/457 923/12/457
f 923/12/458 924/11/458 926/13/458 925/14/458
f 925/14/459 926/13/459 928/15/459 927/16/459
f 927/16/460 928/15/460 914/17/460 913/18/460
f 929/1/461 930/2/461 932/3/461 931/4/461
f 931/4/462 932/3/462 934/5/462 933/6/462
f 933/6/463 934/5/463 936/7/463 935/8/463
f 935/8/464 936/7/464 938/9/464 937/10/464
f 937/10/465 938/9/465 940/11/465 939/12/465
f 939/12/466 940/11/466 942/13/466 941/14/466
f 941/14/467 942/13/467 944/15/467 943/16/467
f 943/16/468 944/15/468 930/17/468 929/18/468
f 945/1/469 946/2/469 948/3/469 947/4/469
f 947/4/470 948/3/470 950/5/470 949/6/470
f 949/6/471 950/5/471 952/7/471 951/8/471
f 951/8/472 952/7/472 954/9/472 953/10/472
f 953/10/473 954/9/473 956/11/473 955/12/473
f 955/12/474 956/11/474 958/13/474 957/14/474
f 957/14/475 958/13/475 960/15/475 959/16/475
f 959/16/476 960/15/476 946/17/476 945/18/476
f 961/1/477 962/2/477 964/3/477 963/4/477
f 963/4/478 964/3/478 966/5/478 965/6/478
f 965/6/479 966/5/479 968/7/479 967/8/479
f 967/8/480 968/7/480 970/9/480 969/10/480
f 969/10/481 970/9/481 972/11/481 971/12/481
f 971/12/482 972/11/482 974/13/482 973/14/482
f 973/14/483 974/13/483 976/15/483 975/16/483
f 975/16/484 976/15/484 962/17/484 961/18/484
f 977/1/485 978/2/485 980/3/485 979/4/485
f 979/4/486 980/3/486 982/5/486 981/6/486
f 981/6/487 982/5/487 984/7/487 983/8/487
f 983/8/488 984/7/488 986/9/488 985/10/488
f 985/10/489 986/9/489 988/11/489 987/12/489
f 987/12/490 988/11/490 990/13/490 989/14/490
f 989/14/491 990/13/491 992/15/491 991/16/491
f 991/16/492 992/15/492 978/17/492 977/18/492
f 993/1/493 994/2/493 996/3/493 995/4/493
f 995/4/494 996/3/494 998/5/494 997/6/494
f 997/6/495 998/5/495 1000/7/495 999/8/495
f 999/8/496 1000/7/496 1002/9/496 1001/10/496
f 1001/10/497 1002/9/497 1004/11/497 1003/12/497
f 1003/12/498 1004/11/498 1006/13/498 1005/14/498
f 1005/14/499 1006/13/499 1008/15/499 1007/16/499
f 1007/16/500 1008/15/500 994/17/500 993/18/500
f 1009/1/501 1010/2/501 1012/3/501 1011/4/501
f 1011/4/502 1012/3/502 1014/5/502 1013/6/502
f 1013/6/503 1014/5/503 1016/7/503 1015/8/503
f 1015/8/504 1016/7/504 1018/9/504 1017/10/504
f 1017/10/505 1018/9/505 1020/11/505 1019/12/505
f 1019/12/506 1020/11/506 1022/13/506 1021/14/506
f 1021/14/507 1022/13/507 1024/15/507 1023/16/507
f 1023/16/508 1024/15/508 1010/17/508 1009/18/508
f 1025/1/509 1026/2/509 1028/3/509 1027/4/509
f 1027/4/510 1028/3/510 1030/5/510 1029/6/510
f 1029/6/511 1030/5/511 1032/7/511 1031/8/511
f 1031/8/512 1032/7/512 1034/9/512 1033/10/512
f 1033/10/513 1034/9/513 1036/11/513 1035/12/513
f 1035/12/514 1036/11/514 1038/13/514 1037/14/514
f 1037/14/515 1038/13/515 1040/15/515 1039/16/515
f 1039/16/516 1040/15/516 1026/17/516 1025/18/516
f 1041/1/517 1042/2/517 1044/3/517 1043/4/517
f 1043/4/518 1044/3/518 1046/5/518 1045/6/518
f 1045/6/519 1046/5/519 1048/7/519 1047/8/519
f 1047/8/520 1048/7/520 1050/9/520 1049/10/520
f 1049/10/521 1050/9/521 1052/11/521 1051/12/521
f 1051/12/522 1052/11/522 1054/13/522 1053/14/522
f 1053/14/523 1054/13/523 1056/15/523 1055/16/523
f 1055/16/524 1056/15/524 1042/17/524 1041/18/524
f 1057/1/525 1058/2/525 1060/3/525 1059/4/525
f 1059/4/526 1060/3/526 1062/5/526 1061/6/526
f 1061/6/527 1062/5/527 1064/7/527 1063/8/527
f 1063/8/528 1064/7/528 1066/9/528 1065/10/528
f 1065/10/529 1066/9/529 1068/11/529 1067/12/529
f 1067/12/530 1068/11/530 1070/13/530 1069/14/530
f 1069/14/531 1070/13/531 1072/15/531 1071/16/531
f 1071/16/532 1072/15/532 1058/17/532 1057/18/532
f 1073/1/533 1074/2/533 1076/3/533 1075/4/533
f 1075/4/534 1076/3/534 1078/5/534 1077/6/534
f 1077/6/535 1078/5/535 1080/7/535 1079/8/535
f 1079/8/536 1080/7/536 1082/9/536 1081/10/536
f 1081/10/537 1082/9/537 1084/11/537 1083/12/537
f 1083/12/538 1084/11/538 1086/13/538 1085/14/538
f 1085/14/539 1086/13/539 1088/15/539 1087/16/539
f 1087/16/540 1088/15/540 1074/17/540 1073/18/540
f 1089/1/541 1090/2/541 1092/3/541 1091/4/541
f 1091/4/542 1092/3/542 1094/5/542 1093/6/542
f 1093/6/543 1094/5/543 1096/7/543 1095/8/543
f 1095/8/544 1096/7/544 1098/9/544 1097/10/544
f 1097/10/545 1098/9/545 1100/11/545 1099/12/545
f 1099/12/546 1100/11/546 1102/13/546 1101/14/546
f 1101/14/547 1102/13/547 1104/15/547 1103/16/547
f 1103/16/548 1104/15/548 1090/17/548 1089/18/548
f 1105/1/549 1106/2/549 1108/3/549 1107/4/549
f 1107/4/550 1108/3/550 1110/5/550 1109/6/550
f 1109/6/551 1110/5/551 1112/7/551 1111/8/551
f 1111/8/552 1112/7/552 1114/9/552 1113/10/552
f 1113/10/553 1114/9/553 1116/11/553 1115/12/553
f 1115/12/554 1116/11/554 1118/13/554 1117/14/554
f 1117/14/555 1118/13/555 1120/15/555 1119/16/555
f 1119/16/556 1120/15/556 1106/17/556 1105/18/556
f 1121/1/557 1122/2/557 1124/3/557 1123/4/557
f 1123/4/558 1124/3/558 1126/5/558 1125/6/558
f 1125/6/559 1126/5/559 1128/7/559 1127/8/559
f 1127/8/560 1128/7/560 1130/9/560 1129/10/560
f 1129/10/561 1130/9/561 1132/11/561 1131/12/561
f 1131/12/562 1132/11/562 1134/13/562 1133/14/562
f 1133/14/563 1134/13/563 1136/15/563 1135/16/563
f 1135/16/564 1136/15/564 1122/17/564 1121/18/564
f 1137/1/565 1138/2/565 1140/3/565 1139/4/565
f 1139/4/566 1140/3/566 1142/5/566 1141/6/566
f 1141/6/567 1142/5/567 1144/7/567 1143/8/567
f 1143/8/568 1144/7/568 1146/9/568 1145/10/568
f 1145/10/569 1146/9/569 1148/11/569 1147/12/569
f 1147/12/570 1148/11/570 1150/13/570 1149/14/570
f 1149/14/571 1150/13/571 1152/15/571 1151/16/571
f 1151/16/572 1152/15/572 1138/17/572 1137/18/572
f 1153/1/573 1154/2/573 1156/3/573 1155/4/573
f 1155/4/574 1156/3/574 1158/5/574 1157/6/574
f 1157/6/575 1158/5/575 1160/7/575 1159/8/575
f 1159/8/576 1160/7/576 1162/9/576 1161/10/576
f 1161/10/577 1162/9/577 1164/11/577 1163/12/577
f 1163/12/578 1164/11/578 1166/13/578 1165/14/578
f 1165/14/579 1166/13/579 1168/15/579 1167/16/579
f 1167/16/580 1168/15/580 1154/17/580 1153/18/580
f 1169/1/581 1170/2/581 1172/3/581 1171/4/581
f 1171/4/582 1172/3/582 1174/5/582 1173/6/582
f 1173/6/583 1174/5/583 1176/7/583 1175/8/583
f 1175/8/584 1176/7/584 1178/9/584 1177/10/584
f 1177/10/585 1178/9/585 1180/11/585 1179/12/585
f 1179/12/586 1180/11/586 1182/13/586 1181/14/586
f 1181/14/587 1182/13/587 1184/15/587 1183/16/587
f 1183/16/588 1184/15/588 1170/17/588 1169/18/588
f 1185/1/589 1186/2/589 1188/3/589 1187/4/589
f 1187/4/590 1188/3/590 1190/5/590 1189/6/590
f 1189/6/591 1190/5/591 1192/7/591 1191/8/591
f 1191/8/592 1192/7/592 1194/9/592 1193/10/592
f 1193/10/593 1194/9/593 1196/11/593 1195/12/593
f 1195/12/594 1196/11/594 1198/13/594 1197/14/594
f 1197/14/595 1198/13/595 1200/15/595 1199/16/595
f 1199/16/596 1200/15/596 1186/17/596 1185/18/596
f 1201/1/597 1202/2/597 1204/3/597 1203/4/597
f 1203/4/598 1204/3/598 1206/5/598 1205/6/598
f 1205/6/599 1206/5/599 1208/7/599 1207/8/599
f 1207/8/600 1208/7/600 1210/9/600 1209/10/600
f 1209/10/601 1210/9/601 1212/11/601 1211/12/601
f 1211/12/602 1212/11/602 1214/13/602 1213/14/602
f 1213/14/603 1214/13/603 1216/15/603 1215/16/603
f 1215/16/604 1216/15/604 1202/17/604 1201/18/604
f 1217/1/605 1218/2/605 1220/3/605 1219/4/605
f 1219/4/606 1220/3/606 1222/5/606 1221/6/606
f 1221/6/607 1222/5/607 1224/7/607 1223/8/607
f 1223/8/608 1224/7/608 1226/9/608 1225/10/608
f 1225/10/609 1226/9/609 1228/11/609 1227/12/609
f 1227/12/610 1228/11/610 1230/13/610 1229/14/610
f 1229/14/611 1230/13/611 1232/15/611 1231/16/611
f 1231/16/612 1232/15/612 1218/17/612 1217/18/612
f 1233/1/613 1234/2/613 1236/3/613 1235/4/613
f 1235/4/614 1236/3/614 1238/5/614 1237/6/614
f 1237/6/615 1238/5/615 1240/7/615 1239/8/615
f 1239/8/616 1240/7/616 1242/9/616 1241/10/616
f 1241/10/617 1242/9/617 1244/11/617 1243/12/617
f 1243/12/618 1244/11/618 1246/13/618 1245/14/618
f 1245/14/619 1246/13/619 1248/15/619 1247/16/619
f 1247/16/620 1248/15/620 1234/17/620 1233/18/620
f 1249/1/621 1250/2/621 1252/3/621 1251/4/621
f 1251/4/622 1252/3/622 1254/5/622 1253/6/622
f 1253/6/623 1254/5/623 1256/7/623 1255/8/623
f 1255/8/624 1256/7/624 1258/9/624 1257/10/624
f 1257/10/625 1258/9/625 1260/11/625 1259/12/625
f 1259/12/626 1260/11/626 1262/13/626 1261/14/626
f 1261/14/627 1262/13/627 1264/15/627 1263/16/627
f 1263/16/628 1264/15/628 1250/17/628 1249/18/628
f 1265/1/629 1266/2/629 1268/3/629 1267/4/629
f 1267/4/630 1268/3/630 1270/5/630 1269/6/630
f 1269/6/631 1270/5/631 1272/7/631 1271/8/631
f 1271/8/632 1272/7/632 1274/9/632 1273/10/632
f 1273/10/633 1274/9/633 1276/11/633 1275/12/633
f 1275/12/634 1276/11/634 1278/13/634 1277/14/634
f 1277/14/635 1278/13/635 1280/15/635 1279/16/635
f 1279/16/636 1280/15/636 1266/17/636 1265/18/636
f 1281/1/637 1282/2/637 1284/3/637 1283/4/637
f 1283/4/638 1284/3/638 1286/5/638 1285/6/638
f 1285/6/639 1286/5/639 1288/7/639 1287/8/639
f 1287/8/640 1288/7/640 1290/9/640 1289/10/640
f 1289/10/641 1290/9/641 1292/11/641 1291/12/641
f 1291/12/642 1292/11/642 1294/13/642 1293/14/642
f 1293/14/643 1294/13/643 1296/15/643 1295/16/643
f 1295/16/644 1296/15/644 1282/17/644 1281/18/644
f 1297/1/645 1298/2/645 1300/3/645 1299/4/645
f 1299/4/646 1300/3/646 1302/5/646 1301/6/646
f 1301/6/647 1302/5/647 1304/7/647 1303/8/647
f 1303/8/648 1304/7/648 1306/9/648 1305/10/648
f 1305/10/649 1306/9/649 1308/11/649 1307/12/649
f 1307/12/650 1308/11/650 1310/13/650 1309/14/650
f 1309/14/651 1310/13/651 1312/15/651 1311/16/651
f 1311/16/652 1312/15/652 1298/17/652 1297/18/652
f 1313/1/621 1314/2/621 1316/3/621 1315/4/621
f 1315/4/653 1316/3/653 1318/5/653 1317/6/653
f 1317/6/654 1318/5/654 1320/7/654 1319/8/654
f 1319/8/624 1320/7/624 1322/9/624 1321/10/624
f 1321/10/625 1322/9/625 1324/11/625 1323/12/625
f 1323/12/655 1324/11/655 1326/13/655 1325/14/655
f 1325/14/656 1326/13/656 1328/15/656 1327/16/656
f 1327/16/628 1328/15/628 1314/17/628 1313/18/628
f 1329/1/657 1330/2/657 1332/3/657 1331/4/657
f 1331/4/658 1332/3/658 1334/5/658 1333/6/658
f 1333/6/659 1334/5/659 1336/7/659 1335/8/659
f 1335/8/660 1336/7/660 1338/9/660 1337/10/660
f 1337/10/661 1338/9/661 1340/11/661 1339/12/661
f 1339/12/662 1340/11/662 1342/13/662 1341/14/662
f 1341/14/663 1342/13/663 1344/15/663 1343/16/663
f 1343/16/664 1344/15/664 1330/17/664 1329/18/664
f 1345/1/665 1346/2/665 1348/3/665 1347/4/665
f 1347/4/666 1348/3/666 1350/5/666 1349/6/666
f 1349/6/667 1350/5/667 1352/7/667 1351/8/667
f 1351/8/668 1352/7/668 1354/9/668 1353/10/668
f 1353/10/669 1354/9/669 1356/11/669 1355/12/669
f 1355/12/670 1356/11/670 1358/13/670 1357/14/670
f 1357/14/671 1358/13/671 1360/15/671 1359/16/671
f 1359/16/672 1360/15/672 1346/17/672 1345/18/672
f 1361/1/673 1362/2/673 1364/3/673 1363/4/673
f 1363/4/674 1364/3/674 1366/5/674 1365/6/674
f 1365/6/675 1366/5/675 1368/7/675 1367/8/675
f 1367/8/676 1368/7/676 1370/9/676 1369/10/676
f 1369/10/677 1370/9/677 1372/11/677 1371/12/677
f 1371/12/678 1372/11/678 1374/13/678 1373/14/678
f 1373/14/679 1374/13/679 1376/15/679 1375/16/679
f 1375/16/680 1376/15/680 1362/17/680 1361/18/680
f 1377/1/681 1378/2/681 1380/3/681 1379/4/681
f 1379/4/682 1380/3/682 1382/5/682 1381/6/682
f 1381/6/683 1382/5/683 1384/7/683 1383/8/683
f 1383/8/684 1384/7/684 1386/9/684 1385/10/684
f 1385/10/685 1386/9/685 1388/11/685 1387/12/685
f 1387/12/686 1388/11/686 1390/13/686 1389/14/686
f 1389/14/687 1390/13/687 1392/15/687 1391/16/687
f 1391/16/688 1392/15/688 1378/17/688 1377/18/688
f 1393/1/681 1394/2/681 1396/3/681 1395/4/681
f 1395/4/689 1396/3/689 1398/5/689 1397/6/689
f 1397/6/690 1398/5/690 1400/7/690 1399/8/690
f 1399/8/684 1400/7/684 1402/9/684 1401/10/684
f 1401/10/685 1402/9/685 1404/11/685 1403/12/685
f 1403/12/691 1404/11/691 1406/13/691 1405/14/691
f 1405/14/692 1406/13/692 1408/15/692 1407/16/692
f 1407/16/688 1408/15/688 1394/17/688 1393/18/688
f 1409/1/693 1410/2/693 1412/3/693 1411/4/693
f 1411/4/694 1412/3/694 1414/5/694 1413/6/694
f 1413/6/695 1414/5/695 1416/7/695 1415/8/695
f 1415/8/696 1416/7/696 1418/9/696 1417/10/696
f 1417/10/697 1418/9/697 1420/11/697 1419/12/697
f 1419/12/698 1420/11/698 1422/13/698 1421/14/698
f 1421/14/699 1422/13/699 1424/15/699 1423/16/699
f 1423/16/700 1424/15/700 1410/17/700 1409/18/700
f 1425/1/701 1426/2/701 1428/3/701 1427/4/701
f 1427/4/702 1428/3/702 1430/5/702 1429/6/702
f 1429/6/703 1430/5/703 1432/7/703 1431/8/703
f 1431/8/704 1432/7/704 1434/9/704 1433/10/704
f 1433/10/705 1434/9/705 1436/11/705 1435/12/705
f 1435/12/706 1436/11/706 1438/13/706 1437/14/706
f 1437/14/707 1438/13/707 1440/15/707 1439/16/707
f 1439/16/708 1440/15/708 1426/17/708 1425/18/708
f 1441/1/709 1442/2/709 1444/3/709 1443/4/709
f 1443/4/710 1444/3/710 1446/5/710 1445/6/710
f 1445/6/711 1446/5/711 1448/7/711 1447/8/711
f 1447/8/712 1448/7/712 1450/9/712 1449/10/712
f 1449/10/713 1450/9/713 1452/11/713 1451/12/713
f 1451/12/714 1452/11/714 1454/13/714 1453/14/714
f 1453/14/715 1454/13/715 1456/15/715 1455/16/715
f 1455/16/716 1456/15/716 1442/17/716 1441/18/716
f 1457/1/717 1458/2/717 1460/3/717 1459/4/717
f 1459/4/718 1460/3/718 1462/5/718 1461/6/718
f 1461/6/719 1462/5/719 1464/7/719 1463/8/719
f 1463/8/720 1464/7/720 1466/9/720 1465/10/720
f 1465/10/721 1466/9/721 1468/11/721 1467/12/721
f 1467/12/722 1468/11/722 1470/13/722 1469/14/722
f 1469/14/723 1470/13/723 1472/15/723 1471/16/723
f 1471/16/724 1472/15/724 1458/17/724 1457/18/724
f 1473/1/725 1474/2/725 1476/3/725 1475/4/725
f 1475/4/726 1476/3/726 1478/5/726 1477/6/726
f 1477/6/727 1478/5/727 1480/7/727 1479/8/727
f 1479/8/728 1480/7/728 1482/9/728 1481/10/728
f 1481/10/729 1482/9/729 1484/11/729 1483/12/729
f 1483/12/730 1484/11/730 1486/13/730 1485/14/730
f 1485/14/731 1486/13/731 1488/15/731 1487/16/731
f 1487/16/732 1488/15/732 1474/17/732 1473/18/732
f 1489/1/733 1490/2/733 1492/3/733 1491/4/733
f 1491/4/734 1492/3/734 1494/5/734 1493/6/734
f 1493/6/735 1494/5/735 1496/7/735 1495/8/735
f 1495/8/736 1496/7/736 1498/9/736 1497/10/736
f 1497/10/737 1498/9/737 1500/11/737 1499/12/737
f 1499/12/738 1500/11/738 1502/13/738 1501/14/738
f 1501/14/739 1502/13/739 1504/15/739 1503/16/739
f 1503/16/740 1504/15/740 1490/17/740 1489/18/740
f 1505/1/741 1506/2/741 1508/3/741 1507/4/741
f 1507/4/742 1508/3/742 1510/5/742 1509/6/742
f 1509/6/743 1510/5/743 1512/7/743 1511/8/743
f 1511/8/744 1512/7/744 1514/9/744 1513/10/744
f 1513/10/745 1514/9/745 1516/11/745 1515/12/745
f 1515/12/746 1516/11/746 1518/13/746 1517/14/746
f 1517/14/747 1518/13/747 1520/15/747 1519/16/747
f 1519/16/748 1520/15/748 1506/17/748 1505/18/748
f 1521/1/749 1522/2/749 1524/3/749 1523/4/749
f 1523/4/750 1524/3/750 1526/5/750 1525/6/750
f 1525/6/751 1526/5/751 1528/7/751 1527/8/751
f 1527/8/752 1528/7/752 1530/9/752 1529/10/752
f 1529/10/753 1530/9/753 1532/11/753 1531/12/753
f 1531/12/754 1532/11/754 1534/13/754 1533/14/754
f 1533/14/755 1534/13/755 1536/15/755 1535/16/755
f 1535/16/756 1536/15/756 1522/17/756 1521/18/756
f 1537/1/757 1538/2/757 1540/3/757 1539/4/757
f 1539/4/758 1540/3/758 1542/5/758 1541/6/758
f 1541/6/759 1542/5/759 1544/7/759 1543/8/759
f 1543/8/760 1544/7/760 1546/9/760 1545/10/760
f 1545/10/761 1546/9/761 1548/11/761 1547/12/761
f 1547/12/762 1548/11/762 1550/13/762 1549/14/762
f 1549/14/763 1550/13/763 1552/15/763 1551/16/763
f 1551/16/764 1552/15/764 1538/17/764 1537/18/764
f 1553/1/765 1554/2/765 1556/3/765 1555/4/765
f 1555/4/766 1556/3/766 1558/5/766 1557/6/766
f 1557/6/767 1558/5/767 1560/7/767 1559/8/767
f 1559/8/768 1560/7/768 1562/9/768 1561/10/768
f 1561/10/769 1562/9/769 1564/11/769 1563/12/769
f 1563/12/770 1564/11/770 1566/13/770 1565/14/770
f 1565/14/771 1566/13/771 1568/15/771 1567/16/771
f 1567/16/772 1568/15/772 1554/17/772 1553/18/772
f 1569/1/773 1570/2/773 1572/3/773 1571/4/773
f 1571/4/774 1572/3/774 1574/5/774 1573/6/774
f 1573/6/775 1574/5/775 1576/7/775 1575/8/775
f 1575/8/776 1576/7/776 1578/9/776 1577/10/776
f 1577/10/777 1578/9/777 1580/11/777 1579/12/777
f 1579/12/778 1580/11/778 1582/13/778 1581/14/778
f 1581/14/779 1582/13/779 1584/15/779 1583/16/779
f 1583/16/780 1584/15/780 1570/17/780 1569/18/780
f 1585/1/781 1586/2/781 1588/3/781 1587/4/781
f 1587/4/782 1588/3/782 1590/5/782 1589/6/782
f 1589/6/783 1590/5/783 1592/7/783 1591/8/783
f 1591/8/784 1592/7/784 1594/9/784 1593/10/784
f 1593/10/785 1594/9/785 1596/11/785 1595/12/785
f 1595/12/786 1596/11/786 1598/13/786 1597/14/786
f 1597/14/787 1598/13/787 1600/15/787 1599/16/787
f 1599/16/788 1600/15/788 1586/17/788 1585/18/788
f 1601/1/789 1602/2/789 1604/3/789 1603/4/789
f 1603/4/790 1604/3/790 1606/5/790 1605/6/790
f 1605/6/791 1606/5/791 1608/7/791 1607/8/791
f 1607/8/792 1608/7/792 1610/9/792 1609/10/792
f 1609/10/793 1610/9/793 1612/11/793 1611/12/793
f 1611/12/794 1612/11/794 1614/13/794 1613/14/794
f 1613/14/795 1614/13/795 1616/15/795 1615/16/795
f 1615/16/796 1616/15/796 1602/17/796 1601/18/796
f 1617/1/797 1618/2/797 1620/3/797 1619/4/797
f 1619/4/798 1620/3/798 1622/5/798 1621/6/798
f 1621/6/799 1622/5/799 1624/7/799 1623/8/799
f 1623/8/800 1624/7/800 1626/9/800 1625/10/800
f 1625/10/801 1626/9/801 1628/11/801 1627/12/801
f 1627/12/802 1628/11/802 1630/13/802 1629/14/802
f 1629/14/803 1630/13/803 1632/15/803 1631/16/803
f 1631/16/804 1632/15/804 1618/17/804 1617/18/804
f 1633/1/805 1634/2/805 1636/3/805 1635/4/805
f 1635/4/806 1636/3/806 1638/5/806 1637/6/806
f 1637/6/807 1638/5/807 1640/7/807 1639/8/807
f 1639/8/808 1640/7/808 1642/9/808 1641/10/808
f 1641/10/809 1642/9/809 1644/11/809 1643/12/809
f 1643/12/810 1644/11/810 1646/13/810 1645/14/810
f 1645/14/811 1646/13/811 1648/15/811 1647/16/811
f 1647/16/812 1648/15/812 1634/17/812 1633/18/812
f 1649/1/813 1650/2/813 1652/3/813 1651/4/813
f 1651/4/814 1652/3/814 1654/5/814 1653/6/814
f 1653/6/815 1654/5/815 1656/7/815 1655/8/815
f 1655/8/816 1656/7/816 1658/9/816 1657/10/816
f 1657/10/817 1658/9/817 1660/11/817 1659/12/817
f 1659/12/818 1660/11/818 1662/13/818 1661/14/818
f 1661/14/819 1662/13/819 1664/15/819 1663/16/819
f 1663/16/820 1664/15/820 1650/17/820 1649/18/820
f 1665/1/821 1666/2/821 1668/3/821 1667/4/821
f 1667/4/822 1668/3/822 1670/5/822 1669/6/822
f 1669/6/823 1670/5/823 1672/7/823 1671/8/823
f 1671/8/824 1672/7/824 1674/9/824 1673/10/824
f 1673/10/825 1674/9/825 1676/11/825 1675/12/825
f 1675/12/826 1676/11/826 1678/13/826 1677/14/826
f 1677/14/827 1678/13/827 1680/15/827 1679/16/827
f 1679/16/828 1680/15/828 1666/17/828 1665/18/828
f 1681/1/829 1682/2/829 1684/3/829 1683/4/829
f 1683/4/830 1684/3/830 1686/5/830 1685/6/830
f 1685/6/831 1686/5/831 1688/7/831 1687/8/831
f 1687/8/832 1688/7/832 1690/9/832 1689/10/832
f 1689/10/833 1690/9/833 1692/11/833 1691/12/833
f 1691/12/834 1692/11/834 1694/13/834 1693/14/834
f 1693/14/835 1694/13/835 1696/15/835 1695/16/835
f 1695/16/836 1696/15/836 1682/17/836 1681/18/836
f 1697/1/837 1698/2/837 1700/3/837 1699/4/837
f 1699/4/838 1700/3/838 1702/5/838 1701/6/838
f 1701/6/839 1702/5/839 1704/7/839 1703/8/839
f 1703/8/840 1704/7/840 1706/9/840 1705/10/840
f 1705/10/841 1706/9/841 1708/11/841 1707/12/841
f 1707/12/842 1708/11/842 1710/13/842 1709/14/842
f 1709/14/843 1710/13/843 1712/15/843 1711/16/843
f 1711/16/844 1712/15/844 1698/17/844 1697/18/844
f 1713/1/845 1714/2/845 1716/3/845 1715/4/845
f 1715/4/846 1716/3/846 1718/5/846 1717/6/846
f 1717/6/847 1718/5/847 1720/7/847 1719/8/847
f 1719/8/848 1720/7/848 1722/9/848 1721/10/848
f 1721/10/849 1722/9/849 1724/11/849 1723/12/849
f 1723/12/850 1724/11/850 1726/13/850 1725/14/850
f 1725/14/851 1726/13/851 1728/15/851 1727/16/851
f 1727/16/852 1728/15/852 1714/17/852 1713/18/852
f 1729/1/853 1730/2/853 1732/3/853 1731/4/853
f 1731/4/854 1732/3/854 1734/5/854 1733/6/854
f 1733/6/855 1734/5/855 1736/7/855 1735/8/855
f 1735/8/856 1736/7/856 1738/9/856 1737/10/856
f 1737/10/857 1738/9/857 1740/11/857 1739/12/857
f 1739/12/858 1740/11/858 1742/13/858 1741/14/858
f 1741/14/859 1742/13/859 1744/15/859 1743/16/859
f 1743/16/860 1744/15/860 1730/17/860 1729/18/860
f 1745/1/861 1746/2/861 1748/3/861 1747/4/861
f 1747/4/862 1748/3/862 1750/5/862 1749/6/862
f 1749/6/863 1750/5/863 1752/7/863 1751/8/863
f 1751/8/864 1752/7/864 1754/9/864 1753/10/864
f 1753/10/865 1754/9/865 1756/11/865 1755/12/865
f 1755/12/866 1756/11/866 1758/13/866 1757/14/866
f 1757/14/867 1758/13/867 1760/15/867 1759/16/867
f 1759/16/868 1760/15/868 1746/17/868 1745/18/868
f 1761/1/869 1762/2/869 1764/3/869 1763/4/869
f 1763/4/870 1764/3/870 1766/5/870 1765/6/870
f 1765/6/871 1766/5/871 1768/7/871 1767/8/871
f 1767/8/872 1768/7/872 1770/9/872 1769/10/872
f 1769/10/873 1770/9/873 1772/11/873 1771/12/873
f 1771/12/874 1772/11/874 1774/13/874 1773/14/874
f 1773/14/875 1774/13/875 1776/15/875 1775/16/875
f 1775/16/876 1776/15/876 1762/17/876 1761/18/876
f 1777/1/877 1778/2/877 1780/3/877 1779/4/877
f 1779/4/878 1780/3/878 1782/5/878 1781/6/878
f 1781/6/879 1782/5/879 1784/7/879 1783/8/879
f 1783/8/880 1784/7/880 1786/9/880 1785/10/880
f 1785/10/881 1786/9/881 1788/11/881 1787/12/881
f 1787/12/882 1788/11/882 1790/13/882 1789/14/882
f 1789/14/883 1790/13/883 1792/15/883 1791/16/883
f 1791/16/884 1792/15/884 1778/17/884 1777/18/884
f 1793/1/885 1794/2/885 1796/3/885 1795/4/885
f 1795/4/886 1796/3/886 1798/5/886 1797/6/886
f 1797/6/887 1798/5/887 1800/7/887 1799/8/887
f 1799/8/888 1800/7/888 1802/9/888 1801/10/888
f 1801/10/889 1802/9/889 1804/11/889 1803/12/889
f 1803/12/890 1804/11/890 1806/13/890 1805/14/890
f 1805/14/891 1806/13/891 1808/15/891 1807/16/891
f 1807/16/892 1808/15/892 1794/17/892 1793/18/892
f 1809/1/893 1810/2/893 1812/3/893 1811/4/893
f 1811/4/894 1812/3/894 1814/5/894 1813/6/894
f 1813/6/895 1814/5/895 1816/7/895 1815/8/895
f 1815/8/896 1816/7/896 1818/9/896 1817/10/896
f 1817/10/897 1818/9/897 1820/11/897 1819/12/897
f 1819/12/898 1820/11/898 1822/13/898 1821/14/898
f 1821/14/899 1822/13/899 1824/15/899 1823/16/899
f 1823/16/900 1824/15/900 1810/17/900 1809/18/900
f 1825/1/901 1826/2/901 1828/3/901 1827/4/901
f 1827/4/902 1828/3/902 1830/5/902 1829/6/902
f 1829/6/903 1830/5/903 1832/7/903 1831/8/903
f 1831/8/904 1832/7/904 1834/9/904 1833/10/904
f 1833/10/905 1834/9/905 1836/11/905 1835/12/905
f 1835/12/906 1836/11/906 1838/13/906 1837/14/906
f 1837/14/907 1838/13/907 1840/15/907 1839/16/907
f 1839/16/908 1840/15/908 1826/17/908 1825/18/908
f 1841/1/909 1842/2/909 1844/3/909 1843/4/909
f 1843/4/910 1844/3/910 1846/5/910 1845/6/910
f 1845/6/911 1846/5/911 1848/7/911 1847/8/911
f 1847/8/912 1848/7/912 1850/9/912 1849/10/912
f 1849/10/913 1850/9/913 1852/11/913 1851/12/913
f 1851/12/914 1852/11/914 1854/13/914 1853/14/914
f 1853/14/915 1854/13/915 1856/15/915 1855/16/915
f 1855/16/916 1856/15/916 1842/17/916 1841/18/916
f 1857/1/917 1858/2/917 1860/3/917 1859/4/917
f 1859/4/918 1860/3/918 1862/5/918 1861/6/918
f 1861/6/919 1862/5/919 1864/7/919 1863/8/919
f 1863/8/920 1864/7/920 1866/9/920 1865/10/920
f 1865/10/921 1866/9/921 1868/11/921 1867/12/921
f 1867/12/922 1868/11/922 1870/13/922 1869/14/922
f 1869/14/923 1870/13/923 1872/15/923 1871/16/923
f 1871/16/924 1872/15/924 1858/17/924 1857/18/924
f 1873/1/925 1874/2/925 1876/3/925 1875/4/925
f 1875/4/926 1876/3/926 1878/5/926 1877/6/926
f 1877/6/927 1878/5/927 1880/7/927 1879/8/927
f 1879/8/928 1880/7/928 1882/9/928 1881/10/928
f 1881/10/929 1882/9/929 1884/11/929 1883/12/929
f 1883/12/930 1884/11/930 1886/13/930 1885/14/930
f 1885/14/931 1886/13/931 1888/15/931 1887/16/931
f 1887/16/932 1888/15/932 1874/17/932 1873/18/932
f 1889/1/933 1890/2/933 1892/3/933 1891/4/933
f 1891/4/934 1892/3/934 1894/5/934 1893/6/934
f 1893/6/935 1894/5/935 1896/7/935 1895/8/935
f 1895/8/936 1896/7/936 1898/9/936 1897/10/936
f 1897/10/937 1898/9/937 1900/11/937 1899/12/937
f 1899/12/938 1900/11/938 1902/13/938 1901/14/938
f 1901/14/939 1902/13/939 1904/15/939 1903/16/939
f 1903/16/940 1904/15/940 1890/17/940 1889/18/940
f 1905/1/941 1906/2/941 1908/3/941 1907/4/941
f 1907/4/942 1908/3/942 1910/5/942 1909/6/942
f 1909/6/943 1910/5/943 1912/7/943 1911/8/943
f 1911/8/944 1912/7/944 1914/9/944 1913/10/944
f 1913/10/945 1914/9/945 1916/11/945 1915/12/945
f 1915/12/946 1916/11/946 1918/13/946 1917/14/946
f 1917/14/947 1918/13/947 1920/15/947 1919/16/947
f 1919/16/948 1920/15/948 1906/17/948 1905/18/948
f 1921/1/949 1922/2/949 1924/3/949 1923/4/949
f 1923/4/950 1924/3/950 1926/5/950 1925/6/950
f 1925/6/951 1926/5/951 1928/7/951 1927/8/951
f 1927/8/952 1928/7/952 1930/9/952 1929/10/952
f 1929/10/953 1930/9/953 1932/11/953 1931/12/953
f 1931/12/954 1932/11/954 1934/13/954 1933/14/954
f 1933/14/955 1934/13/955 1936/15/955 1935/16/955
f 1935/16/956 1936/15/956 1922/17/956 1921/18/956
f 1937/1/957 1938/2/957 1940/3/957 1939/4/957
f 1939/4/958 1940/3/958 1942/5/958 1941/6/958
f 1941/6/959 1942/5/959 1944/7/959 1943/8/959
f 1943/8/960 1944/7/960 1946/9/960 1945/10/960
f 1945/10/961 1946/9/961 1948/11/961 1947/12/961
f 1947/12/962 1948/11/962 1950/13/962 1949/14/962
f 1949/14/963 1950/13/963 1952/15/963 1951/16/963
f 1951/16/964 1952/15/964 1938/17/964 1937/18/964
f 1953/1/965 1954/2/965 1956/3/965 1955/4/965
f 1955/4/966 1956/3/966 1958/5/966 1957/6/966
f 1957/6/967 1958/5/967 1960/7/967 1959/8/967
f 1959/8/968 1960/7/968 1962/9/968 1961/10/968
f 1961/10/969 1962/9/969 1964/11/969 1963/12/969
f 1963/12/970 1964/11/970 1966/13/970 1965/14/970
f 1965/14/971 1966/13/971 1968/15/971 1967/16/971
f 1967/16/972 1968/15/972 1954/17/972 1953/18/972
f 1969/1/973 1970/2/973 1972/3/973 1971/4/973
f 1971/4/974 1972/3/974 1974/5/974 1973/6/974
f 1973/6/975 1974/5/975 1976/7/975 1975/8/975
f 1975/8/976 1976/7/976 1978/9/976 1977/10/976
f 1977/10/977 1978/9/977 1980/11/977 1979/12/977
f 1979/12/978 1980/11/978 1982/13/978 1981/14/978
f 1981/14/979 1982/13/979 1984/15/979 1983/16/979
f 1983/16/980 1984/15/980 1970/17/980 1969/18/980
f 1985/1/981 1986/2/981 1988/3/981 1987/4/981
f 1987/4/982 1988/3/982 1990/5/982 1989/6/982
f 1989/6/983 1990/5/983 1992/7/983 1991/8/983
f 1991/8/984 1992/7/984 1994/9/984 1993/10/984
f 1993/10/985 1994/9/985 1996/11/985 1995/12/985
f 1995/12/986 1996/11/986 1998/13/986 1997/14/986
f 1997/14/987 1998/13/987 2000/15/987 1999/16/987
f 1999/16/988 2000/15/988 1986/17/988 1985/18/988
f 2001/1/989 2002/2/989 2004/3/989 2003/4/989
f 2003/4/990 2004/3/990 2006/5/990 2005/6/990
f 2005/6/991 2006/5/991 2008/7/991 2007/8/991
f 2007/8/992 2008/7/992 2010/9/992 2009/10/992
f 2009/10/993 2010/9/993 2012/11/993 2011/12/993
f 2011/12/994 2012/11/994 2014/13/994 2013/14/994
f 2013/14/995 2014/13/995 2016/15/995 2015/16/995
f 2015/16/996 2016/15/996 2002/17/996 2001/18/996
f 2017/1/997 2018/2/997 2020/3/997 2019/4/997
f 2019/4/998 2020/3/998 2022/5/998 2021/6/998
f 2021/6/999 2022/5/999 2024/7/999 2023/8/999
f 2023/8/1000 2024/7/1000 2026/9/1000 2025/10/1000
f 2025/10/1001 2026/9/1001 2028/11/1001 2027/12/1001
f 2027/12/1002 2028/11/1002 2030/13/1002 2029/14/1002
f 2029/14/1003 2030/13/1003 2032/15/1003 2031/16/1003
f 2031/16/1004 2032/15/1004 2018/17/1004 2017/18/1004
f 2033/1/1005 2034/2/1005 2036/3/1005 2035/4/1005
f 2035/4/1006 2036/3/1006 2038/5/1006 2037/6/1006
f 2037/6/1007 2038/5/1007 2040/7/1007 2039/8/1007
f 2039/8/1008 2040/7/1008 2042/9/1008 2041/10/1008
f 2041/10/1009 2042/9/1009 2044/11/1009 2043/12/1009
f 2043/12/1010 2044/11/1010 2046/13/1010 2045/14/1010
f 2045/14/1011 2046/13/1011 2048/15/1011 2047/16/1011
f 2047/16/1012 2048/15/1012 2034/17/1012 2033/18/1012
f 2049/1/1013 2050/2/1013 2052/3/1013 2051/4/1013
f 2051/4/1014 2052/3/1014 2054/5/1014 2053/6/1014
f 2053/6/1015 2054/5/1015 2056/7/1015 2055/8/1015
f 2055/8/1016 2056/7/1016 2058/9/1016 2057/10/1016
f 2057/10/1017 2058/9/1017 2060/11/1017 2059/12/1017
f 2059/12/1018 2060/11/1018 2062/13/1018 2061/14/1018
f 2061/14/1019 2062/13/1019 2064/15/1019 2063/16/1019
f 2063/16/1020 2064/15/1020 2050/17/1020 2049/18/1020
f 2065/1/1021 2066/2/1021 2068/3/1021 2067/4/1021
f 2067/4/1022 2068/3/1022 2070/5/1022 2069/6/1022
f 2069/6/1023 2070/5/1023 2072/7/1023 2071/8/1023
f 2071/8/1024 2072/7/1024 2074/9/1024 2073/10/1024
f 2073/10/1025 2074/9/1025 2076/11/1025 2075/12/1025
f 2075/12/1026 2076/11/1026 2078/13/1026 2077/14/1026
f 2077/14/1027 2078/13/1027 2080/15/1027 2079/16/1027
f 2079/16/1028 2080/15/1028 2066/17/1028 2065/18/1028
f 2081/1/1029 2082/2/1029 2084/3/1029 2083/4/1029
f 2083/4/1030 2084/3/1030 2086/5/1030 2085/6/1030
f 2085/6/1031 2086/5/1031 2088/7/1031 2087/8/1031
f 2087/8/1032 2088/7/1032 2090/9/1032 2089/10/1032
f 2089/10/1033 2090/9/1033 2092/11/1033 2091/12/1033
f 2091/12/1034 2092/11/1034 2094/13/1034 2093/14/1034
f 2093/14/1035 2094/13/1035 2096/15/1035 2095/16/1035
f 2095/16/1036 2096/15/1036 2082/17/1036 2081/18/1036
f 2097/1/1037 2098/2/1037 2100/3/1037 2099/4/1037
f 2099/4/1038 2100/3/1038 2102/5/1038 2101/6/1038
f 2101/6/1039 2102/5/1039 2104/7/1039 2103/8/1039
f 2103/8/1040 2104/7/1040 2106/9/1040 2105/10/1040
f 2105/10/1041 2106/9/1041 2108/11/1041 2107/12/1041
f 2107/12/1042 2108/11/1042 2110/13/1042 2109/14/1042
f 2109/14/1043 2110/13/1043 2112/15/1043 2111/16/1043
f 2111/16/1044 2112/15/1044 2098/17/1044 2097/18/1044
f 2113/1/1045 2114/2/1045 2116/3/1045 2115/4/1045
f 2115/4/1046 2116/3/1046 2118/5/1046 2117/6/1046
f 2117/6/1047 2118/5/1047 2120/7/1047 2119/8/1047
f 2119/8/1048 2120/7/1048 2122/9/1048 2121/10/1048
f 2121/10/1049 2122/9/1049 2124/11/1049 2123/12/1049
f 2123/12/1050 2124/11/1050 2126/13/1050 2125/14/1050
f 2125/14/1051 2126/13/1051 2128/15/1051 2127/16/1051
f 2127/16/1052 2128/15/1052 2114/17/1052 2113/18/1052
f 2129/1/1053 2130/2/1053 2132/3/1053 2131/4/1053
f 2131/4/1054 2132/3/1054 2134/5/1054 2133/6/1054
f 2133/6/1055 2134/5/1055 2136/7/1055 2135/8/1055
f 2135/8/1056 2136/7/1056 2138/9/1056 2137/10/1056
f 2137/10/1057 2138/9/1057 2140/11/1057 2139/12/1057
f 2139/12/1058 2140/11/1058 2142/13/1058 2141/14/1058
f 2141/14/1059 2142/13/1059 2144/15/1059 2143/16/1059
f 2143/16/1060 2144/15/1060 2130/17/1060 2129/18/1060
f 2145/1/1061 2146/2/1061 2148/3/1061 2147/4/1061
f 2147/4/1062 2148/3/1062 2150/5/1062 2149/6/1062
f 2149/6/1063 2150/5/1063 2152/7/1063 2151/8/1063
f 2151/8/1064 2152/7/1064 2154/9/1064 2153/10/1064
f 2153/10/1065 2154/9/1065 2156/11/1065 2155/12/1065
f 2155/12/1066 2156/11/1066 2158/13/1066 2157/14/1066
f 2157/14/1067 2158/13/1067 2160/15/1067 2159/16/1067
f 2159/16/1068 2160/15/1068 2146/17/1068 2145/18/1068
f 2161/1/1069 2162/2/1069 2164/3/1069 2163/4/1069
f 2163/4/1070 2164/3/1070 2166/5/1070 2165/6/1070
f 2165/6/1071 2166/5/1071 2168/7/1071 2167/8/1071
f 2167/8/1072 2168/7/1072 2170/9/1072 2169/10/1072
f 2169/10/1073 2170/9/1073 2172/11/1073 2171/12/1073
f 2171/12/1074 2172/11/1074 2174/13/1074 2173/14/1074
f 2173/14/1075 2174/13/1075 2176/15/1075 2175/16/1075
f 2175/16/1076 2176/15/1076 2162/17/1076 2161/18/1076
f 2177/1/1077 2178/2/1077 2180/3/1077 2179/4/1077
f 2179/4/1078 2180/3/1078 2182/5/1078 2181/6/1078
f 2181/6/1079 2182/5/1079 2184/7/1079 2183/8/1079
f 2183/8/1080 2184/7/1080 2186/9/1080 2185/10/1080
f 2185/10/1081 2186/9/1081 2188/11/1081 2187/12/1081
f 2187/12/1082 2188/11/1082 2190/13/1082 2189/14/1082
f 2189/14/1083 2190/13/1083 2192/15/1083 2191/16/1083
f 2191/16/1084 2192/15/1084 2178/17/1084 2177/18/1084
f 2193/1/1085 2194/2/1085 2196/3/1085 2195/4/1085
f 2195/4/1086 2196/3/1086 2198/5/1086 2197/6/1086
f 2197/6/1087 2198/5/1087 2200/7/1087 2199/8/1087
f 2199/8/1088 2200/7/1088 2202/9/1088 2201/10/1088
f 2201/10/1089 2202/9/1089 2204/11/1089 2203/12/1089
f 2203/12/1090 2204/11/1090 2206/13/1090 2205/14/1090
f 2205/14/1091 2206/13/1091 2208/15/1091 2207/16/1091
f 2207/16/1092 2208/15/1092 2194/17/1092 2193/18/1092
f 2209/1/1093 2210/2/1093 2212/3/1093 2211/4/1093
f 2211/4/1094 2212/3/1094 2214/5/1094 2213/6/1094
f 2213/6/1095 2214/5/1095 2216/7/1095 2215/8/1095
f 2215/8/1096 2216/7/1096 2218/9/1096 2217/10/1096
f 2217/10/1097 2218/9/1097 2220/11/1097 2219/12/1097
f 2219/12/1098 2220/11/1098 2222/13/1098 2221/14/1098
f 2221/14/1099 2222/13/1099 2224/15/1099 2223/16/1099
f 2223/16/1100 2224/15/1100 2210/17/1100 2209/18/1100
f 2225/1/1101 2226/2/1101 2228/3/1101 2227/4/1101
f 2227/4/1102 2228/3/1102 2230/5/1102 2229/6/1102
f 2229/6/1103 2230/5/1103 2232/7/1103 2231/8/1103
f 2231/8/1104 2232/7/1104 2234/9/1104 2233/10/1104
f 2233/10/1105 2234/9/1105 2236/11/1105 2235/12/1105
f 2235/12/1106 2236/11/1106 2238/13/1106 2237/14/1106
f 2237/14/1107 2238/13/1107 2240/15/1107 2239/16/1107
f 2239/16/1108 2240/15/1108 2226/17/1108 2225/18/1108
f 2241/1/1109 2242/2/1109 2244/3/1109 2243/4/1109
f 2243/4/1110 2244/3/1110 2246/5/1110 2245/6/1110
f 2245/6/1111 2246/5/1111 2248/7/1111 2247/8/1111
f 2247/8/1112 2248/7/1112 2250/9/1112 2249/10/1112
f 2249/10/1113 2250/9/1113 2252/11/1113 2251/12/1113
f 2251/12/1114 2252/11/1114 2254/13/1114 2253/14/1114
f 2253/14/1115 2254/13/1115 2256/15/1115 2255/16/1115
f 2255/16/1116 2256/15/1116 2242/17/1116 2241/18/1116
f 2257/1/1117 2258/2/1117 2260/3/1117 2259/4/1117
f 2259/4/1118 2260/3/1118 2262/5/1118 2261/6/1118
f 2261/6/1119 2262/5/1119 2264/7/1119 2263/8/1119
f 2263/8/1120 2264/7/1120 2266/9/1120 2265/10/1120
f 2265/10/1121 2266/9/1121 2268/11/1121 2267/12/1121
f 2267/12/1122 2268/11/1122 2270/13/1122 2269/14/1122
f 2269/14/1123 2270/13/1123 2272/15/1123 2271/16/1123
f 2271/16/1124 2272/15/1124 2258/17/1124 2257/18/1124
f 2273/1/1125 2274/2/1125 2276/3/1125 2275/4/1125
f 2275/4/1126 2276/3/1126 2278/5/1126 2277/6/1126
f 2277/6/1127 2278/5/1127 2280/7/1127 2279/8/1127
f 2279/8/1128 2280/7/1128 2282/9/1128 2281/10/1128
f 2281/10/1129 2282/9/1129 2284/11/1129 2283/12/1129
f 2283/12/1130 2284/11/1130 2286/13/1130 2285/14/1130
f 2285/14/1131 2286/13/1131 2288/15/1131 2287/16/1131
f 2287/16/1132 2288/15/1132 2274/17/1132 2273/18/1132
f 2289/1/1133 2290/2/1133 2292/3/1133 2291/4/1133
f 2291/4/1134 2292/3/1134 2294/5/1134 2293/6/1134
f 2293/6/1135 2294/5/1135 2296/7/1135 2295/8/1135
f 2295/8/1136 2296/7/1136 2298/9/1136 2297/10/1136
f 2297/10/1137 2298/9/1137 2300/11/1137 2299/12/1137
f 2299/12/1138 2300/11/1138 2302/13/1138 2301/14/1138
f 2301/14/1139 2302/13/1139 2304/15/1139 2303/16/1139
f 2303/16/1140 2304/15/1140 2290/17/1140 2289/18/1140
f 2305/1/1141 2306/2/1141 2308/3/1141 2307/4/1141
f 2307/4/1142 2308/3/1142 2310/5/1142 2309/6/1142
f 2309/6/1143 2310/5/1143 2312/7/1143 2311/8/1143
f 2311/8/1144 2312/7/1144 2314/9/1144 2313/10/1144
f 2313/10/1145 2314/9/1145 2316/11/1145 2315/12/1145
f 2315/12/1146 2316/11/1146 2318/13/1146 2317/14/1146
f 2317/14/1147 2318/13/1147 2320/15/1147 2319/16/1147
f 2319/16/1148 2320/15/1148 2306/17/1148 2305/18/1148
f 2321/1/1149 2322/2/1149 2324/3/1149 2323/4/1149
f 2323/4/1150 2324/3/1150 2326/5/1150 2325/6/1150
f 2325/6/1151 2326/5/1151 2328/7/1151 2327/8/1151
f 2327/8/1152 2328/7/1152 2330/9/1152 2329/10/1152
f 2329/10/1153 2330/9/1153 2332/11/1153 2331/12/1153
f 2331/12/1154 2332/11/1154 2334/13/1154 2333/14/1154
f 2333/14/1155 2334/13/1155 2336/15/1155 2335/16/1155
f 2335/16/1156 2336/15/1156 2322/17/1156 2321/18/1156
f 2337/1/1157 2338/2/1157 2340/3/1157 2339/4/1157
f 2339/4/1158 2340/3/1158 2342/5/1158 2341/6/1158
f 2341/6/1159 2342/5/1159 2344/7/1159 2343/8/1159
f 2343/8/1160 2344/7/1160 2346/9/1160 2345/10/1160
f 2345/10/1161 2346/9/1161 2348/11/1161 2347/12/1161
f 2347/12/1162 2348/11/1162 2350/13/1162 2349/14/1162
f 2349/14/1163 2350/13/1163 2352/15/1163 2351/16/1163
f 2351/16/1164 2352/15/1164 2338/17/1164 2337/18/1164
f 2353/1/1165 2354/2/1165 2356/3/1165 2355/4/1165
f 2355/4/1166 2356/3/1166 2358/5/1166 2357/6/1166
f 2357/6/1167 2358/5/1167 2360/7/1167 2359/8/1167
f 2359/8/1168 2360/7/1168 2362/9/1168 2361/10/1168
f 2361/10/1169 2362/9/1169 2364/11/1169 2363/12/1169
f 2363/12/1170 2364/11/1170 2366/13/1170 2365/14/1170
f 2365/14/1171 2366/13/1171 2368/15/1171 2367/16/1171
f 2367/16/1172 2368/15/1172 2354/17/1172 2353/18/1172
f 2369/1/1173 2370/2/1173 2372/3/1173 2371/4/1173
f 2371/4/1174 2372/3/1174 2374/5/1174 2373/6/1174
f 2373/6/1175 2374/5/1175 2376/7/1175 2375/8/1175
f 2375/8/1176 2376/7/1176 2378/9/1176 2377/10/1176
f 2377/10/1177 2378/9/1177 2380/11/1177 2379/12/1177
f 2379/12/1178 2380/11/1178 2382/13/1178 2381/14/1178
f 2381/14/1179 2382/13/1179 2384/15/1179 2383/16/1179
f 2383/16/1180 2384/15/1180 2370/17/1180 2369/18/1180
f 2385/1/1181 2386/2/1181 2388/3/1181 2387/4/1181
f 2387/4/1182 2388/3/1182 2390/5/1182 2389/6/1182
f 2389/6/1183 2390/5/1183 2392/7/1183 2391/8/1183
f 2391/8/1184 2392/7/1184 2394/9/1184 2393/10/1184
f 2393/10/1185 2394/9/1185 2396/11/1185 2395/12/1185
f 2395/12/1186 2396/11/1186 2398/13/1186 2397/14/1186
f 2397/14/1187 2398/13/1187 2400/15/1187 2399/16/1187
f 2399/16/1188 2400/15/1188 2386/17/1188 2385/18/1188
f 2401/1/1189 2402/2/1189 2404/3/1189 2403/4/1189
f 2403/4/1190 2404/3/1190 2406/5/1190 2405/6/1190
f 2405/6/1191 2406/5/1191 2408/7/1191 2407/8/1191
f 2407/8/1192 2408/7/1192 2410/9/1192 2409/10/1192
f 2409/10/1193 2410/9/1193 2412/11/1193 2411/12/1193
f 2411/12/1194 2412/11/1194 2414/13/1194 2413/14/1194
f 2413/14/1195 2414/13/1195 2416/15/1195 2415/16/1195
f 2415/16/1196 2416/15/1196 2402/17/1196 2401/18/1196
f 2417/1/1197 2418/2/1197 2420/3/1197 2419/4/1197
f 2419/4/1198 2420/3/1198 2422/5/1198 2421/6/1198
f 2421/6/1199 2422/5/1199 2424/7/1199 2423/8/1199
f 2423/8/1200 2424/7/1200 2426/9/1200 2425/10/1200
f 2425/10/1201 2426/9/1201 2428/11/1201 2427/12/1201
f 2427/12/1202 2428/11/1202 2430/13/1202 2429/14/1202
f 2429/14/1203 2430/13/1203 2432/15/1203 2431/16/1203
f 2431/16/1204 2432/15/1204 2418/17/1204 2417/18/1204
f 2433/1/1205 2434/2/1205 2436/3/1205 2435/4/1205
f 2435/4/1206 2436/3/1206 2438/5/1206 2437/6/1206
f 2437/6/1207 2438/5/1207 2440/7/1207 2439/8/1207
f 2439/8/1208 2440/7/1208 2442/9/1208 2441/10/1208
f 2441/10/1209 2442/9/1209 2444/11/1209 2443/12/1209
f 2443/12/1210 2444/11/1210 2446/13/1210 2445/14/1210
f 2445/14/1211 2446/13/1211 2448/15/1211 2447/16/1211
f 2447/16/1212 2448/15/1212 2434/17/1212 2433/18/1212
f 2449/1/1213 2450/2/1213 2452/3/1213 2451/4/1213
f 2451/4/1214 2452/3/1214 2454/5/1214 2453/6/1214
f 2453/6/1215 2454/5/1215 2456/7/1215 2455/8/1215
f 2455/8/1216 2456/7/1216 2458/9/1216 2457/10/1216
f 2457/10/1217 2458/9/1217 2460/11/1217 2459/12/1217
f 2459/12/1218 2460/11/1218 2462/13/1218 2461/14/1218
f 2461/14/1219 2462/13/1219 2464/15/1219 2463/16/1219
f 2463/16/1220 2464/15/1220 2450/17/1220 2449/18/1220
f 2465/1/1221 2466/2/1221 2468/3/1221 2467/4/1221
f 2467/4/1222 2468/3/1222 2470/5/1222 2469/6/1222
f 2469/6/1223 2470/5/1223 2472/7/1223 2471/8/1223
f 2471/8/1224 2472/7/1224 2474/9/1224 2473/10/1224
f 2473/10/1225 2474/9/1225 2476/11/1225 2475/12/1225
f 2475/12/1226 2476/11/1226 2478/13/1226 2477/14/1226
f 2477/14/1227 2478/13/1227 2480/15/1227 2479/16/1227
f 2479/16/1228 2480/15/1228 2466/17/1228 2465/18/1228
f 2481/1/1229 2482/2/1229 2484/3/1229 2483/4/1229
f 2483/4/1230 2484/3/1230 2486/5/1230 2485/6/1230
f 2485/6/1231 2486/5/1231 2488/7/1231 2487/8/1231
f 2487/8/1232 2488/7/1232 2490/9/1232 2489/10/1232
f 2489/10/1233 2490/9/1233 2492/11/1233 2491/12/1233
f 2491/12/1234 2492/11/1234 2494/13/1234 2493/14/1234
f 2493/14/1235 2494/13/1235 2496/15/1235 2495/16/1235
f 2495/16/1236 2496/15/1236 2482/17/1236 2481/18/1236
f 2497/1/1237 2498/2/1237 2500/3/1237 2499/4/1237
f 2499/4/1238 2500/3/1238 2502/5/1238 2501/6/1238
f 2501/6/1239 2502/5/1239 2504/7/1239 2503/8/1239
f 2503/8/1240 2504/7/1240 2506/9/1240 2505/10/1240
f 2505/10/1241 2506/9/1241 2508/11/1241 2507/12/1241
f 2507/12/1242 2508/11/1242 2510/13/1242 2509/14/1242
f 2509/14/1243 2510/13/1243 2512/15/1243 2511/16/1243
f 2511/16/1244 2512/15/1244 2498/17/1244 2497/18/1244
f 2513/1/1245 2514/2/1245 2516/3/1245 2515/4/1245
f 2515/4/1246 2516/3/1246 2518/5/1246 2517/6/1246
f 2517/6/1247 2518/5/1247 2520/7/1247 2519/8/1247
f 2519/8/1248 2520/7/1248 2522/9/1248 2521/10/1248
f 2521/10/1249 2522/9/1249 2524/11/1249 2523/12/1249
f 2523/12/1250 2524/11/1250 2526/13/1250 2525/14/1250
f 2525/14/1251 2526/13/1251 2528/15/1251 2527/16/1251
f 2527/16/1252 2528/15/1252 2514/17/1252 2513/18/1252
f 2529/1/1253 2530/2/1253 2532/3/1253 2531/4/1253
f 2531/4/1254 2532/3/1254 2534/5/1254 2533/6/1254
f 2533/6/1255 2534/5/1255 2536/7/1255 2535/8/1255
f 2535/8/1256 2536/7/1256 2538/9/1256 2537/10/1256
f 2537/10/1257 2538/9/1257 2540/11/1257 2539/12/1257
f 2539/12/1258 2540/11/1258 2542/13/1258 2541/14/1258
f 2541/14/1259 2542/13/1259 2544/15/1259 2543/16/1259
f 2543/16/1260 2544/15/1260 2530/17/1260 2529/18/1260
f 2545/1/1261 2546/2/1261 2548/3/1261 2547/4/1261
f 2547/4/1262 2548/3/1262 2550/5/1262 2549/6/1262
f 2549/6/1263 2550/5/1263 2552/7/1263 2551/8/1263
f 2551/8/1264 2552/7/1264 2554/9/1264 2553/10/1264
f 2553/10/1265 2554/9/1265 2556/11/1265 2555/12/1265
f 2555/12/1266 2556/11/1266 2558/13/1266 2557/14/1266
f 2557/14/1267 2558/13/1267 2560/15/1267 2559/16/1267
f 2559/16/1268 2560/15/1268 2546/17/1268 2545/18/1268
f 2561/1/1269 2562/2/1269 2564/3/1269 2563/4/1269
f 2563/4/1270 2564/3/1270 2566/5/1270 2565/6/1270
f 2565/6/1271 2566/5/1271 2568/7/1271 2567/8/1271
f 2567/8/1272 2568/7/1272 2570/9/1272 2569/10/1272
f 2569/10/1273 2570/9/1273 2572/11/1273 2571/12/1273
f 2571/12/1274 2572/11/1274 2574/13/1274 2573/14/1274
f 2573/14/1275 2574/13/1275 2576/15/1275 2575/16/1275
f 2575/16/1276 2576/15/1276 2562/17/1276 2561/18/1276
f 2577/1/1277 2578/2/1277 2580/3/1277 2579/4/1277
f 2579/4/1278 2580/3/1278 2582/5/1278 2581/6/1278
f 2581/6/1279 2582/5/1279 2584/7/1279 2583/8/1279
f 2583/8/1280 2584/7/1280 2586/9/1280 2585/10/1280
f 2585/10/1281 2586/9/1281 2588/11/1281 2587/12/1281
f 2587/12/1282 2588/11/1282 2590/13/1282 2589/14/1282
f 2589/14/1283 2590/13/1283 2592/15/1283 2591/16/1283
f 2591/16/1284 2592/15/1284 2578/17/1284 2577/18/1284
f 2593/1/1285 2594/2/1285 2596/3/1285 2595/4/1285
f 2595/4/1286 2596/3/1286 2598/5/1286 2597/6/1286
f 2597/6/1287 2598/5/1287 2600/7/1287 2599/8/1287
f 2599/8/1288 2600/7/1288 2602/9/1288 2601/10/1288
f 2601/10/1289 2602/9/1289 2604/11/1289 2603/12/1289
f 2603/12/1290 2604/11/1290 2606/13/1290 2605/14/1290
f 2605/14/1291 2606/13/1291 2608/15/1291 2607/16/1291
f 2607/16/1292 2608/15/1292 2594/17/1292 2593/18/1292
f 2609/1/1293 2610/2/1293 2612/3/1293 2611/4/1293
f 2611/4/1294 2612/3/1294 2614/5/1294 2613/6/1294
f 2613/6/1295 2614/5/1295 2616/7/1295 2615/8/1295
f 2615/8/1296 2616/7/1296 2618/9/1296 2617/10/1296
f 2617/10/1297 2618/9/1297 2620/11/1297 2619/12/1297
f 2619/12/1298 2620/11/1298 2622/13/1298 2621/14/1298
f 2621/14/1299 2622/13/1299 2624/15/1299 2623/16/1299
f 2623/16/1300 2624/15/1300 2610/17/1300 2609/18/1300
f 2625/1/1301 2626/2/1301 2628/3/1301 2627/4/1301
f 2627/4/1302 2628/3/1302 2630/5/1302 2629/6/1302
f 2629/6/1303 2630/5/1303 2632/7/1303 2631/8/1303
f 2631/8/1304 2632/7/1304 2634/9/1304 2633/10/1304
f 2633/10/1305 2634/9/1305 2636/11/1305 2635/12/1305
f 2635/12/1306 2636/11/1306 2638/13/1306 2637/14/1306
f 2637/14/1307 2638/13/1307 2640/15/1307 2639/16/1307
f 2639/16/1308 2640/15/1308 2626/17/1308 2625/18/1308
f 2641/1/1309 2642/2/1309 2644/3/1309 2643/4/1309
f 2643/4/1310 2644/3/1310 2646/5/1310 2645/6/1310
f 2645/6/1311 2646/5/1311 2648/7/1311 2647/8/1311
f 2647/8/1312 2648/7/1312 2650/9/1312 2649/10/1312
f 2649/10/1313 2650/9/1313 2652/11/1313 2651/12/1313
f 2651/12/1314 2652/11/1314 2654/13/1314 2653/14/1314
f 2653/14/1315 2654/13/1315 2656/15/1315 2655/16/1315
f 2655/16/1316 2656/15/1316 2642/17/1316 2641/18/1316
f 2657/1/1317 2658/2/1317 2660/3/1317 2659/4/1317
f 2659/4/1318 2660/3/1318 2662/5/1318 2661/6/1318
f 2661/6/1319 2662/5/1319 2664/7/1319 2663/8/1319
f 2663/8/1320 2664/7/1320 2666/9/1320 2665/10/1320
f 2665/10/1321 2666/9/1321 2668/11/1321 2667/12/1321
f 2667/12/1322 2668/11/1322 2670/13/1322 2669/14/1322
f 2669/14/1323 2670/13/1323 2672/15/1323 2671/16/1323
f 2671/16/1324 2672/15/1324 2658/17/1324 2657/18/1324
f 2673/1/1325 2674/2/1325 2676/3/1325 2675/4/1325
f 2675/4/1326 2676/3/1326 2678/5/1326 2677/6/1326
f 2677/6/1327 2678/5/1327 2680/7/1327 2679/8/1327
f 2679/8/1328 2680/7/1328 2682/9/1328 2681/10/1328
f 2681/10/1329 2682/9/1329 2684/11/1329 2683/12/1329
f 2683/12/1330 2684/11/1330 2686/13/1330 2685/14/1330
f 2685/14/1331 2686/13/1331 2688/15/1331 2687/16/1331
f 2687/16/1332 2688/15/1332 2674/17/1332 2673/18/1332
f 2689/1/1333 2690/2/1333 2692/3/1333 2691/4/1333
f 2691/4/1334 2692/3/1334 2694/5/1334 2693/6/1334
f 2693/6/1335 2694/5/1335 2696/7/1335 2695/8/1335
f 2695/8/1336 2696/7/1336 2698/9/1336 2697/10/1336
f 2697/10/1337 2698/9/1337 2700/11/1337 2699/12/1337
f 2699/12/1338 2700/11/1338 2702/13/1338 2701/14/1338
f 2701/14/1339 2702/13/1339 2704/15/1339 2703/16/1339
f 2703/16/1340 2704/15/1340 2690/17/1340 2689/18/1340
f 2705/1/1341 2706/2/1341 2708/3/1341 2707/4/1341
f 2707/4/1342 2708/3/1342 2710/5/1342 2709/6/1342
f 2709/6/1343 2710/5/1343 2712/7/1343 2711/8/1343
f 2711/8/1344 2712/7/1344 2714/9/1344 2713/10/1344
f 2713/10/1345 2714/9/1345 2716/11/1345 2715/12/1345
f 2715/12/1346 2716/11/1346 2718/13/1346 2717/14/1346
f 2717/14/1347 2718/13/1347 2720/15/1347 2719/16/1347
f 2719/16/1348 2720/15/1348 2706/17/1348 2705/18/1348
f 2721/1/1349 2722/2/1349 2724/3/1349 2723/4/1349
f 2723/4/1350 2724/3/1350 2726/5/1350 2725/6/1350
f 2725/6/1351 2726/5/1351 2728/7/1351 2727/8/1351
f 2727/8/1352 2728/7/1352 2730/9/1352 2729/10/1352
f 2729/10/1353 2730/9/1353 2732/11/1353 2731/12/1353
f 2731/12/1354 2732/11/1354 2734/13/1354 2733/14/1354
f 2733/14/1355 2734/13/1355 2736/15/1355 2735/16/1355
f 2735/16/1356 2736/15/1356 2722/17/1356 2721/18/1356
f 2772/23/1357 2750/24/1357 2749/25/1357 2770/26/1357 2769/27/1357 2764/28/1357 2763/29/1357 2771/30/1357
f 2767/31/1358 2738/32/1358 2750/24/1358 2772/23/1358 2771/30/1358 2763/29/1358 2744/33/1358 2768/34/1358
f 2782/35/1359 2752/36/1359 2739/37/1359 2746/38/1359 2745/39/1359 2737/40/1359 2749/41/1359 2781/42/1359
f 2770/26/1360 2749/25/1360 2737/43/1360 2766/44/1360 2765/45/1360 2743/46/1360 2764/28/1360 2769/27/1360
f 2774/47/1361 2764/28/1361 2743/46/1361 2760/48/1361 2759/49/1361 2741/50/1361 2758/51/1361 2773/52/1361
f 2776/53/1362 2763/29/1362 2764/28/1362 2774/47/1362 2773/52/1362 2758/51/1362 2757/54/1362 2775/55/1362
f 2768/56/1363 2744/57/1363 2761/58/1363 2762/59/1363 2742/60/1363 2755/61/1363 2756/62/1363 2740/63/1363 2747/64/1363 2748/65/1363 2738/66/1363 2767/67/1363
f 2778/68/1364 2758/51/1364 2741/50/1364 2754/69/1364 2753/70/1364 2739/37/1364 2752/36/1364 2777/71/1364
f 2780/72/1365 2757/54/1365 2758/51/1365 2778/68/1365 2777/71/1365 2752/36/1365 2751/73/1365 2779/74/1365
f 2784/75/1366 2751/73/1366 2752/36/1366 2782/35/1366 2781/42/1366 2749/41/1366 2750/76/1366 2783/77/1366
f 2747/78/1367 2740/79/1367 2751/73/1367 2784/75/1367 2783/77/1367 2750/76/1367 2738/80/1367 2748/81/1367
f 2755/82/1368 2742/83/1368 2757/84/1368 2780/85/1368 2779/86/1368 2751/87/1368 2740/88/1368 2756/89/1368
f 2761/90/1369 2744/33/1369 2763/29/1369 2776/53/1369 2775/55/1369 2757/54/1369 2742/91/1369 2762/92/1369
f 2785/1/1370 2786/2/1370 2788/3/1370 2787/4/1370
f 2787/4/1371 2788/3/1371 2790/5/1371 2789/6/1371
f 2789/6/1372 2790/5/1372 2792/7/1372 2791/8/1372
f 2791/8/1373 2792/7/1373 2794/9/1373 2793/10/1373
f 2793/10/1374 2794/9/1374 2796/11/1374 2795/12/1374
f 2795/12/1375 2796/11/1375 2798/13/1375 2797/14/1375
f 2797/14/1376 2798/13/1376 2800/15/1376 2799/16/1376
f 2799/16/1377 2800/15/1377 2786/17/1377 2785/18/1377
f 2801/1/1378 2802/2/1378 2804/3/1378 2803/4/1378
f 2803/4/1379 2804/3/1379 2806/5/1379 2805/6/1379
f 2805/6/1380 2806/5/1380 2808/7/1380 2807/8/1380
f 2807/8/1381 2808/7/1381 2810/9/1381 2809/10/1381
f 2809/10/1382 2810/9/1382 2812/11/1382 2811/12/1382
f 2811/12/1383 2812/11/1383 2814/13/1383 2813/14/1383
f 2813/14/1384 2814/13/1384 2816/15/1384 2815/16/1384
f 2815/16/1385 2816/15/1385 2802/17/1385 2801/18/1385
f 2817/1/1386 2818/2/1386 2820/3/1386 2819/4/1386
f 2819/4/1387 2820/3/1387 2822/5/1387 2821/6/1387
f 2821/6/1388 2822/5/1388 2824/7/1388 2823/8/1388
f 2823/8/1389 2824/7/1389 2826/9/1389 2825/10/1389
f 2825/10/1390 2826/9/1390 2828/11/1390 2827/12/1390
f 2827/12/1391 2828/11/1391 2830/13/1391 2829/14/1391
f 2829/14/1392 2830/13/1392 2832/15/1392 2831/16/1392
f 2831/16/1393 2832/15/1393 2818/17/1393 2817/18/1393
f 2833/1/1394 2834/2/1394 2836/3/1394 2835/4/1394
f 2835/4/1395 2836/3/1395 2838/5/1395 2837/6/1395
f 2837/6/1396 2838/5/1396 2840/7/1396 2839/8/1396
f 2839/8/1397 2840/7/1397 2842/9/1397 2841/10/1397
f 2841/10/1398 2842/9/1398 2844/11/1398 2843/12/1398
f 2843/12/1399 2844/11/1399 2846/13/1399 2845/14/1399
f 2845/14/1400 2846/13/1400 2848/15/1400 2847/16/1400
f 2847/16/1401 2848/15/1401 2834/17/1401 2833/18/1401
f 2849/1/1402 2850/2/1402 2852/3/1402 2851/4/1402
f 2851/4/1403 2852/3/1403 2854/5/1403 2853/6/1403
f 2853/6/1404 2854/5/1404 2856/7/1404 2855/8/1404
f 2855/8/1405 2856/7/1405 2858/9/1405 2857/10/1405
f 2857/10/1406 2858/9/1406 2860/11/1406 2859/12/1406
f 2859/12/1407 2860/11/1407 2862/13/1407 2861/14/1407
f 2861/14/1408 2862/13/1408 2864/15/1408 2863/16/1408
f 2863/16/1409 2864/15/1409 2850/17/1409 2849/18/1409
f 2865/1/1410 2866/2/1410 2868/3/1410 2867/4/1410
f 2867/4/1411 2868/3/1411 2870/5/1411 2869/6/1411
f 2869/6/1412 2870/5/1412 2872/7/1412 2871/8/1412
f 2871/8/1413 2872/7/1413 2874/9/1413 2873/10/1413
f 2873/10/1414 2874/9/1414 2876/11/1414 2875/12/1414
f 2875/12/1415 2876/11/1415 2878/13/1415 2877/14/1415
f 2877/14/1416 2878/13/1416 2880/15/1416 2879/16/1416
f 2879/16/1417 2880/15/1417 2866/17/1417 2865/18/1417
f 2881/1/1418 2882/2/1418 2884/3/1418 2883/4/1418
f 2883/4/1419 2884/3/1419 2886/5/1419 2885/6/1419
f 2885/6/1420 2886/5/1420 2888/7/1420 2887/8/1420
f 2887/8/1421 2888/7/1421 2890/9/1421 2889/10/1421
f 2889/10/1422 2890/9/1422 2892/11/1422 2891/12/1422
f 2891/12/1423 2892/11/1423 2894/13/1423 2893/14/1423
f 2893/14/1424 2894/13/1424 2896/15/1424 2895/16/1424
f 2895/16/1425 2896/15/1425 2882/17/1425 2881/18/1425
f 2897/1/1426 2898/2/1426 2900/3/1426 2899/4/1426
f 2899/4/1427 2900/3/1427 2902/5/1427 2901/6/1427
f 2901/6/1428 2902/5/1428 2904/7/1428 2903/8/1428
f 2903/8/1429 2904/7/1429 2906/9/1429 2905/10/1429
f 2905/10/1430 2906/9/1430 2908/11/1430 2907/12/1430
f 2907/12/1431 2908/11/1431 2910/13/1431 2909/14/1431
f 2909/14/1432 2910/13/1432 2912/15/1432 2911/16/1432
f 2911/16/1433 2912/15/1433 2898/17/1433 2897/18/1433
f 2913/1/1434 2914/2/1434 2916/3/1434 2915/4/1434
f 2915/4/1435 2916/3/1435 2918/5/1435 2917/6/1435
f 2917/6/1436 2918/5/1436 2920/7/1436 2919/8/1436
f 2919/8/1437 2920/7/1437 2922/9/1437 2921/10/1437
f 2921/10/1438 2922/9/1438 2924/11/1438 2923/12/1438
f 2923/12/1439 2924/11/1439 2926/13/1439 2925/14/1439
f 2925/14/1440 2926/13/1440 2928/15/1440 2927/16/1440
f 2927/16/1441 2928/15/1441 2914/17/1441 2913/18/1441
f 2929/1/1442 2930/2/1442 2932/3/1442 2931/4/1442
f 2931/4/1443 2932/3/1443 2934/5/1443 2933/6/1443
f 2933/6/1444 2934/5/1444 2936/7/1444 2935/8/1444
f 2935/8/1445 2936/7/1445 2938/9/1445 2937/10/1445
f 2937/10/1446 2938/9/1446 2940/11/1446 2939/12/1446
f 2939/12/1447 2940/11/1447 2942/13/1447 2941/14/1447
f 2941/14/1448 2942/13/1448 2944/15/1448 2943/16/1448
f 2943/16/1449 2944/15/1449 2930/17/1449 2929/18/1449
f 2945/1/1450 2946/2/1450 2948/3/1450 2947/4/1450
f 2947/4/1451 2948/3/1451 2950/5/1451 2949/6/1451
f 2949/6/1452 2950/5/1452 2952/7/1452 2951/8/1452
f 2951/8/1453 2952/7/1453 2954/9/1453 2953/10/1453
f 2953/10/1454 2954/9/1454 2956/11/1454 2955/12/1454
f 2955/12/1455 2956/11/1455 2958/13/1455 2957/14/1455
f 2957/14/1456 2958/13/1456 2960/15/1456 2959/16/1456
f 2959/16/1457 2960/15/1457 2946/17/1457 2945/18/1457
f 2961/1/1458 2962/2/1458 2964/3/1458 2963/4/1458
f 2963/4/1459 2964/3/1459 2966/5/1459 2965/6/1459
f 2965/6/1460 2966/5/1460 2968/7/1460 2967/8/1460
f 2967/8/1461 2968/7/1461 2970/9/1461 2969/10/1461
f 2969/10/1462 2970/9/1462 2972/11/1462 2971/12/1462
f 2971/12/1463 2972/11/1463 2974/13/1463 2973/14/1463
f 2973/14/1464 2974/13/1464 2976/15/1464 2975/16/1464
f 2975/16/1465 2976/15/1465 2962/17/1465 2961/18/1465
f 2977/1/1466 2978/2/1466 2980/3/1466 2979/4/1466
f 2979/4/1467 2980/3/1467 2982/5/1467 2981/6/1467
f 2981/6/1468 2982/5/1468 2984/7/1468 2983/8/1468
f 2983/8/1469 2984/7/1469 2986/9/1469 2985/10/1469
f 2985/10/1470 2986/9/1470 2988/11/1470 2987/12/1470
f 2987/12/1471 2988/11/1471 2990/13/1471 2989/14/1471
f 2989/14/1472 2990/13/1472 2992/15/1472 2991/16/1472
f 2991/16/1473 2992/15/1473 2978/17/1473 2977/18/1473
f 2993/1/1474 2994/2/1474 2996/3/1474 2995/4/1474
f 2995/4/1475 2996/3/1475 2998/5/1475 2997/6/1475
f 2997/6/1476 2998/5/1476 3000/7/1476 2999/8/1476
f 2999/8/1477 3000/7/1477 3002/9/1477 3001/10/1477
f 3001/10/1478 3002/9/1478 3004/11/1478 3003/12/1478
f 3003/12/1479 3004/11/1479 3006/13/1479 3005/14/1479
f 3005/14/1480 3006/13/1480 3008/15/1480 3007/16/1480
f 3007/16/1481 3008/15/1481 2994/17/1481 2993/18/1481
f 3009/1/1482 3010/2/1482 3012/3/1482 3011/4/1482
f 3011/4/1483 3012/3/1483 3014/5/1483 3013/6/1483
f 3013/6/1484 3014/5/1484 3016/7/1484 3015/8/1484
f 3015/8/1485 3016/7/1485 3018/9/1485 3017/10/1485
f 3017/10/1486 3018/9/1486 3020/11/1486 3019/12/1486
f 3019/12/1487 3020/11/1487 3022/13/1487 3021/14/1487
f 3021/14/1488 3022/13/1488 3024/15/1488 3023/16/1488
f 3023/16/1489 3024/15/1489 3010/17/1489 3009/18/1489
f 3025/1/1490 3026/2/1490 3028/3/1490 3027/4/1490
f 3027/4/1491 3028/3/1491 3030/5/1491 3029/6/1491
f 3029/6/1492 3030/5/1492 3032/7/1492 3031/8/1492
f 3031/8/1493 3032/7/1493 3034/9/1493 3033/10/1493
f 3033/10/1494 3034/9/1494 3036/11/1494 3035/12/1494
f 3035/12/1495 3036/11/1495 3038/13/1495 3037/14/1495
f 3037/14/1496 3038/13/1496 3040/15/1496 3039/16/1496
f 3039/16/1497 3040/15/1497 3026/17/1497 3025/18/1497
f 3041/1/1498 3042/2/1498 3044/3/1498 3043/4/1498
f 3043/4/1499 3044/3/1499 3046/5/1499 3045/6/1499
f 3045/6/1500 3046/5/1500 3048/7/1500 3047/8/1500
f 3047/8/1501 3048/7/1501 3050/9/1501 3049/10/1501
f 3049/10/1502 3050/9/1502 3052/11/1502 3051/12/1502
f 3051/12/1503 3052/11/1503 3054/13/1503 3053/14/1503
f 3053/14/1504 3054/13/1504 3056/15/1504 3055/16/1504
f 3055/16/1505 3056/15/1505 3042/17/1505 3041/18/1505
f 3057/1/1506 3058/2/1506 3060/3/1506 3059/4/1506
f 3059/4/1507 3060/3/1507 3062/5/1507 3061/6/1507
f 3061/6/1508 3062/5/1508 3064/7/1508 3063/8/1508
f 3063/8/1509 3064/7/1509 3066/9/1509 3065/10/1509
f 3065/10/1510 3066/9/1510 3068/11/1510 3067/12/1510
f 3067/12/1511 3068/11/1511 3070/13/1511 3069/14/1511
f 3069/14/1512 3070/13/1512 3072/15/1512 3071/16/1512
f 3071/16/1513 3072/15/1513 3058/17/1513 3057/18/1513
f 3073/1/1514 3074/2/1514 3076/3/1514 3075/4/1514
f 3075/4/1515 3076/3/1515 3078/5/1515 3077/6/1515
f 3077/6/1516 3078/5/1516 3080/7/1516 3079/8/1516
f 3079/8/1517 3080/7/1517 3082/9/1517 3081/10/1517
f 3081/10/1518 3082/9/1518 3084/11/1518 3083/12/1518
f 3083/12/1519 3084/11/1519 3086/13/1519 3085/14/1519
f 3085/14/1520 3086/13/1520 3088/15/1520 3087/16/1520
f 3087/16/1521 3088/15/1521 3074/17/1521 3073/18/1521
f 3089/1/1522 3090/2/1522 3092/3/1522 3091/4/1522
f 3091/4/1523 3092/3/1523 3094/5/1523 3093/6/1523
f 3093/6/1524 3094/5/1524 3096/7/1524 3095/8/1524
f 3095/8/1525 3096/7/1525 3098/9/1525 3097/10/1525
f 3097/10/1526 3098/9/1526 3100/11/1526 3099/12/1526
f 3099/12/1527 3100/11/1527 3102/13/1527 3101/14/1527
f 3101/14/1528 3102/13/1528 3104/15/1528 3103/16/1528
f 3103/16/1529 3104/15/1529 3090/17/1529 3089/18/1529
f 3105/1/1530 3106/2/1530 3108/3/1530 3107/4/1530
f 3107/4/1531 3108/3/1531 3110/5/1531 3109/6/1531
f 3109/6/1532 3110/5/1532 3112/7/1532 3111/8/1532
f 3111/8/1533 3112/7/1533 3114/9/1533 3113/10/1533
f 3113/10/1534 3114/9/1534 3116/11/1534 3115/12/1534
f 3115/12/1535 3116/11/1535 3118/13/1535 3117/14/1535
f 3117/14/1536 3118/13/1536 3120/15/1536 3119/16/1536
f 3119/16/1537 3120/15/1537 3106/17/1537 3105/18/1537
f 3121/1/1538 3122/2/1538 3124/3/1538 3123/4/1538
f 3123/4/1539 3124/3/1539 3126/5/1539 3125/6/1539
f 3125/6/1540 3126/5/1540 3128/7/1540 3127/8/1540
f 3127/8/1541 3128/7/1541 3130/9/1541 3129/10/1541
f 3129/10/1542 3130/9/1542 3132/11/1542 3131/12/1542
f 3131/12/1543 3132/11/1543 3134/13/1543 3133/14/1543
f 3133/14/1544 3134/13/1544 3136/15/1544 3135/16/1544
f 3135/16/1545 3136/15/1545 3122/17/1545 3121/18/1545
f 3137/1/1546 3138/2/1546 3140/3/1546 3139/4/1546
f 3139/4/1547 3140/3/1547 3142/5/1547 3141/6/1547
f 3141/6/1548 3142/5/1548 3144/7/1548 3143/8/1548
f 3143/8/1549 3144/7/1549 3146/9/1549 3145/10/1549
f 3145/10/1550 3146/9/1550 3148/11/1550 3147/12/1550
f 3147/12/1551 3148/11/1551 3150/13/1551 3149/14/1551
f 3149/14/1552 3150/13/1552 3152/15/1552 3151/16/1552
f 3151/16/1553 3152/15/1553 3138/17/1553 3137/18/1553
f 3153/1/1554 3154/2/1554 3156/3/1554 3155/4/1554
f 3155/4/1555 3156/3/1555 3158/5/1555 3157/6/1555
f 3157/6/1556 3158/5/1556 3160/7/1556 3159/8/1556
f 3159/8/1557 3160/7/1557 3162/9/1557 3161/10/1557
f 3161/10/1558 3162/9/1558 3164/11/1558 3163/12/1558
f 3163/12/1559 3164/11/1559 3166/13/1559 3165/14/1559
f 3165/14/1560 3166/13/1560 3168/15/1560 3167/16/1560
f 3167/16/1561 3168/15/1561 3154/17/1561 3153/18/1561
f 3169/1/1562 3170/2/1562 3172/3/1562 3171/4/1562
f 3171/4/1563 3172/3/1563 3174/5/1563 3173/6/1563
f 3173/6/1564 3174/5/1564 3176/7/1564 3175/8/1564
f 3175/8/1565 3176/7/1565 3178/9/1565 3177/10/1565
f 3177/10/1566 3178/9/1566 3180/11/1566 3179/12/1566
f 3179/12/1567 3180/11/1567 3182/13/1567 3181/14/1567
f 3181/14/1568 3182/13/1568 3184/15/1568 3183/16/1568
f 3183/16/1569 3184/15/1569 3170/17/1569 3169/18/1569
f 3185/1/1570 3186/2/1570 3188/3/1570 3187/4/1570
f 3187/4/1571 3188/3/1571 3190/5/1571 3189/6/1571
f 3189/6/1572 3190/5/1572 3192/7/1572 3191/8/1572
f 3191/8/1573 3192/7/1573 3194/9/1573 3193/10/1573
f 3193/10/1574 3194/9/1574 3196/11/1574 3195/12/1574
f 3195/12/1575 3196/11/1575 3198/13/1575 3197/14/1575
f 3197/14/1576 3198/13/1576 3200/15/1576 3199/16/1576
f 3199/16/1577 3200/15/1577 3186/17/1577 3185/18/1577
f 3201/1/1578 3202/2/1578 3204/3/1578 3203/4/1578
f 3203/4/1579 3204/3/1579 3206/5/1579 3205/6/1579
f 3205/6/1580 3206/5/1580 3208/7/1580 3207/8/1580
f 3207/8/1581 3208/7/1581 3210/9/1581 3209/10/1581
f 3209/10/1582 3210/9/1582 3212/11/1582 3211/12/1582
f 3211/12/1583 3212/11/1583 3214/13/1583 3213/14/1583
f 3213/14/1584 3214/13/1584 3216/15/1584 3215/16/1584
f 3215/16/1585 3216/15/1585 3202/17/1585 3201/18/1585
f 3217/1/1586 3218/2/1586 3220/3/1586 3219/4/1586
f 3219/4/1587 3220/3/1587 3222/5/1587 3221/6/1587
f 3221/6/1588 3222/5/1588 3224/7/1588 3223/8/1588
f 3223/8/1589 3224/7/1589 3226/9/1589 3225/10/1589
f 3225/10/1590 3226/9/1590 3228/11/1590 3227/12/1590
f 3227/12/1591 3228/11/1591 3230/13/1591 3229/14/1591
f 3229/14/1592 3230/13/1592 3232/15/1592 3231/16/1592
f 3231/16/1593 3232/15/1593 3218/17/1593 3217/18/1593
f 3233/1/1594 3234/2/1594 3236/3/1594 3235/4/1594
f 3235/4/1595 3236/3/1595 3238/5/1595 3237/6/1595
f 3237/6/1596 3238/5/1596 3240/7/1596 3239/8/1596
f 3239/8/1597 3240/7/1597 3242/9/1597 3241/10/1597
f 3241/10/1598 3242/9/1598 3244/11/1598 3243/12/1598
f 3243/12/1599 3244/11/1599 3246/13/1599 3245/14/1599
f 3245/14/1600 3246/13/1600 3248/15/1600 3247/16/1600
f 3247/16/1601 3248/15/1601 3234/17/1601 3233/18/1601
f 3249/1/1602 3250/2/1602 3252/3/1602 3251/4/1602
f 3251/4/1603 3252/3/1603 3254/5/1603 3253/6/1603
f 3253/6/1604 3254/5/1604 3256/7/1604 3255/8/1604
f 3255/8/1605 3256/7/1605 3258/9/1605 3257/10/1605
f 3257/10/1606 3258/9/1606 3260/11/1606 3259/12/1606
f 3259/12/1607 3260/11/1607 3262/13/1607 3261/14/1607
f 3261/14/1608 3262/13/1608 3264/15/1608 3263/16/1608
f 3263/16/1609 3264/15/1609 3250/17/1609 3249/18/1609
f 3265/1/1610 3266/2/1610 3268/3/1610 3267/4/1610
f 3267/4/1611 3268/3/1611 3270/5/1611 3269/6/1611
f 3269/6/1612 3270/5/1612 3272/7/1612 3271/8/1612
f 3271/8/1613 3272/7/1613 3274/9/1613 3273/10/1613
f 3273/10/1614 3274/9/1614 3276/11/1614 3275/12/1614
f 3275/12/1615 3276/11/1615 3278/13/1615 3277/14/1615
f 3277/14/1616 3278/13/1616 3280/15/1616 3279/16/1616
f 3279/16/1617 3280/15/1617 3266/17/1617 3265/18/1617
f 3281/1/1618 3282/2/1618 3284/3/1618 3283/4/1618
f 3283/4/1619 3284/3/1619 3286/5/1619 3285/6/1619
f 3285/6/1620 3286/5/1620 3288/7/1620 3287/8/1620
f 3287/8/1621 3288/7/1621 3290/9/1621 3289/10/1621
f 3289/10/1622 3290/9/1622 3292/11/1622 3291/12/1622
f 3291/12/1623 3292/11/1623 3294/13/1623 3293/14/1623
f 3293/14/1624 3294/13/1624 3296/15/1624 3295/16/1624
f 3295/16/1625 3296/15/1625 3282/17/1625 3281/18/1625
f 3297/1/1626 3298/2/1626 3300/3/1626 3299/4/1626
f 3299/4/1627 3300/3/1627 3302/5/1627 3301/6/1627
f 3301/6/1628 3302/5/1628 3304/7/1628 3303/8/1628
f 3303/8/1629 3304/7/1629 3306/9/1629 3305/10/1629
f 3305/10/1630 3306/9/1630 3308/11/1630 3307/12/1630
f 3307/12/1631 3308/11/1631 3310/13/1631 3309/14/1631
f 3309/14/1632 3310/13/1632 3312/15/1632 3311/16/1632
f 3311/16/1633 3312/15/1633 3298/17/1633 3297/18/1633
f 3313/1/1634 3314/2/1634 3316/3/1634 3315/4/1634
f 3315/4/1635 3316/3/1635 3318/5/1635 3317/6/1635
f 3317/6/1636 3318/5/1636 3320/7/1636 3319/8/1636
f 3319/8/1637 3320/7/1637 3322/9/1637 3321/10/1637
f 3321/10/1638 3322/9/1638 3324/11/1638 3323/12/1638
f 3323/12/1639 3324/11/1639 3326/13/1639 3325/14/1639
f 3325/14/1640 3326/13/1640 3328/15/1640 3327/16/1640
f 3327/16/1641 3328/15/1641 3314/17/1641 3313/18/1641
f 3329/1/1642 3330/2/1642 3332/3/1642 3331/4/1642
f 3331/4/1643 3332/3/1643 3334/5/1643 3333/6/1643
f 3333/6/1644 3334/5/1644 3336/7/1644 3335/8/1644
f 3335/8/1645 3336/7/1645 3338/9/1645 3337/10/1645
f 3337/10/1646 3338/9/1646 3340/11/1646 3339/12/1646
f 3339/12/1647 3340/11/1647 3342/13/1647 3341/14/1647
f 3341/14/1648 3342/13/1648 3344/15/1648 3343/16/1648
f 3343/16/1649 3344/15/1649 3330/17/1649 3329/18/1649
f 3345/1/1650 3346/2/1650 3348/3/1650 3347/4/1650
f 3347/4/1651 3348/3/1651 3350/5/1651 3349/6/1651
f 3349/6/1652 3350/5/1652 3352/7/1652 3351/8/1652
f 3351/8/1653 3352/7/1653 3354/9/1653 3353/10/1653
f 3353/10/1654 3354/9/1654 3356/11/1654 3355/12/1654
f 3355/12/1655 3356/11/1655 3358/13/1655 3357/14/1655
f 3357/14/1656 3358/13/1656 3360/15/1656 3359/16/1656
f 3359/16/1657 3360/15/1657 3346/17/1657 3345/18/1657
f 3361/1/1658 3362/2/1658 3364/3/1658 3363/4/1658
f 3363/4/1659 3364/3/1659 3366/5/1659 3365/6/1659
f 3365/6/1660 3366/5/1660 3368/7/1660 3367/8/1660
f 3367/8/1661 3368/7/1661 3370/9/1661 3369/10/1661
f 3369/10/1662 3370/9/1662 3372/11/1662 3371/12/1662
f 3371/12/1663 3372/11/1663 3374/13/1663 3373/14/1663
f 3373/14/1664 3374/13/1664 3376/15/1664 3375/16/1664
f 3375/16/1665 3376/15/1665 3362/17/1665 3361/18/1665
f 3377/1/1666 3378/2/1666 3380/3/1666 3379/4/1666
f 3379/4/1667 3380/3/1667 3382/5/1667 3381/6/1667
f 3381/6/1668 3382/5/1668 3384/7/1668 3383/8/1668
f 3383/8/1669 3384/7/1669 3386/9/1669 3385/10/1669
f 3385/10/1670 3386/9/1670 3388/11/1670 3387/12/1670
f 3387/12/1671 3388/11/1671 3390/13/1671 3389/14/1671
f 3389/14/1672 3390/13/1672 3392/15/1672 3391/16/1672
f 3391/16/1673 3392/15/1673 3378/17/1673 3377/18/1673
f 3393/1/1674 3394/2/1674 3396/3/1674 3395/4/1674
f 3395/4/1675 3396/3/1675 3398/5/1675 3397/6/1675
f 3397/6/1676 3398/5/1676 3400/7/1676 3399/8/1676
f 3399/8/1677 3400/7/1677 3402/9/1677 3401/10/1677
f 3401/10/1678 3402/9/1678 3404/11/1678 3403/12/1678
f 3403/12/1679 3404/11/1679 3406/13/1679 3405/14/1679
f 3405/14/1680 3406/13/1680 3408/15/1680 3407/16/1680
f 3407/16/1681 3408/15/1681 3394/17/1681 3393/18/1681
f 3409/1/1682 3410/2/1682 3412/3/1682 3411/4/1682
f 3411/4/1683 3412/3/1683 3414/5/1683 3413/6/1683
f 3413/6/1684 3414/5/1684 3416/7/1684 3415/8/1684
f 3415/8/1685 3416/7/1685 3418/9/1685 3417/10/1685
f 3417/10/1686 3418/9/1686 3420/11/1686 3419/12/1686
f 3419/12/1687 3420/11/1687 3422/13/1687 3421/14/1687
f 3421/14/1688 3422/13/1688 3424/15/1688 3423/16/1688
f 3423/16/1689 3424/15/1689 3410/17/1689 3409/18/1689
f 3425/1/1690 3426/2/1690 3428/3/1690 3427/4/1690
f 3427/4/1691 3428/3/1691 3430/5/1691 3429/6/1691
f 3429/6/1692 3430/5/1692 3432/7/1692 3431/8/1692
f 3431/8/1693 3432/7/1693 3434/9/1693 3433/10/1693
f 3433/10/1694 3434/9/1694 3436/11/1694 3435/12/1694
f 3435/12/1695 3436/11/1695 3438/13/1695 3437/14/1695
f 3437/14/1696 3438/13/1696 3440/15/1696 3439/16/1696
f 3439/16/1697 3440/15/1697 3426/17/1697 3425/18/1697
f 3441/1/1698 3442/2/1698 3444/3/1698 3443/4/1698
f 3443/4/1699 3444/3/1699 3446/5/1699 3445/6/1699
f 3445/6/1700 3446/5/1700 3448/7/1700 3447/8/1700
f 3447/8/1701 3448/7/1701 3450/9/1701 3449/10/1701
f 3449/10/1702 3450/9/1702 3452/11/1702 3451/12/1702
f 3451/12/1703 3452/11/1703 3454/13/1703 3453/14/1703
f 3453/14/1704 3454/13/1704 3456/15/1704 3455/16/1704
f 3455/16/1705 3456/15/1705 3442/17/1705 3441/18/1705
f 3457/1/1706 3458/2/1706 3460/3/1706 3459/4/1706
f 3459/4/1707 3460/3/1707 3462/5/1707 3461/6/1707
f 3461/6/1708 3462/5/1708 3464/7/1708 3463/8/1708
f 3463/8/1709 3464/7/1709 3466/9/1709 3465/10/1709
f 3465/10/1710 3466/9/1710 3468/11/1710 3467/12/1710
f 3467/12/1711 3468/11/1711 3470/13/1711 3469/14/1711
f 3469/14/1712 3470/13/1712 3472/15/1712 3471/16/1712
f 3471/16/1713 3472/15/1713 3458/17/1713 3457/18/1713
f 3473/1/1714 3474/2/1714 3476/3/1714 3475/4/1714
f 3475/4/1715 3476/3/1715 3478/5/1715 3477/6/1715
f 3477/6/1716 3478/5/1716 3480/7/1716 3479/8/1716
f 3479/8/1717 3480/7/1717 3482/9/1717 3481/10/1717
f 3481/10/1718 3482/9/1718 3484/11/1718 3483/12/1718
f 3483/12/1719 3484/11/1719 3486/13/1719 3485/14/1719
f 3485/14/1720 3486/13/1720 3488/15/1720 3487/16/1720
f 3487/16/1721 3488/15/1721 3474/17/1721 3473/18/1721
