# Blender 4.4.3
# www.blender.org
o Exterior
v -0.500000 -0.100000 0.500000
v -0.500000 0.100000 0.500000
v -0.500000 -0.100000 -0.500000
v -0.500000 0.100000 -0.500000
v 0.500000 -0.100000 0.500000
v 0.500000 0.100000 0.500000
v 0.500000 -0.100000 -0.500000
v 0.500000 0.100000 -0.500000
v -0.500000 -0.100000 -0.300000
v -0.500000 -0.100000 -0.100000
v -0.500000 -0.100000 0.100000
v -0.500000 -0.100000 0.300000
v -0.500000 -0.060000 0.500000
v -0.500000 0.060000 0.500000
v -0.500000 0.100000 0.300000
v -0.500000 0.100000 0.100000
v -0.500000 0.100000 -0.100000
v -0.500000 0.100000 -0.300000
v -0.500000 0.060000 -0.500000
v -0.500000 -0.060000 -0.500000
v 0.300000 -0.100000 -0.500000
v 0.100000 -0.100000 -0.500000
v -0.100000 -0.100000 -0.500000
v -0.300000 -0.100000 -0.500000
v -0.300000 0.100000 -0.500000
v -0.100000 0.100000 -0.500000
v 0.100000 0.100000 -0.500000
v 0.300000 0.100000 -0.500000
v 0.500000 0.060000 -0.500000
v 0.500000 -0.060000 -0.500000
v 0.500000 -0.100000 0.300000
v 0.500000 -0.100000 0.100000
v 0.500000 -0.100000 -0.100000
v 0.500000 -0.100000 -0.300000
v 0.500000 0.100000 -0.300000
v 0.500000 0.100000 -0.100000
v 0.500000 0.100000 0.100000
v 0.500000 0.100000 0.300000
v 0.500000 0.060000 0.500000
v 0.500000 -0.060000 0.500000
v -0.300000 -0.100000 0.500000
v -0.100000 -0.100000 0.500000
v 0.100000 -0.100000 0.500000
v 0.300000 -0.100000 0.500000
v 0.300000 0.100000 0.500000
v 0.100000 0.100000 0.500000
v -0.100000 0.100000 0.500000
v -0.300000 0.100000 0.500000
v 0.300000 -0.060000 0.500000
v 0.100000 -0.060000 0.500000
v -0.100000 -0.060000 0.500000
v -0.300000 -0.060000 0.500000
v 0.300000 0.060000 0.500000
v 0.100000 0.060000 0.500000
v -0.100000 0.060000 0.500000
v -0.300000 0.060000 0.500000
v 0.500000 -0.060000 -0.300000
v 0.500000 -0.060000 -0.100000
v 0.500000 -0.060000 0.100000
v 0.500000 -0.060000 0.300000
v 0.500000 0.060000 -0.300000
v 0.500000 0.060000 -0.100000
v 0.500000 0.060000 0.100000
v 0.500000 0.060000 0.300000
v -0.300000 -0.060000 -0.500000
v -0.100000 -0.060000 -0.500000
v 0.100000 -0.060000 -0.500000
v 0.300000 -0.060000 -0.500000
v -0.300000 0.060000 -0.500000
v -0.100000 0.060000 -0.500000
v 0.100000 0.060000 -0.500000
v 0.300000 0.060000 -0.500000
v -0.500000 -0.060000 0.300000
v -0.500000 -0.060000 0.100000
v -0.500000 -0.060000 -0.100000
v -0.500000 -0.060000 -0.300000
v -0.500000 0.060000 0.300000
v -0.500000 0.060000 0.100000
v -0.500000 0.060000 -0.100000
v -0.500000 0.060000 -0.300000
v 0.239497 0.100000 -0.300000
v 0.300000 0.100000 -0.239497
v 0.360503 0.100000 -0.300000
v 0.300000 0.100000 -0.360503
v 0.254608 0.100000 -0.284859
v 0.269730 0.100000 -0.269730
v 0.254608 0.100000 -0.315141
v 0.315141 0.100000 -0.254608
v 0.330270 0.100000 -0.269730
v 0.284859 0.100000 -0.254608
v 0.345392 0.100000 -0.315141
v 0.330270 0.100000 -0.330270
v 0.345392 0.100000 -0.284859
v 0.284859 0.100000 -0.345392
v 0.269730 0.100000 -0.330270
v 0.315141 0.100000 -0.345392
v 0.239497 0.100000 -0.100000
v 0.300000 0.100000 -0.039497
v 0.360503 0.100000 -0.100000
v 0.300000 0.100000 -0.160503
v 0.254608 0.100000 -0.084859
v 0.269730 0.100000 -0.069730
v 0.254608 0.100000 -0.115141
v 0.315141 0.100000 -0.054608
v 0.330270 0.100000 -0.069730
v 0.284859 0.100000 -0.054608
v 0.345392 0.100000 -0.115141
v 0.330270 0.100000 -0.130270
v 0.345392 0.100000 -0.084859
v 0.284859 0.100000 -0.145392
v 0.269730 0.100000 -0.130270
v 0.315141 0.100000 -0.145392
v 0.239497 0.100000 0.100000
v 0.300000 0.100000 0.160503
v 0.360503 0.100000 0.100000
v 0.300000 0.100000 0.039497
v 0.254608 0.100000 0.115141
v 0.269730 0.100000 0.130270
v 0.254608 0.100000 0.084859
v 0.315141 0.100000 0.145392
v 0.330270 0.100000 0.130270
v 0.284859 0.100000 0.145392
v 0.345392 0.100000 0.084859
v 0.330270 0.100000 0.069730
v 0.345392 0.100000 0.115141
v 0.284859 0.100000 0.054608
v 0.269730 0.100000 0.069730
v 0.315141 0.100000 0.054608
v 0.300000 0.100000 0.360503
v 0.360503 0.100000 0.300000
v 0.300000 0.100000 0.239497
v 0.239497 0.100000 0.300000
v 0.315141 0.100000 0.345392
v 0.330270 0.100000 0.330270
v 0.284859 0.100000 0.345392
v 0.345392 0.100000 0.284859
v 0.330270 0.100000 0.269730
v 0.345392 0.100000 0.315141
v 0.284859 0.100000 0.254608
v 0.269730 0.100000 0.269730
v 0.315141 0.100000 0.254608
v 0.254608 0.100000 0.315141
v 0.269730 0.100000 0.330270
v 0.254608 0.100000 0.284859
v 0.039497 0.100000 -0.300000
v 0.100000 0.100000 -0.239497
v 0.160503 0.100000 -0.300000
v 0.100000 0.100000 -0.360503
v 0.054608 0.100000 -0.284859
v 0.069730 0.100000 -0.269730
v 0.054608 0.100000 -0.315141
v 0.115141 0.100000 -0.254608
v 0.130270 0.100000 -0.269730
v 0.084859 0.100000 -0.254608
v 0.145392 0.100000 -0.315141
v 0.130270 0.100000 -0.330270
v 0.145392 0.100000 -0.284859
v 0.084859 0.100000 -0.345392
v 0.069730 0.100000 -0.330270
v 0.115141 0.100000 -0.345392
v 0.039497 0.100000 -0.100000
v 0.100000 0.100000 -0.039497
v 0.160503 0.100000 -0.100000
v 0.100000 0.100000 -0.160503
v 0.054608 0.100000 -0.084859
v 0.069730 0.100000 -0.069730
v 0.054608 0.100000 -0.115141
v 0.115141 0.100000 -0.054608
v 0.130270 0.100000 -0.069730
v 0.084859 0.100000 -0.054608
v 0.145392 0.100000 -0.115141
v 0.130270 0.100000 -0.130270
v 0.145392 0.100000 -0.084859
v 0.084859 0.100000 -0.145392
v 0.069730 0.100000 -0.130270
v 0.115141 0.100000 -0.145392
v 0.039497 0.100000 0.100000
v 0.100000 0.100000 0.160503
v 0.160503 0.100000 0.100000
v 0.100000 0.100000 0.039497
v 0.054608 0.100000 0.115141
v 0.069730 0.100000 0.130270
v 0.054608 0.100000 0.084859
v 0.115141 0.100000 0.145392
v 0.130270 0.100000 0.130270
v 0.084859 0.100000 0.145392
v 0.145392 0.100000 0.084859
v 0.130270 0.100000 0.069730
v 0.145392 0.100000 0.115141
v 0.084859 0.100000 0.054608
v 0.069730 0.100000 0.069730
v 0.115141 0.100000 0.054608
v 0.100000 0.100000 0.360503
v 0.160503 0.100000 0.300000
v 0.100000 0.100000 0.239497
v 0.039497 0.100000 0.300000
v 0.115141 0.100000 0.345392
v 0.130270 0.100000 0.330270
v 0.084859 0.100000 0.345392
v 0.145392 0.100000 0.284859
v 0.130270 0.100000 0.269730
v 0.145392 0.100000 0.315141
v 0.084859 0.100000 0.254608
v 0.069730 0.100000 0.269730
v 0.115141 0.100000 0.254608
v 0.054608 0.100000 0.315141
v 0.069730 0.100000 0.330270
v 0.054608 0.100000 0.284859
v -0.160503 0.100000 -0.300000
v -0.100000 0.100000 -0.239497
v -0.039497 0.100000 -0.300000
v -0.100000 0.100000 -0.360503
v -0.145392 0.100000 -0.284859
v -0.130270 0.100000 -0.269730
v -0.145392 0.100000 -0.315141
v -0.084859 0.100000 -0.254608
v -0.069730 0.100000 -0.269730
v -0.115141 0.100000 -0.254608
v -0.054608 0.100000 -0.315141
v -0.069730 0.100000 -0.330270
v -0.054608 0.100000 -0.284859
v -0.115141 0.100000 -0.345392
v -0.130270 0.100000 -0.330270
v -0.084859 0.100000 -0.345392
v -0.160503 0.100000 -0.100000
v -0.100000 0.100000 -0.039497
v -0.039497 0.100000 -0.100000
v -0.100000 0.100000 -0.160503
v -0.145392 0.100000 -0.084859
v -0.130270 0.100000 -0.069730
v -0.145392 0.100000 -0.115141
v -0.084859 0.100000 -0.054608
v -0.069730 0.100000 -0.069730
v -0.115141 0.100000 -0.054608
v -0.054608 0.100000 -0.115141
v -0.069730 0.100000 -0.130270
v -0.054608 0.100000 -0.084859
v -0.115141 0.100000 -0.145392
v -0.130270 0.100000 -0.130270
v -0.084859 0.100000 -0.145392
v -0.160503 0.100000 0.100000
v -0.100000 0.100000 0.160503
v -0.039497 0.100000 0.100000
v -0.100000 0.100000 0.039497
v -0.145392 0.100000 0.115141
v -0.130270 0.100000 0.130270
v -0.145392 0.100000 0.084859
v -0.084859 0.100000 0.145392
v -0.069730 0.100000 0.130270
v -0.115141 0.100000 0.145392
v -0.054608 0.100000 0.084859
v -0.069730 0.100000 0.069730
v -0.054608 0.100000 0.115141
v -0.115141 0.100000 0.054608
v -0.130270 0.100000 0.069730
v -0.084859 0.100000 0.054608
v -0.100000 0.100000 0.360503
v -0.039497 0.100000 0.300000
v -0.100000 0.100000 0.239497
v -0.160503 0.100000 0.300000
v -0.084859 0.100000 0.345392
v -0.069730 0.100000 0.330270
v -0.115141 0.100000 0.345392
v -0.054608 0.100000 0.284859
v -0.069730 0.100000 0.269730
v -0.054608 0.100000 0.315141
v -0.115141 0.100000 0.254608
v -0.130270 0.100000 0.269730
v -0.084859 0.100000 0.254608
v -0.145392 0.100000 0.315141
v -0.130270 0.100000 0.330270
v -0.145392 0.100000 0.284859
v -0.360503 0.100000 -0.300000
v -0.300000 0.100000 -0.239497
v -0.239497 0.100000 -0.300000
v -0.300000 0.100000 -0.360503
v -0.345392 0.100000 -0.284859
v -0.330270 0.100000 -0.269730
v -0.345392 0.100000 -0.315141
v -0.284859 0.100000 -0.254608
v -0.269730 0.100000 -0.269730
v -0.315141 0.100000 -0.254608
v -0.254608 0.100000 -0.315141
v -0.269730 0.100000 -0.330270
v -0.254608 0.100000 -0.284859
v -0.315141 0.100000 -0.345392
v -0.330270 0.100000 -0.330270
v -0.284859 0.100000 -0.345392
v -0.360503 0.100000 -0.100000
v -0.300000 0.100000 -0.039497
v -0.239497 0.100000 -0.100000
v -0.300000 0.100000 -0.160503
v -0.345392 0.100000 -0.084859
v -0.330270 0.100000 -0.069730
v -0.345392 0.100000 -0.115141
v -0.284859 0.100000 -0.054608
v -0.269730 0.100000 -0.069730
v -0.315141 0.100000 -0.054608
v -0.254608 0.100000 -0.115141
v -0.269730 0.100000 -0.130270
v -0.254608 0.100000 -0.084859
v -0.315141 0.100000 -0.145392
v -0.330270 0.100000 -0.130270
v -0.284859 0.100000 -0.145392
v -0.360503 0.100000 0.100000
v -0.300000 0.100000 0.160503
v -0.239497 0.100000 0.100000
v -0.300000 0.100000 0.039497
v -0.345392 0.100000 0.115141
v -0.330270 0.100000 0.130270
v -0.345392 0.100000 0.084859
v -0.284859 0.100000 0.145392
v -0.269730 0.100000 0.130270
v -0.315141 0.100000 0.145392
v -0.254608 0.100000 0.084859
v -0.269730 0.100000 0.069730
v -0.254608 0.100000 0.115141
v -0.315141 0.100000 0.054608
v -0.330270 0.100000 0.069730
v -0.284859 0.100000 0.054608
v -0.300000 0.100000 0.360503
v -0.239497 0.100000 0.300000
v -0.300000 0.100000 0.239497
v -0.360503 0.100000 0.300000
v -0.284859 0.100000 0.345392
v -0.269730 0.100000 0.330270
v -0.315141 0.100000 0.345392
v -0.254608 0.100000 0.284859
v -0.269730 0.100000 0.269730
v -0.254608 0.100000 0.315141
v -0.315141 0.100000 0.254608
v -0.330270 0.100000 0.269730
v -0.284859 0.100000 0.254608
v -0.345392 0.100000 0.315141
v -0.330270 0.100000 0.330270
v -0.345392 0.100000 0.284859
v -0.239497 -0.100000 -0.300000
v -0.300000 -0.100000 -0.239497
v -0.360503 -0.100000 -0.300000
v -0.300000 -0.100000 -0.360503
v -0.254608 -0.100000 -0.284859
v -0.269730 -0.100000 -0.269730
v -0.254608 -0.100000 -0.315141
v -0.315141 -0.100000 -0.254608
v -0.330270 -0.100000 -0.269730
v -0.284859 -0.100000 -0.254608
v -0.345392 -0.100000 -0.315141
v -0.330270 -0.100000 -0.330270
v -0.345392 -0.100000 -0.284859
v -0.284859 -0.100000 -0.345392
v -0.269730 -0.100000 -0.330270
v -0.315141 -0.100000 -0.345392
v -0.239497 -0.100000 -0.100000
v -0.300000 -0.100000 -0.039497
v -0.360503 -0.100000 -0.100000
v -0.300000 -0.100000 -0.160503
v -0.254608 -0.100000 -0.084859
v -0.269730 -0.100000 -0.069730
v -0.254608 -0.100000 -0.115141
v -0.315141 -0.100000 -0.054608
v -0.330270 -0.100000 -0.069730
v -0.284859 -0.100000 -0.054608
v -0.345392 -0.100000 -0.115141
v -0.330270 -0.100000 -0.130270
v -0.345392 -0.100000 -0.084859
v -0.284859 -0.100000 -0.145392
v -0.269730 -0.100000 -0.130270
v -0.315141 -0.100000 -0.145392
v -0.239497 -0.100000 0.100000
v -0.300000 -0.100000 0.160503
v -0.360503 -0.100000 0.100000
v -0.300000 -0.100000 0.039497
v -0.254608 -0.100000 0.115141
v -0.269730 -0.100000 0.130270
v -0.254608 -0.100000 0.084859
v -0.315141 -0.100000 0.145392
v -0.330270 -0.100000 0.130270
v -0.284859 -0.100000 0.145392
v -0.345392 -0.100000 0.084859
v -0.330270 -0.100000 0.069730
v -0.345392 -0.100000 0.115141
v -0.284859 -0.100000 0.054608
v -0.269730 -0.100000 0.069730
v -0.315141 -0.100000 0.054608
v -0.300000 -0.100000 0.360503
v -0.360503 -0.100000 0.300000
v -0.300000 -0.100000 0.239497
v -0.239497 -0.100000 0.300000
v -0.315141 -0.100000 0.345392
v -0.330270 -0.100000 0.330270
v -0.284859 -0.100000 0.345392
v -0.345392 -0.100000 0.284859
v -0.330270 -0.100000 0.269730
v -0.345392 -0.100000 0.315141
v -0.284859 -0.100000 0.254608
v -0.269730 -0.100000 0.269730
v -0.315141 -0.100000 0.254608
v -0.254608 -0.100000 0.315141
v -0.269730 -0.100000 0.330270
v -0.254608 -0.100000 0.284859
v -0.039497 -0.100000 -0.300000
v -0.100000 -0.100000 -0.239497
v -0.160503 -0.100000 -0.300000
v -0.100000 -0.100000 -0.360503
v -0.054608 -0.100000 -0.284859
v -0.069730 -0.100000 -0.269730
v -0.054608 -0.100000 -0.315141
v -0.115141 -0.100000 -0.254608
v -0.130270 -0.100000 -0.269730
v -0.084859 -0.100000 -0.254608
v -0.145392 -0.100000 -0.315141
v -0.130270 -0.100000 -0.330270
v -0.145392 -0.100000 -0.284859
v -0.084859 -0.100000 -0.345392
v -0.069730 -0.100000 -0.330270
v -0.115141 -0.100000 -0.345392
v -0.039497 -0.100000 -0.100000
v -0.100000 -0.100000 -0.039497
v -0.160503 -0.100000 -0.100000
v -0.100000 -0.100000 -0.160503
v -0.054608 -0.100000 -0.084859
v -0.069730 -0.100000 -0.069730
v -0.054608 -0.100000 -0.115141
v -0.115141 -0.100000 -0.054608
v -0.130270 -0.100000 -0.069730
v -0.084859 -0.100000 -0.054608
v -0.145392 -0.100000 -0.115141
v -0.130270 -0.100000 -0.130270
v -0.145392 -0.100000 -0.084859
v -0.084859 -0.100000 -0.145392
v -0.069730 -0.100000 -0.130270
v -0.115141 -0.100000 -0.145392
v -0.039497 -0.100000 0.100000
v -0.100000 -0.100000 0.160503
v -0.160503 -0.100000 0.100000
v -0.100000 -0.100000 0.039497
v -0.054608 -0.100000 0.115141
v -0.069730 -0.100000 0.130270
v -0.054608 -0.100000 0.084859
v -0.115141 -0.100000 0.145392
v -0.130270 -0.100000 0.130270
v -0.084859 -0.100000 0.145392
v -0.145392 -0.100000 0.084859
v -0.130270 -0.100000 0.069730
v -0.145392 -0.100000 0.115141
v -0.084859 -0.100000 0.054608
v -0.069730 -0.100000 0.069730
v -0.115141 -0.100000 0.054608
v -0.100000 -0.100000 0.360503
v -0.160503 -0.100000 0.300000
v -0.100000 -0.100000 0.239497
v -0.039497 -0.100000 0.300000
v -0.115141 -0.100000 0.345392
v -0.130270 -0.100000 0.330270
v -0.084859 -0.100000 0.345392
v -0.145392 -0.100000 0.284859
v -0.130270 -0.100000 0.269730
v -0.145392 -0.100000 0.315141
v -0.084859 -0.100000 0.254608
v -0.069730 -0.100000 0.269730
v -0.115141 -0.100000 0.254608
v -0.054608 -0.100000 0.315141
v -0.069730 -0.100000 0.330270
v -0.054608 -0.100000 0.284859
v 0.160503 -0.100000 -0.300000
v 0.100000 -0.100000 -0.239497
v 0.039497 -0.100000 -0.300000
v 0.100000 -0.100000 -0.360503
v 0.145392 -0.100000 -0.284859
v 0.130270 -0.100000 -0.269730
v 0.145392 -0.100000 -0.315141
v 0.084859 -0.100000 -0.254608
v 0.069730 -0.100000 -0.269730
v 0.115141 -0.100000 -0.254608
v 0.054608 -0.100000 -0.315141
v 0.069730 -0.100000 -0.330270
v 0.054608 -0.100000 -0.284859
v 0.115141 -0.100000 -0.345392
v 0.130270 -0.100000 -0.330270
v 0.084859 -0.100000 -0.345392
v 0.160503 -0.100000 -0.100000
v 0.100000 -0.100000 -0.039497
v 0.039497 -0.100000 -0.100000
v 0.100000 -0.100000 -0.160503
v 0.145392 -0.100000 -0.084859
v 0.130270 -0.100000 -0.069730
v 0.145392 -0.100000 -0.115141
v 0.084859 -0.100000 -0.054608
v 0.069730 -0.100000 -0.069730
v 0.115141 -0.100000 -0.054608
v 0.054608 -0.100000 -0.115141
v 0.069730 -0.100000 -0.130270
v 0.054608 -0.100000 -0.084859
v 0.115141 -0.100000 -0.145392
v 0.130270 -0.100000 -0.130270
v 0.084859 -0.100000 -0.145392
v 0.160503 -0.100000 0.100000
v 0.100000 -0.100000 0.160503
v 0.039497 -0.100000 0.100000
v 0.100000 -0.100000 0.039497
v 0.145392 -0.100000 0.115141
v 0.130270 -0.100000 0.130270
v 0.145392 -0.100000 0.084859
v 0.084859 -0.100000 0.145392
v 0.069730 -0.100000 0.130270
v 0.115141 -0.100000 0.145392
v 0.054608 -0.100000 0.084859
v 0.069730 -0.100000 0.069730
v 0.054608 -0.100000 0.115141
v 0.115141 -0.100000 0.054608
v 0.130270 -0.100000 0.069730
v 0.084859 -0.100000 0.054608
v 0.100000 -0.100000 0.360503
v 0.039497 -0.100000 0.300000
v 0.100000 -0.100000 0.239497
v 0.160503 -0.100000 0.300000
v 0.084859 -0.100000 0.345392
v 0.069730 -0.100000 0.330270
v 0.115141 -0.100000 0.345392
v 0.054608 -0.100000 0.284859
v 0.069730 -0.100000 0.269730
v 0.054608 -0.100000 0.315141
v 0.115141 -0.100000 0.254608
v 0.130270 -0.100000 0.269730
v 0.084859 -0.100000 0.254608
v 0.145392 -0.100000 0.315141
v 0.130270 -0.100000 0.330270
v 0.145392 -0.100000 0.284859
v 0.360503 -0.100000 -0.300000
v 0.300000 -0.100000 -0.239497
v 0.239497 -0.100000 -0.300000
v 0.300000 -0.100000 -0.360503
v 0.345392 -0.100000 -0.284859
v 0.330270 -0.100000 -0.269730
v 0.345392 -0.100000 -0.315141
v 0.284859 -0.100000 -0.254608
v 0.269730 -0.100000 -0.269730
v 0.315141 -0.100000 -0.254608
v 0.254608 -0.100000 -0.315141
v 0.269730 -0.100000 -0.330270
v 0.254608 -0.100000 -0.284859
v 0.315141 -0.100000 -0.345392
v 0.330270 -0.100000 -0.330270
v 0.284859 -0.100000 -0.345392
v 0.360503 -0.100000 -0.100000
v 0.300000 -0.100000 -0.039497
v 0.239497 -0.100000 -0.100000
v 0.300000 -0.100000 -0.160503
v 0.345392 -0.100000 -0.084859
v 0.330270 -0.100000 -0.069730
v 0.345392 -0.100000 -0.115141
v 0.284859 -0.100000 -0.054608
v 0.269730 -0.100000 -0.069730
v 0.315141 -0.100000 -0.054608
v 0.254608 -0.100000 -0.115141
v 0.269730 -0.100000 -0.130270
v 0.254608 -0.100000 -0.084859
v 0.315141 -0.100000 -0.145392
v 0.330270 -0.100000 -0.130270
v 0.284859 -0.100000 -0.145392
v 0.360503 -0.100000 0.100000
v 0.300000 -0.100000 0.160503
v 0.239497 -0.100000 0.100000
v 0.300000 -0.100000 0.039497
v 0.345392 -0.100000 0.115141
v 0.330270 -0.100000 0.130270
v 0.345392 -0.100000 0.084859
v 0.284859 -0.100000 0.145392
v 0.269730 -0.100000 0.130270
v 0.315141 -0.100000 0.145392
v 0.254608 -0.100000 0.084859
v 0.269730 -0.100000 0.069730
v 0.254608 -0.100000 0.115141
v 0.315141 -0.100000 0.054608
v 0.330270 -0.100000 0.069730
v 0.284859 -0.100000 0.054608
v 0.300000 -0.100000 0.360503
v 0.239497 -0.100000 0.300000
v 0.300000 -0.100000 0.239497
v 0.360503 -0.100000 0.300000
v 0.284859 -0.100000 0.345392
v 0.269730 -0.100000 0.330270
v 0.315141 -0.100000 0.345392
v 0.254608 -0.100000 0.284859
v 0.269730 -0.100000 0.269730
v 0.254608 -0.100000 0.315141
v 0.315141 -0.100000 0.254608
v 0.330270 -0.100000 0.269730
v 0.284859 -0.100000 0.254608
v 0.345392 -0.100000 0.315141
v 0.330270 -0.100000 0.330270
v 0.345392 -0.100000 0.284859
v 0.254608 0.000000 -0.315141
v 0.239497 0.000000 -0.300000
v 0.254608 0.000000 -0.284859
v 0.269730 0.000000 -0.269730
v 0.269730 0.000000 -0.330270
v 0.284859 0.000000 -0.254608
v 0.300000 0.000000 -0.239497
v 0.315141 0.000000 -0.254608
v 0.330270 0.000000 -0.269730
v 0.345392 0.000000 -0.284859
v 0.360503 0.000000 -0.300000
v 0.345392 0.000000 -0.315141
v 0.330270 0.000000 -0.330270
v 0.315141 0.000000 -0.345392
v 0.300000 0.000000 -0.360503
v 0.284859 0.000000 -0.345392
v 0.254608 0.000000 -0.115141
v 0.239497 0.000000 -0.100000
v 0.254608 0.000000 -0.084859
v 0.269730 0.000000 -0.069730
v 0.269730 0.000000 -0.130270
v 0.284859 0.000000 -0.054608
v 0.300000 0.000000 -0.039497
v 0.315141 0.000000 -0.054608
v 0.330270 0.000000 -0.069730
v 0.345392 0.000000 -0.084859
v 0.360503 0.000000 -0.100000
v 0.345392 0.000000 -0.115141
v 0.330270 0.000000 -0.130270
v 0.315141 0.000000 -0.145392
v 0.300000 0.000000 -0.160503
v 0.284859 0.000000 -0.145392
v 0.254608 0.000000 0.084859
v 0.239497 0.000000 0.100000
v 0.254608 0.000000 0.115141
v 0.269730 0.000000 0.130270
v 0.269730 0.000000 0.069730
v 0.284859 0.000000 0.145392
v 0.300000 0.000000 0.160503
v 0.315141 0.000000 0.145392
v 0.330270 0.000000 0.130270
v 0.345392 0.000000 0.115141
v 0.360503 0.000000 0.100000
v 0.345392 0.000000 0.084859
v 0.330270 0.000000 0.069730
v 0.315141 0.000000 0.054608
v 0.300000 0.000000 0.039497
v 0.284859 0.000000 0.054608
v 0.284859 0.000000 0.345392
v 0.300000 0.000000 0.360503
v 0.315141 0.000000 0.345392
v 0.330270 0.000000 0.330270
v 0.269730 0.000000 0.330270
v 0.345392 0.000000 0.315141
v 0.360503 0.000000 0.300000
v 0.345392 0.000000 0.284859
v 0.330270 0.000000 0.269730
v 0.315141 0.000000 0.254608
v 0.300000 0.000000 0.239497
v 0.284859 0.000000 0.254608
v 0.269730 0.000000 0.269730
v 0.254608 0.000000 0.284859
v 0.239497 0.000000 0.300000
v 0.254608 0.000000 0.315141
v 0.054608 0.000000 -0.315141
v 0.039497 0.000000 -0.300000
v 0.054608 0.000000 -0.284859
v 0.069730 0.000000 -0.269730
v 0.069730 0.000000 -0.330270
v 0.084859 0.000000 -0.254608
v 0.100000 0.000000 -0.239497
v 0.115141 0.000000 -0.254608
v 0.130270 0.000000 -0.269730
v 0.145392 0.000000 -0.284859
v 0.160503 0.000000 -0.300000
v 0.145392 0.000000 -0.315141
v 0.130270 0.000000 -0.330270
v 0.115141 0.000000 -0.345392
v 0.100000 0.000000 -0.360503
v 0.084859 0.000000 -0.345392
v 0.054608 0.000000 -0.115141
v 0.039497 0.000000 -0.100000
v 0.054608 0.000000 -0.084859
v 0.069730 0.000000 -0.069730
v 0.069730 0.000000 -0.130270
v 0.084859 0.000000 -0.054608
v 0.100000 0.000000 -0.039497
v 0.115141 0.000000 -0.054608
v 0.130270 0.000000 -0.069730
v 0.145392 0.000000 -0.084859
v 0.160503 0.000000 -0.100000
v 0.145392 0.000000 -0.115141
v 0.130270 0.000000 -0.130270
v 0.115141 0.000000 -0.145392
v 0.100000 0.000000 -0.160503
v 0.084859 0.000000 -0.145392
v 0.054608 0.000000 0.084859
v 0.039497 0.000000 0.100000
v 0.054608 0.000000 0.115141
v 0.069730 0.000000 0.130270
v 0.069730 0.000000 0.069730
v 0.084859 0.000000 0.145392
v 0.100000 0.000000 0.160503
v 0.115141 0.000000 0.145392
v 0.130270 0.000000 0.130270
v 0.145392 0.000000 0.115141
v 0.160503 0.000000 0.100000
v 0.145392 0.000000 0.084859
v 0.130270 0.000000 0.069730
v 0.115141 0.000000 0.054608
v 0.100000 0.000000 0.039497
v 0.084859 0.000000 0.054608
v 0.084859 0.000000 0.345392
v 0.100000 0.000000 0.360503
v 0.115141 0.000000 0.345392
v 0.130270 0.000000 0.330270
v 0.069730 0.000000 0.330270
v 0.145392 0.000000 0.315141
v 0.160503 0.000000 0.300000
v 0.145392 0.000000 0.284859
v 0.130270 0.000000 0.269730
v 0.115141 0.000000 0.254608
v 0.100000 0.000000 0.239497
v 0.084859 0.000000 0.254608
v 0.069730 0.000000 0.269730
v 0.054608 0.000000 0.284859
v 0.039497 0.000000 0.300000
v 0.054608 0.000000 0.315141
v -0.145392 0.000000 -0.315141
v -0.160503 0.000000 -0.300000
v -0.145392 0.000000 -0.284859
v -0.130270 0.000000 -0.269730
v -0.130270 0.000000 -0.330270
v -0.115141 0.000000 -0.254608
v -0.100000 0.000000 -0.239497
v -0.084859 0.000000 -0.254608
v -0.069730 0.000000 -0.269730
v -0.054608 0.000000 -0.284859
v -0.039497 0.000000 -0.300000
v -0.054608 0.000000 -0.315141
v -0.069730 0.000000 -0.330270
v -0.084859 0.000000 -0.345392
v -0.100000 0.000000 -0.360503
v -0.115141 0.000000 -0.345392
v -0.145392 0.000000 -0.115141
v -0.160503 0.000000 -0.100000
v -0.145392 0.000000 -0.084859
v -0.130270 0.000000 -0.069730
v -0.130270 0.000000 -0.130270
v -0.115141 0.000000 -0.054608
v -0.100000 0.000000 -0.039497
v -0.084859 0.000000 -0.054608
v -0.069730 0.000000 -0.069730
v -0.054608 0.000000 -0.084859
v -0.039497 0.000000 -0.100000
v -0.054608 0.000000 -0.115141
v -0.069730 0.000000 -0.130270
v -0.084859 0.000000 -0.145392
v -0.100000 0.000000 -0.160503
v -0.115141 0.000000 -0.145392
v -0.145392 0.000000 0.084859
v -0.160503 0.000000 0.100000
v -0.145392 0.000000 0.115141
v -0.130270 0.000000 0.130270
v -0.130270 0.000000 0.069730
v -0.115141 0.000000 0.145392
v -0.100000 0.000000 0.160503
v -0.084859 0.000000 0.145392
v -0.069730 0.000000 0.130270
v -0.054608 0.000000 0.115141
v -0.039497 0.000000 0.100000
v -0.054608 0.000000 0.084859
v -0.069730 0.000000 0.069730
v -0.084859 0.000000 0.054608
v -0.100000 0.000000 0.039497
v -0.115141 0.000000 0.054608
v -0.115141 0.000000 0.345392
v -0.100000 0.000000 0.360503
v -0.084859 0.000000 0.345392
v -0.069730 0.000000 0.330270
v -0.130270 0.000000 0.330270
v -0.054608 0.000000 0.315141
v -0.039497 0.000000 0.300000
v -0.054608 0.000000 0.284859
v -0.069730 0.000000 0.269730
v -0.084859 0.000000 0.254608
v -0.100000 0.000000 0.239497
v -0.115141 0.000000 0.254608
v -0.130270 0.000000 0.269730
v -0.145392 0.000000 0.284859
v -0.160503 0.000000 0.300000
v -0.145392 0.000000 0.315141
v -0.345392 0.000000 -0.315141
v -0.360503 0.000000 -0.300000
v -0.345392 0.000000 -0.284859
v -0.330270 0.000000 -0.269730
v -0.330270 0.000000 -0.330270
v -0.315141 0.000000 -0.254608
v -0.300000 0.000000 -0.239497
v -0.284859 0.000000 -0.254608
v -0.269730 0.000000 -0.269730
v -0.254608 0.000000 -0.284859
v -0.239497 0.000000 -0.300000
v -0.254608 0.000000 -0.315141
v -0.269730 0.000000 -0.330270
v -0.284859 0.000000 -0.345392
v -0.300000 0.000000 -0.360503
v -0.315141 0.000000 -0.345392
v -0.345392 0.000000 -0.115141
v -0.360503 0.000000 -0.100000
v -0.345392 0.000000 -0.084859
v -0.330270 0.000000 -0.069730
v -0.330270 0.000000 -0.130270
v -0.315141 0.000000 -0.054608
v -0.300000 0.000000 -0.039497
v -0.284859 0.000000 -0.054608
v -0.269730 0.000000 -0.069730
v -0.254608 0.000000 -0.084859
v -0.239497 0.000000 -0.100000
v -0.254608 0.000000 -0.115141
v -0.269730 0.000000 -0.130270
v -0.284859 0.000000 -0.145392
v -0.300000 0.000000 -0.160503
v -0.315141 0.000000 -0.145392
v -0.345392 0.000000 0.084859
v -0.360503 0.000000 0.100000
v -0.345392 0.000000 0.115141
v -0.330270 0.000000 0.130270
v -0.330270 0.000000 0.069730
v -0.315141 0.000000 0.145392
v -0.300000 0.000000 0.160503
v -0.284859 0.000000 0.145392
v -0.269730 0.000000 0.130270
v -0.254608 0.000000 0.115141
v -0.239497 0.000000 0.100000
v -0.254608 0.000000 0.084859
v -0.269730 0.000000 0.069730
v -0.284859 0.000000 0.054608
v -0.300000 0.000000 0.039497
v -0.315141 0.000000 0.054608
v -0.315141 0.000000 0.345392
v -0.300000 0.000000 0.360503
v -0.284859 0.000000 0.345392
v -0.269730 0.000000 0.330270
v -0.330270 0.000000 0.330270
v -0.254608 0.000000 0.315141
v -0.239497 0.000000 0.300000
v -0.254608 0.000000 0.284859
v -0.269730 0.000000 0.269730
v -0.284859 0.000000 0.254608
v -0.300000 0.000000 0.239497
v -0.315141 0.000000 0.254608
v -0.330270 0.000000 0.269730
v -0.345392 0.000000 0.284859
v -0.360503 0.000000 0.300000
v -0.345392 0.000000 0.315141
v -0.254608 0.000000 -0.315141
v -0.239497 0.000000 -0.300000
v -0.254608 0.000000 -0.284859
v -0.269730 0.000000 -0.269730
v -0.269730 0.000000 -0.330270
v -0.284859 0.000000 -0.254608
v -0.300000 0.000000 -0.239497
v -0.315141 0.000000 -0.254608
v -0.330270 0.000000 -0.269730
v -0.345392 0.000000 -0.284859
v -0.360503 0.000000 -0.300000
v -0.345392 0.000000 -0.315141
v -0.330270 0.000000 -0.330270
v -0.315141 0.000000 -0.345392
v -0.300000 0.000000 -0.360503
v -0.284859 0.000000 -0.345392
v -0.254608 0.000000 -0.115141
v -0.239497 0.000000 -0.100000
v -0.254608 0.000000 -0.084859
v -0.269730 0.000000 -0.069730
v -0.269730 0.000000 -0.130270
v -0.284859 0.000000 -0.054608
v -0.300000 0.000000 -0.039497
v -0.315141 0.000000 -0.054608
v -0.330270 0.000000 -0.069730
v -0.345392 0.000000 -0.084859
v -0.360503 0.000000 -0.100000
v -0.345392 0.000000 -0.115141
v -0.330270 0.000000 -0.130270
v -0.315141 0.000000 -0.145392
v -0.300000 0.000000 -0.160503
v -0.284859 0.000000 -0.145392
v -0.254608 0.000000 0.084859
v -0.239497 0.000000 0.100000
v -0.254608 0.000000 0.115141
v -0.269730 0.000000 0.130270
v -0.269730 0.000000 0.069730
v -0.284859 0.000000 0.145392
v -0.300000 0.000000 0.160503
v -0.315141 0.000000 0.145392
v -0.330270 0.000000 0.130270
v -0.345392 0.000000 0.115141
v -0.360503 0.000000 0.100000
v -0.345392 0.000000 0.084859
v -0.330270 0.000000 0.069730
v -0.315141 0.000000 0.054608
v -0.300000 0.000000 0.039497
v -0.284859 0.000000 0.054608
v -0.284859 0.000000 0.345392
v -0.300000 0.000000 0.360503
v -0.315141 0.000000 0.345392
v -0.330270 0.000000 0.330270
v -0.269730 0.000000 0.330270
v -0.345392 0.000000 0.315141
v -0.360503 0.000000 0.300000
v -0.345392 0.000000 0.284859
v -0.330270 0.000000 0.269730
v -0.315141 0.000000 0.254608
v -0.300000 0.000000 0.239497
v -0.284859 0.000000 0.254608
v -0.269730 0.000000 0.269730
v -0.254608 0.000000 0.284859
v -0.239497 0.000000 0.300000
v -0.254608 0.000000 0.315141
v -0.054608 0.000000 -0.315141
v -0.039497 0.000000 -0.300000
v -0.054608 0.000000 -0.284859
v -0.069730 0.000000 -0.269730
v -0.069730 0.000000 -0.330270
v -0.084859 0.000000 -0.254608
v -0.100000 0.000000 -0.239497
v -0.115141 0.000000 -0.254608
v -0.130270 0.000000 -0.269730
v -0.145392 0.000000 -0.284859
v -0.160503 0.000000 -0.300000
v -0.145392 0.000000 -0.315141
v -0.130270 0.000000 -0.330270
v -0.115141 0.000000 -0.345392
v -0.100000 0.000000 -0.360503
v -0.084859 0.000000 -0.345392
v -0.054608 0.000000 -0.115141
v -0.039497 0.000000 -0.100000
v -0.054608 0.000000 -0.084859
v -0.069730 0.000000 -0.069730
v -0.069730 0.000000 -0.130270
v -0.084859 0.000000 -0.054608
v -0.100000 0.000000 -0.039497
v -0.115141 0.000000 -0.054608
v -0.130270 0.000000 -0.069730
v -0.145392 0.000000 -0.084859
v -0.160503 0.000000 -0.100000
v -0.145392 0.000000 -0.115141
v -0.130270 0.000000 -0.130270
v -0.115141 0.000000 -0.145392
v -0.100000 0.000000 -0.160503
v -0.084859 0.000000 -0.145392
v -0.054608 0.000000 0.084859
v -0.039497 0.000000 0.100000
v -0.054608 0.000000 0.115141
v -0.069730 0.000000 0.130270
v -0.069730 0.000000 0.069730
v -0.084859 0.000000 0.145392
v -0.100000 0.000000 0.160503
v -0.115141 0.000000 0.145392
v -0.130270 0.000000 0.130270
v -0.145392 0.000000 0.115141
v -0.160503 0.000000 0.100000
v -0.145392 0.000000 0.084859
v -0.130270 0.000000 0.069730
v -0.115141 0.000000 0.054608
v -0.100000 0.000000 0.039497
v -0.084859 0.000000 0.054608
v -0.084859 0.000000 0.345392
v -0.100000 0.000000 0.360503
v -0.115141 0.000000 0.345392
v -0.130270 0.000000 0.330270
v -0.069730 0.000000 0.330270
v -0.145392 0.000000 0.315141
v -0.160503 0.000000 0.300000
v -0.145392 0.000000 0.284859
v -0.130270 0.000000 0.269730
v -0.115141 0.000000 0.254608
v -0.100000 0.000000 0.239497
v -0.084859 0.000000 0.254608
v -0.069730 0.000000 0.269730
v -0.054608 0.000000 0.284859
v -0.039497 0.000000 0.300000
v -0.054608 0.000000 0.315141
v 0.145392 0.000000 -0.315141
v 0.160503 0.000000 -0.300000
v 0.145392 0.000000 -0.284859
v 0.130270 0.000000 -0.269730
v 0.130270 0.000000 -0.330270
v 0.115141 0.000000 -0.254608
v 0.100000 0.000000 -0.239497
v 0.084859 0.000000 -0.254608
v 0.069730 0.000000 -0.269730
v 0.054608 0.000000 -0.284859
v 0.039497 0.000000 -0.300000
v 0.054608 0.000000 -0.315141
v 0.069730 0.000000 -0.330270
v 0.084859 0.000000 -0.345392
v 0.100000 0.000000 -0.360503
v 0.115141 0.000000 -0.345392
v 0.145392 0.000000 -0.115141
v 0.160503 0.000000 -0.100000
v 0.145392 0.000000 -0.084859
v 0.130270 0.000000 -0.069730
v 0.130270 0.000000 -0.130270
v 0.115141 0.000000 -0.054608
v 0.100000 0.000000 -0.039497
v 0.084859 0.000000 -0.054608
v 0.069730 0.000000 -0.069730
v 0.054608 0.000000 -0.084859
v 0.039497 0.000000 -0.100000
v 0.054608 0.000000 -0.115141
v 0.069730 0.000000 -0.130270
v 0.084859 0.000000 -0.145392
v 0.100000 0.000000 -0.160503
v 0.115141 0.000000 -0.145392
v 0.145392 0.000000 0.084859
v 0.160503 0.000000 0.100000
v 0.145392 0.000000 0.115141
v 0.130270 0.000000 0.130270
v 0.130270 0.000000 0.069730
v 0.115141 0.000000 0.145392
v 0.100000 0.000000 0.160503
v 0.084859 0.000000 0.145392
v 0.069730 0.000000 0.130270
v 0.054608 0.000000 0.115141
v 0.039497 0.000000 0.100000
v 0.054608 0.000000 0.084859
v 0.069730 0.000000 0.069730
v 0.084859 0.000000 0.054608
v 0.100000 0.000000 0.039497
v 0.115141 0.000000 0.054608
v 0.115141 0.000000 0.345392
v 0.100000 0.000000 0.360503
v 0.084859 0.000000 0.345392
v 0.069730 0.000000 0.330270
v 0.130270 0.000000 0.330270
v 0.054608 0.000000 0.315141
v 0.039497 0.000000 0.300000
v 0.054608 0.000000 0.284859
v 0.069730 0.000000 0.269730
v 0.084859 0.000000 0.254608
v 0.100000 0.000000 0.239497
v 0.115141 0.000000 0.254608
v 0.130270 0.000000 0.269730
v 0.145392 0.000000 0.284859
v 0.160503 0.000000 0.300000
v 0.145392 0.000000 0.315141
v 0.345392 0.000000 -0.315141
v 0.360503 0.000000 -0.300000
v 0.345392 0.000000 -0.284859
v 0.330270 0.000000 -0.269730
v 0.330270 0.000000 -0.330270
v 0.315141 0.000000 -0.254608
v 0.300000 0.000000 -0.239497
v 0.284859 0.000000 -0.254608
v 0.269730 0.000000 -0.269730
v 0.254608 0.000000 -0.284859
v 0.239497 0.000000 -0.300000
v 0.254608 0.000000 -0.315141
v 0.269730 0.000000 -0.330270
v 0.284859 0.000000 -0.345392
v 0.300000 0.000000 -0.360503
v 0.315141 0.000000 -0.345392
v 0.345392 0.000000 -0.115141
v 0.360503 0.000000 -0.100000
v 0.345392 0.000000 -0.084859
v 0.330270 0.000000 -0.069730
v 0.330270 0.000000 -0.130270
v 0.315141 0.000000 -0.054608
v 0.300000 0.000000 -0.039497
v 0.284859 0.000000 -0.054608
v 0.269730 0.000000 -0.069730
v 0.254608 0.000000 -0.084859
v 0.239497 0.000000 -0.100000
v 0.254608 0.000000 -0.115141
v 0.269730 0.000000 -0.130270
v 0.284859 0.000000 -0.145392
v 0.300000 0.000000 -0.160503
v 0.315141 0.000000 -0.145392
v 0.345392 0.000000 0.084859
v 0.360503 0.000000 0.100000
v 0.345392 0.000000 0.115141
v 0.330270 0.000000 0.130270
v 0.330270 0.000000 0.069730
v 0.315141 0.000000 0.145392
v 0.300000 0.000000 0.160503
v 0.284859 0.000000 0.145392
v 0.269730 0.000000 0.130270
v 0.254608 0.000000 0.115141
v 0.239497 0.000000 0.100000
v 0.254608 0.000000 0.084859
v 0.269730 0.000000 0.069730
v 0.284859 0.000000 0.054608
v 0.300000 0.000000 0.039497
v 0.315141 0.000000 0.054608
v 0.315141 0.000000 0.345392
v 0.300000 0.000000 0.360503
v 0.284859 0.000000 0.345392
v 0.269730 0.000000 0.330270
v 0.330270 0.000000 0.330270
v 0.254608 0.000000 0.315141
v 0.239497 0.000000 0.300000
v 0.254608 0.000000 0.284859
v 0.269730 0.000000 0.269730
v 0.284859 0.000000 0.254608
v 0.300000 0.000000 0.239497
v 0.315141 0.000000 0.254608
v 0.330270 0.000000 0.269730
v 0.345392 0.000000 0.284859
v 0.360503 0.000000 0.300000
v 0.345392 0.000000 0.315141
v -0.500000 -0.031864 0.500000
v -0.440680 -0.020000 0.500000
v -0.500000 -0.008136 0.500000
v -0.500000 -0.020000 0.440680
v -0.485155 -0.028901 0.500000
v -0.470322 -0.025936 0.500000
v -0.500000 -0.028901 0.485155
v -0.455496 -0.017031 0.500000
v -0.470322 -0.014064 0.500000
v -0.455496 -0.022969 0.500000
v -0.500000 -0.011099 0.485155
v -0.500000 -0.014064 0.470322
v -0.485155 -0.011099 0.500000
v -0.500000 -0.022969 0.455496
v -0.500000 -0.025936 0.470322
v -0.500000 -0.017031 0.455496
v -0.500000 0.008136 0.500000
v -0.440680 0.020000 0.500000
v -0.500000 0.031864 0.500000
v -0.500000 0.020000 0.440680
v -0.485155 0.011099 0.500000
v -0.470322 0.014064 0.500000
v -0.500000 0.011099 0.485155
v -0.455496 0.022969 0.500000
v -0.470322 0.025936 0.500000
v -0.455496 0.017031 0.500000
v -0.500000 0.028901 0.485155
v -0.500000 0.025936 0.470322
v -0.485155 0.028901 0.500000
v -0.500000 0.017031 0.455496
v -0.500000 0.014064 0.470322
v -0.500000 0.022969 0.455496
v -0.500000 0.031864 -0.500000
v -0.440680 0.020000 -0.500000
v -0.500000 0.008136 -0.500000
v -0.500000 0.020000 -0.440680
v -0.485155 0.028901 -0.500000
v -0.470322 0.025936 -0.500000
v -0.500000 0.028901 -0.485155
v -0.455496 0.017031 -0.500000
v -0.470322 0.014064 -0.500000
v -0.455496 0.022969 -0.500000
v -0.500000 0.011099 -0.485155
v -0.500000 0.014064 -0.470322
v -0.485155 0.011099 -0.500000
v -0.500000 0.022969 -0.455496
v -0.500000 0.025936 -0.470322
v -0.500000 0.017031 -0.455496
v -0.500000 -0.008136 -0.500000
v -0.440680 -0.020000 -0.500000
v -0.500000 -0.031864 -0.500000
v -0.500000 -0.020000 -0.440680
v -0.485155 -0.011099 -0.500000
v -0.470322 -0.014064 -0.500000
v -0.500000 -0.011099 -0.485155
v -0.455496 -0.022969 -0.500000
v -0.470322 -0.025936 -0.500000
v -0.455496 -0.017031 -0.500000
v -0.500000 -0.028901 -0.485155
v -0.500000 -0.025936 -0.470322
v -0.485155 -0.028901 -0.500000
v -0.500000 -0.017031 -0.455496
v -0.500000 -0.014064 -0.470322
v -0.500000 -0.022969 -0.455496
v 0.500000 0.031864 -0.500000
v 0.500000 0.020000 -0.440680
v 0.500000 0.008136 -0.500000
v 0.440680 0.020000 -0.500000
v 0.500000 0.028901 -0.485155
v 0.500000 0.025936 -0.470322
v 0.485155 0.028901 -0.500000
v 0.500000 0.017031 -0.455496
v 0.500000 0.014064 -0.470322
v 0.500000 0.022969 -0.455496
v 0.485155 0.011099 -0.500000
v 0.470322 0.014064 -0.500000
v 0.500000 0.011099 -0.485155
v 0.455496 0.022969 -0.500000
v 0.470322 0.025936 -0.500000
v 0.455496 0.017031 -0.500000
v 0.500000 -0.008136 -0.500000
v 0.500000 -0.020000 -0.440680
v 0.500000 -0.031864 -0.500000
v 0.440680 -0.020000 -0.500000
v 0.500000 -0.011099 -0.485155
v 0.500000 -0.014064 -0.470322
v 0.485155 -0.011099 -0.500000
v 0.500000 -0.022969 -0.455496
v 0.500000 -0.025936 -0.470322
v 0.500000 -0.017031 -0.455496
v 0.485155 -0.028901 -0.500000
v 0.470322 -0.025936 -0.500000
v 0.500000 -0.028901 -0.485155
v 0.455496 -0.017031 -0.500000
v 0.470322 -0.014064 -0.500000
v 0.455496 -0.022969 -0.500000
v 0.500000 0.031864 0.500000
v 0.440680 0.020000 0.500000
v 0.500000 0.008136 0.500000
v 0.500000 0.020000 0.440680
v 0.485155 0.028901 0.500000
v 0.470322 0.025936 0.500000
v 0.500000 0.028901 0.485155
v 0.455496 0.017031 0.500000
v 0.470322 0.014064 0.500000
v 0.455496 0.022969 0.500000
v 0.500000 0.011099 0.485155
v 0.500000 0.014064 0.470322
v 0.485155 0.011099 0.500000
v 0.500000 0.022969 0.455496
v 0.500000 0.025936 0.470322
v 0.500000 0.017031 0.455496
v 0.500000 -0.008136 0.500000
v 0.440680 -0.020000 0.500000
v 0.500000 -0.031864 0.500000
v 0.500000 -0.020000 0.440680
v 0.485155 -0.011099 0.500000
v 0.470322 -0.014064 0.500000
v 0.500000 -0.011099 0.485155
v 0.455496 -0.022969 0.500000
v 0.470322 -0.025936 0.500000
v 0.455496 -0.017031 0.500000
v 0.500000 -0.028901 0.485155
v 0.500000 -0.025936 0.470322
v 0.485155 -0.028901 0.500000
v 0.500000 -0.017031 0.455496
v 0.500000 -0.014064 0.470322
v 0.500000 -0.022969 0.455496
v 0.300000 -0.008136 0.500000
v 0.240680 -0.020000 0.500000
v 0.300000 -0.031864 0.500000
v 0.359320 -0.020000 0.500000
v 0.285155 -0.011099 0.500000
v 0.270322 -0.014064 0.500000
v 0.314845 -0.011099 0.500000
v 0.255496 -0.022969 0.500000
v 0.270322 -0.025936 0.500000
v 0.255496 -0.017031 0.500000
v 0.314845 -0.028901 0.500000
v 0.329678 -0.025936 0.500000
v 0.285155 -0.028901 0.500000
v 0.344504 -0.017031 0.500000
v 0.329678 -0.014064 0.500000
v 0.344504 -0.022969 0.500000
v 0.100000 -0.008136 0.500000
v 0.040680 -0.020000 0.500000
v 0.100000 -0.031864 0.500000
v 0.159320 -0.020000 0.500000
v 0.085155 -0.011099 0.500000
v 0.070322 -0.014064 0.500000
v 0.114845 -0.011099 0.500000
v 0.055496 -0.022969 0.500000
v 0.070322 -0.025936 0.500000
v 0.055496 -0.017031 0.500000
v 0.114845 -0.028901 0.500000
v 0.129678 -0.025936 0.500000
v 0.085155 -0.028901 0.500000
v 0.144504 -0.017031 0.500000
v 0.129678 -0.014064 0.500000
v 0.144504 -0.022969 0.500000
v -0.100000 -0.008136 0.500000
v -0.159320 -0.020000 0.500000
v -0.100000 -0.031864 0.500000
v -0.040680 -0.020000 0.500000
v -0.114845 -0.011099 0.500000
v -0.129678 -0.014064 0.500000
v -0.085155 -0.011099 0.500000
v -0.144504 -0.022969 0.500000
v -0.129678 -0.025936 0.500000
v -0.144504 -0.017031 0.500000
v -0.085155 -0.028901 0.500000
v -0.070322 -0.025936 0.500000
v -0.114845 -0.028901 0.500000
v -0.055496 -0.017031 0.500000
v -0.070322 -0.014064 0.500000
v -0.055496 -0.022969 0.500000
v -0.359320 -0.020000 0.500000
v -0.300000 -0.031864 0.500000
v -0.240680 -0.020000 0.500000
v -0.300000 -0.008136 0.500000
v -0.344504 -0.022969 0.500000
v -0.329678 -0.025936 0.500000
v -0.344504 -0.017031 0.500000
v -0.285155 -0.028901 0.500000
v -0.270322 -0.025936 0.500000
v -0.314845 -0.028901 0.500000
v -0.255496 -0.017031 0.500000
v -0.270322 -0.014064 0.500000
v -0.255496 -0.022969 0.500000
v -0.314845 -0.011099 0.500000
v -0.329678 -0.014064 0.500000
v -0.285155 -0.011099 0.500000
v 0.300000 0.031864 0.500000
v 0.240680 0.020000 0.500000
v 0.300000 0.008136 0.500000
v 0.359320 0.020000 0.500000
v 0.285155 0.028901 0.500000
v 0.270322 0.025936 0.500000
v 0.314845 0.028901 0.500000
v 0.255496 0.017031 0.500000
v 0.270322 0.014064 0.500000
v 0.255496 0.022969 0.500000
v 0.314845 0.011099 0.500000
v 0.329678 0.014064 0.500000
v 0.285155 0.011099 0.500000
v 0.344504 0.022969 0.500000
v 0.329678 0.025936 0.500000
v 0.344504 0.017031 0.500000
v 0.100000 0.031864 0.500000
v 0.040680 0.020000 0.500000
v 0.100000 0.008136 0.500000
v 0.159320 0.020000 0.500000
v 0.085155 0.028901 0.500000
v 0.070322 0.025936 0.500000
v 0.114845 0.028901 0.500000
v 0.055496 0.017031 0.500000
v 0.070322 0.014064 0.500000
v 0.055496 0.022969 0.500000
v 0.114845 0.011099 0.500000
v 0.129678 0.014064 0.500000
v 0.085155 0.011099 0.500000
v 0.144504 0.022969 0.500000
v 0.129678 0.025936 0.500000
v 0.144504 0.017031 0.500000
v -0.100000 0.031864 0.500000
v -0.159320 0.020000 0.500000
v -0.100000 0.008136 0.500000
v -0.040680 0.020000 0.500000
v -0.114845 0.028901 0.500000
v -0.129678 0.025936 0.500000
v -0.085155 0.028901 0.500000
v -0.144504 0.017031 0.500000
v -0.129678 0.014064 0.500000
v -0.144504 0.022969 0.500000
v -0.085155 0.011099 0.500000
v -0.070322 0.014064 0.500000
v -0.114845 0.011099 0.500000
v -0.055496 0.022969 0.500000
v -0.070322 0.025936 0.500000
v -0.055496 0.017031 0.500000
v -0.359320 0.020000 0.500000
v -0.300000 0.008136 0.500000
v -0.240680 0.020000 0.500000
v -0.300000 0.031864 0.500000
v -0.344504 0.017031 0.500000
v -0.329678 0.014064 0.500000
v -0.344504 0.022969 0.500000
v -0.285155 0.011099 0.500000
v -0.270322 0.014064 0.500000
v -0.314845 0.011099 0.500000
v -0.255496 0.022969 0.500000
v -0.270322 0.025936 0.500000
v -0.255496 0.017031 0.500000
v -0.314845 0.028901 0.500000
v -0.329678 0.025936 0.500000
v -0.285155 0.028901 0.500000
v 0.500000 -0.008136 -0.300000
v 0.500000 -0.020000 -0.240680
v 0.500000 -0.031864 -0.300000
v 0.500000 -0.020000 -0.359320
v 0.500000 -0.011099 -0.285155
v 0.500000 -0.014064 -0.270322
v 0.500000 -0.011099 -0.314845
v 0.500000 -0.022969 -0.255496
v 0.500000 -0.025936 -0.270322
v 0.500000 -0.017031 -0.255496
v 0.500000 -0.028901 -0.314845
v 0.500000 -0.025936 -0.329678
v 0.500000 -0.028901 -0.285155
v 0.500000 -0.017031 -0.344504
v 0.500000 -0.014064 -0.329678
v 0.500000 -0.022969 -0.344504
v 0.500000 -0.008136 -0.100000
v 0.500000 -0.020000 -0.040680
v 0.500000 -0.031864 -0.100000
v 0.500000 -0.020000 -0.159320
v 0.500000 -0.011099 -0.085155
v 0.500000 -0.014064 -0.070322
v 0.500000 -0.011099 -0.114845
v 0.500000 -0.022969 -0.055496
v 0.500000 -0.025936 -0.070322
v 0.500000 -0.017031 -0.055496
v 0.500000 -0.028901 -0.114845
v 0.500000 -0.025936 -0.129678
v 0.500000 -0.028901 -0.085155
v 0.500000 -0.017031 -0.144504
v 0.500000 -0.014064 -0.129678
v 0.500000 -0.022969 -0.144504
v 0.500000 -0.008136 0.100000
v 0.500000 -0.020000 0.159320
v 0.500000 -0.031864 0.100000
v 0.500000 -0.020000 0.040680
v 0.500000 -0.011099 0.114845
v 0.500000 -0.014064 0.129678
v 0.500000 -0.011099 0.085155
v 0.500000 -0.022969 0.144504
v 0.500000 -0.025936 0.129678
v 0.500000 -0.017031 0.144504
v 0.500000 -0.028901 0.085155
v 0.500000 -0.025936 0.070322
v 0.500000 -0.028901 0.114845
v 0.500000 -0.017031 0.055496
v 0.500000 -0.014064 0.070322
v 0.500000 -0.022969 0.055496
v 0.500000 -0.020000 0.359320
v 0.500000 -0.031864 0.300000
v 0.500000 -0.020000 0.240680
v 0.500000 -0.008136 0.300000
v 0.500000 -0.022969 0.344504
v 0.500000 -0.025936 0.329678
v 0.500000 -0.017031 0.344504
v 0.500000 -0.028901 0.285155
v 0.500000 -0.025936 0.270322
v 0.500000 -0.028901 0.314845
v 0.500000 -0.017031 0.255496
v 0.500000 -0.014064 0.270322
v 0.500000 -0.022969 0.255496
v 0.500000 -0.011099 0.314845
v 0.500000 -0.014064 0.329678
v 0.500000 -0.011099 0.285155
v 0.500000 0.031864 -0.300000
v 0.500000 0.020000 -0.240680
v 0.500000 0.008136 -0.300000
v 0.500000 0.020000 -0.359320
v 0.500000 0.028901 -0.285155
v 0.500000 0.025936 -0.270322
v 0.500000 0.028901 -0.314845
v 0.500000 0.017031 -0.255496
v 0.500000 0.014064 -0.270322
v 0.500000 0.022969 -0.255496
v 0.500000 0.011099 -0.314845
v 0.500000 0.014064 -0.329678
v 0.500000 0.011099 -0.285155
v 0.500000 0.022969 -0.344504
v 0.500000 0.025936 -0.329678
v 0.500000 0.017031 -0.344504
v 0.500000 0.031864 -0.100000
v 0.500000 0.020000 -0.040680
v 0.500000 0.008136 -0.100000
v 0.500000 0.020000 -0.159320
v 0.500000 0.028901 -0.085155
v 0.500000 0.025936 -0.070322
v 0.500000 0.028901 -0.114845
v 0.500000 0.017031 -0.055496
v 0.500000 0.014064 -0.070322
v 0.500000 0.022969 -0.055496
v 0.500000 0.011099 -0.114845
v 0.500000 0.014064 -0.129678
v 0.500000 0.011099 -0.085155
v 0.500000 0.022969 -0.144504
v 0.500000 0.025936 -0.129678
v 0.500000 0.017031 -0.144504
v 0.500000 0.031864 0.100000
v 0.500000 0.020000 0.159320
v 0.500000 0.008136 0.100000
v 0.500000 0.020000 0.040680
v 0.500000 0.028901 0.114845
v 0.500000 0.025936 0.129678
v 0.500000 0.028901 0.085155
v 0.500000 0.017031 0.144504
v 0.500000 0.014064 0.129678
v 0.500000 0.022969 0.144504
v 0.500000 0.011099 0.085155
v 0.500000 0.014064 0.070322
v 0.500000 0.011099 0.114845
v 0.500000 0.022969 0.055496
v 0.500000 0.025936 0.070322
v 0.500000 0.017031 0.055496
v 0.500000 0.020000 0.359320
v 0.500000 0.008136 0.300000
v 0.500000 0.020000 0.240680
v 0.500000 0.031864 0.300000
v 0.500000 0.017031 0.344504
v 0.500000 0.014064 0.329678
v 0.500000 0.022969 0.344504
v 0.500000 0.011099 0.285155
v 0.500000 0.014064 0.270322
v 0.500000 0.011099 0.314845
v 0.500000 0.022969 0.255496
v 0.500000 0.025936 0.270322
v 0.500000 0.017031 0.255496
v 0.500000 0.028901 0.314845
v 0.500000 0.025936 0.329678
v 0.500000 0.028901 0.285155
v -0.300000 -0.008136 -0.500000
v -0.240680 -0.020000 -0.500000
v -0.300000 -0.031864 -0.500000
v -0.359320 -0.020000 -0.500000
v -0.285155 -0.011099 -0.500000
v -0.270322 -0.014064 -0.500000
v -0.314845 -0.011099 -0.500000
v -0.255496 -0.022969 -0.500000
v -0.270322 -0.025936 -0.500000
v -0.255496 -0.017031 -0.500000
v -0.314845 -0.028901 -0.500000
v -0.329678 -0.025936 -0.500000
v -0.285155 -0.028901 -0.500000
v -0.344504 -0.017031 -0.500000
v -0.329678 -0.014064 -0.500000
v -0.344504 -0.022969 -0.500000
v -0.100000 -0.008136 -0.500000
v -0.040680 -0.020000 -0.500000
v -0.100000 -0.031864 -0.500000
v -0.159320 -0.020000 -0.500000
v -0.085155 -0.011099 -0.500000
v -0.070322 -0.014064 -0.500000
v -0.114845 -0.011099 -0.500000
v -0.055496 -0.022969 -0.500000
v -0.070322 -0.025936 -0.500000
v -0.055496 -0.017031 -0.500000
v -0.114845 -0.028901 -0.500000
v -0.129678 -0.025936 -0.500000
v -0.085155 -0.028901 -0.500000
v -0.144504 -0.017031 -0.500000
v -0.129678 -0.014064 -0.500000
v -0.144504 -0.022969 -0.500000
v 0.100000 -0.008136 -0.500000
v 0.159320 -0.020000 -0.500000
v 0.100000 -0.031864 -0.500000
v 0.040680 -0.020000 -0.500000
v 0.114845 -0.011099 -0.500000
v 0.129678 -0.014064 -0.500000
v 0.085155 -0.011099 -0.500000
v 0.144504 -0.022969 -0.500000
v 0.129678 -0.025936 -0.500000
v 0.144504 -0.017031 -0.500000
v 0.085155 -0.028901 -0.500000
v 0.070322 -0.025936 -0.500000
v 0.114845 -0.028901 -0.500000
v 0.055496 -0.017031 -0.500000
v 0.070322 -0.014064 -0.500000
v 0.055496 -0.022969 -0.500000
v 0.359320 -0.020000 -0.500000
v 0.300000 -0.031864 -0.500000
v 0.240680 -0.020000 -0.500000
v 0.300000 -0.008136 -0.500000
v 0.344504 -0.022969 -0.500000
v 0.329678 -0.025936 -0.500000
v 0.344504 -0.017031 -0.500000
v 0.285155 -0.028901 -0.500000
v 0.270322 -0.025936 -0.500000
v 0.314845 -0.028901 -0.500000
v 0.255496 -0.017031 -0.500000
v 0.270322 -0.014064 -0.500000
v 0.255496 -0.022969 -0.500000
v 0.314845 -0.011099 -0.500000
v 0.329678 -0.014064 -0.500000
v 0.285155 -0.011099 -0.500000
v -0.300000 0.031864 -0.500000
v -0.240680 0.020000 -0.500000
v -0.300000 0.008136 -0.500000
v -0.359320 0.020000 -0.500000
v -0.285155 0.028901 -0.500000
v -0.270322 0.025936 -0.500000
v -0.314845 0.028901 -0.500000
v -0.255496 0.017031 -0.500000
v -0.270322 0.014064 -0.500000
v -0.255496 0.022969 -0.500000
v -0.314845 0.011099 -0.500000
v -0.329678 0.014064 -0.500000
v -0.285155 0.011099 -0.500000
v -0.344504 0.022969 -0.500000
v -0.329678 0.025936 -0.500000
v -0.344504 0.017031 -0.500000
v -0.100000 0.031864 -0.500000
v -0.040680 0.020000 -0.500000
v -0.100000 0.008136 -0.500000
v -0.159320 0.020000 -0.500000
v -0.085155 0.028901 -0.500000
v -0.070322 0.025936 -0.500000
v -0.114845 0.028901 -0.500000
v -0.055496 0.017031 -0.500000
v -0.070322 0.014064 -0.500000
v -0.055496 0.022969 -0.500000
v -0.114845 0.011099 -0.500000
v -0.129678 0.014064 -0.500000
v -0.085155 0.011099 -0.500000
v -0.144504 0.022969 -0.500000
v -0.129678 0.025936 -0.500000
v -0.144504 0.017031 -0.500000
v 0.100000 0.031864 -0.500000
v 0.159320 0.020000 -0.500000
v 0.100000 0.008136 -0.500000
v 0.040680 0.020000 -0.500000
v 0.114845 0.028901 -0.500000
v 0.129678 0.025936 -0.500000
v 0.085155 0.028901 -0.500000
v 0.144504 0.017031 -0.500000
v 0.129678 0.014064 -0.500000
v 0.144504 0.022969 -0.500000
v 0.085155 0.011099 -0.500000
v 0.070322 0.014064 -0.500000
v 0.114845 0.011099 -0.500000
v 0.055496 0.022969 -0.500000
v 0.070322 0.025936 -0.500000
v 0.055496 0.017031 -0.500000
v 0.359320 0.020000 -0.500000
v 0.300000 0.008136 -0.500000
v 0.240680 0.020000 -0.500000
v 0.300000 0.031864 -0.500000
v 0.344504 0.017031 -0.500000
v 0.329678 0.014064 -0.500000
v 0.344504 0.022969 -0.500000
v 0.285155 0.011099 -0.500000
v 0.270322 0.014064 -0.500000
v 0.314845 0.011099 -0.500000
v 0.255496 0.022969 -0.500000
v 0.270322 0.025936 -0.500000
v 0.255496 0.017031 -0.500000
v 0.314845 0.028901 -0.500000
v 0.329678 0.025936 -0.500000
v 0.285155 0.028901 -0.500000
v -0.500000 -0.008136 0.300000
v -0.500000 -0.020000 0.240680
v -0.500000 -0.031864 0.300000
v -0.500000 -0.020000 0.359320
v -0.500000 -0.011099 0.285155
v -0.500000 -0.014064 0.270322
v -0.500000 -0.011099 0.314845
v -0.500000 -0.022969 0.255496
v -0.500000 -0.025936 0.270322
v -0.500000 -0.017031 0.255496
v -0.500000 -0.028901 0.314845
v -0.500000 -0.025936 0.329678
v -0.500000 -0.028901 0.285155
v -0.500000 -0.017031 0.344504
v -0.500000 -0.014064 0.329678
v -0.500000 -0.022969 0.344504
v -0.500000 -0.008136 0.100000
v -0.500000 -0.020000 0.040680
v -0.500000 -0.031864 0.100000
v -0.500000 -0.020000 0.159320
v -0.500000 -0.011099 0.085155
v -0.500000 -0.014064 0.070322
v -0.500000 -0.011099 0.114845
v -0.500000 -0.022969 0.055496
v -0.500000 -0.025936 0.070322
v -0.500000 -0.017031 0.055496
v -0.500000 -0.028901 0.114845
v -0.500000 -0.025936 0.129678
v -0.500000 -0.028901 0.085155
v -0.500000 -0.017031 0.144504
v -0.500000 -0.014064 0.129678
v -0.500000 -0.022969 0.144504
v -0.500000 -0.008136 -0.100000
v -0.500000 -0.020000 -0.159320
v -0.500000 -0.031864 -0.100000
v -0.500000 -0.020000 -0.040680
v -0.500000 -0.011099 -0.114845
v -0.500000 -0.014064 -0.129678
v -0.500000 -0.011099 -0.085155
v -0.500000 -0.022969 -0.144504
v -0.500000 -0.025936 -0.129678
v -0.500000 -0.017031 -0.144504
v -0.500000 -0.028901 -0.085155
v -0.500000 -0.025936 -0.070322
v -0.500000 -0.028901 -0.114845
v -0.500000 -0.017031 -0.055496
v -0.500000 -0.014064 -0.070322
v -0.500000 -0.022969 -0.055496
v -0.500000 -0.020000 -0.359320
v -0.500000 -0.031864 -0.300000
v -0.500000 -0.020000 -0.240680
v -0.500000 -0.008136 -0.300000
v -0.500000 -0.022969 -0.344504
v -0.500000 -0.025936 -0.329678
v -0.500000 -0.017031 -0.344504
v -0.500000 -0.028901 -0.285155
v -0.500000 -0.025936 -0.270322
v -0.500000 -0.028901 -0.314845
v -0.500000 -0.017031 -0.255496
v -0.500000 -0.014064 -0.270322
v -0.500000 -0.022969 -0.255496
v -0.500000 -0.011099 -0.314845
v -0.500000 -0.014064 -0.329678
v -0.500000 -0.011099 -0.285155
v -0.500000 0.031864 0.300000
v -0.500000 0.020000 0.240680
v -0.500000 0.008136 0.300000
v -0.500000 0.020000 0.359320
v -0.500000 0.028901 0.285155
v -0.500000 0.025936 0.270322
v -0.500000 0.028901 0.314845
v -0.500000 0.017031 0.255496
v -0.500000 0.014064 0.270322
v -0.500000 0.022969 0.255496
v -0.500000 0.011099 0.314845
v -0.500000 0.014064 0.329678
v -0.500000 0.011099 0.285155
v -0.500000 0.022969 0.344504
v -0.500000 0.025936 0.329678
v -0.500000 0.017031 0.344504
v -0.500000 0.031864 0.100000
v -0.500000 0.020000 0.040680
v -0.500000 0.008136 0.100000
v -0.500000 0.020000 0.159320
v -0.500000 0.028901 0.085155
v -0.500000 0.025936 0.070322
v -0.500000 0.028901 0.114845
v -0.500000 0.017031 0.055496
v -0.500000 0.014064 0.070322
v -0.500000 0.022969 0.055496
v -0.500000 0.011099 0.114845
v -0.500000 0.014064 0.129678
v -0.500000 0.011099 0.085155
v -0.500000 0.022969 0.144504
v -0.500000 0.025936 0.129678
v -0.500000 0.017031 0.144504
v -0.500000 0.031864 -0.100000
v -0.500000 0.020000 -0.159320
v -0.500000 0.008136 -0.100000
v -0.500000 0.020000 -0.040680
v -0.500000 0.028901 -0.114845
v -0.500000 0.025936 -0.129678
v -0.500000 0.028901 -0.085155
v -0.500000 0.017031 -0.144504
v -0.500000 0.014064 -0.129678
v -0.500000 0.022969 -0.144504
v -0.500000 0.011099 -0.085155
v -0.500000 0.014064 -0.070322
v -0.500000 0.011099 -0.114845
v -0.500000 0.022969 -0.055496
v -0.500000 0.025936 -0.070322
v -0.500000 0.017031 -0.055496
v -0.500000 0.020000 -0.359320
v -0.500000 0.008136 -0.300000
v -0.500000 0.020000 -0.240680
v -0.500000 0.031864 -0.300000
v -0.500000 0.017031 -0.344504
v -0.500000 0.014064 -0.329678
v -0.500000 0.022969 -0.344504
v -0.500000 0.011099 -0.285155
v -0.500000 0.014064 -0.270322
v -0.500000 0.011099 -0.314845
v -0.500000 0.022969 -0.255496
v -0.500000 0.025936 -0.270322
v -0.500000 0.017031 -0.255496
v -0.500000 0.028901 -0.314845
v -0.500000 0.025936 -0.329678
v -0.500000 0.028901 -0.285155
vn -1.0000 -0.0000 -0.0000
vn -0.0000 -0.0000 -1.0000
vn 1.0000 -0.0000 -0.0000
vn -0.0000 -0.0000 1.0000
vn -0.0000 -1.0000 -0.0000
vn -0.0000 1.0000 -0.0000
vn 0.7078 -0.0000 0.7064
vn 0.7073 -0.0000 0.7069
vn -0.7078 -0.0000 0.7064
vn 0.7069 -0.0000 -0.7073
vn -0.7069 -0.0000 0.7073
vn -0.7078 -0.0000 -0.7064
vn -0.7073 -0.0000 -0.7069
vn 0.7073 -0.0000 -0.7069
vn 0.7069 -0.0000 0.7073
vn -0.7069 -0.0000 -0.7073
vn -0.7073 -0.0000 0.7069
vn 0.7078 -0.0000 -0.7064
vn 0.7064 -0.0000 0.7078
vn -0.7064 -0.0000 -0.7078
vn -0.7064 -0.0000 0.7078
vn 0.7064 -0.0000 -0.7078
vt 0.575000 0.200000
vt 0.625000 0.200000
vt 0.625000 0.250000
vt 0.575000 0.250000
vt 0.575000 0.450000
vt 0.625000 0.450000
vt 0.625000 0.500000
vt 0.575000 0.500000
vt 0.575000 0.700000
vt 0.625000 0.700000
vt 0.625000 0.750000
vt 0.575000 0.750000
vt 0.575000 0.950000
vt 0.625000 0.950000
vt 0.625000 1.000000
vt 0.575000 1.000000
vt 0.175000 0.500000
vt 0.225000 0.500000
vt 0.225000 0.534874
vt 0.221215 0.538652
vt 0.217433 0.542433
vt 0.213652 0.546215
vt 0.209874 0.550000
vt 0.190126 0.550000
vt 0.186348 0.546215
vt 0.182567 0.542433
vt 0.178785 0.538652
vt 0.175000 0.534874
vt 0.725000 0.500000
vt 0.775000 0.500000
vt 0.775000 0.534874
vt 0.771215 0.538652
vt 0.767433 0.542433
vt 0.763652 0.546215
vt 0.759874 0.550000
vt 0.740126 0.550000
vt 0.736348 0.546215
vt 0.732567 0.542433
vt 0.728785 0.538652
vt 0.725000 0.534874
vt 0.659874 0.700000
vt 0.663652 0.703785
vt 0.667433 0.707567
vt 0.671215 0.711348
vt 0.675000 0.715126
vt 0.675000 0.750000
vt 0.825000 0.500000
vt 0.825000 0.534874
vt 0.821215 0.538652
vt 0.817433 0.542433
vt 0.813652 0.546215
vt 0.809874 0.550000
vt 0.790126 0.550000
vt 0.786348 0.546215
vt 0.782567 0.542433
vt 0.778785 0.538652
vt 0.875000 0.500000
vt 0.875000 0.550000
vt 0.840126 0.550000
vt 0.836348 0.546215
vt 0.832568 0.542433
vt 0.828785 0.538652
vt 0.675000 0.565126
vt 0.678785 0.561348
vt 0.682567 0.557567
vt 0.686348 0.553785
vt 0.690126 0.550000
vt 0.709874 0.550000
vt 0.713652 0.553785
vt 0.717432 0.557567
vt 0.721215 0.561348
vt 0.725000 0.565126
vt 0.725000 0.584874
vt 0.721215 0.588652
vt 0.717432 0.592433
vt 0.713652 0.596215
vt 0.709874 0.600000
vt 0.690126 0.600000
vt 0.686348 0.596215
vt 0.682567 0.592433
vt 0.678785 0.588652
vt 0.675000 0.584874
vt 0.675000 0.500000
vt 0.675000 0.534874
vt 0.671215 0.538652
vt 0.667433 0.542433
vt 0.663652 0.546215
vt 0.659874 0.550000
vt 0.625000 0.550000
vt 0.675000 0.665126
vt 0.678785 0.661348
vt 0.682567 0.657567
vt 0.686348 0.653785
vt 0.690126 0.650000
vt 0.709874 0.650000
vt 0.713652 0.653785
vt 0.717432 0.657567
vt 0.721215 0.661348
vt 0.725000 0.665126
vt 0.725000 0.684874
vt 0.721215 0.688652
vt 0.717433 0.692433
vt 0.713652 0.696215
vt 0.709874 0.700000
vt 0.690126 0.700000
vt 0.686348 0.696215
vt 0.682567 0.692433
vt 0.678785 0.688652
vt 0.675000 0.684874
vt 0.678785 0.711348
vt 0.682567 0.707567
vt 0.686348 0.703785
vt 0.709874 0.700000
vt 0.713652 0.703785
vt 0.717432 0.707567
vt 0.721215 0.711348
vt 0.725000 0.715126
vt 0.725000 0.750000
vt 0.663652 0.553785
vt 0.667433 0.557567
vt 0.671215 0.561348
vt 0.671215 0.588652
vt 0.667433 0.592433
vt 0.663652 0.596215
vt 0.659874 0.600000
vt 0.625000 0.600000
vt 0.675000 0.615126
vt 0.678785 0.611348
vt 0.682567 0.607567
vt 0.686348 0.603785
vt 0.690126 0.600000
vt 0.709874 0.600000
vt 0.713652 0.603785
vt 0.717432 0.607567
vt 0.721215 0.611348
vt 0.725000 0.615126
vt 0.725000 0.634874
vt 0.721215 0.638652
vt 0.717432 0.642433
vt 0.713652 0.646215
vt 0.709874 0.650000
vt 0.690126 0.650000
vt 0.686348 0.646215
vt 0.682567 0.642433
vt 0.678785 0.638652
vt 0.675000 0.634874
vt 0.663652 0.603785
vt 0.667433 0.607567
vt 0.671215 0.611348
vt 0.675000 0.634874
vt 0.671215 0.638652
vt 0.667433 0.642433
vt 0.663652 0.646215
vt 0.659874 0.650000
vt 0.625000 0.650000
vt 0.663652 0.653785
vt 0.667433 0.657567
vt 0.671215 0.661348
vt 0.675000 0.665126
vt 0.671215 0.688652
vt 0.667433 0.692433
vt 0.663652 0.696215
vt 0.728785 0.561348
vt 0.732567 0.557567
vt 0.736348 0.553785
vt 0.759874 0.550000
vt 0.763652 0.553785
vt 0.767433 0.557567
vt 0.771215 0.561348
vt 0.775000 0.565126
vt 0.775000 0.584874
vt 0.771215 0.588652
vt 0.767433 0.592433
vt 0.763652 0.596215
vt 0.759874 0.600000
vt 0.740126 0.600000
vt 0.736348 0.596215
vt 0.732567 0.592433
vt 0.728785 0.588652
vt 0.728785 0.611348
vt 0.732567 0.607567
vt 0.736348 0.603785
vt 0.759874 0.600000
vt 0.763652 0.603785
vt 0.767433 0.607567
vt 0.771215 0.611348
vt 0.775000 0.615126
vt 0.775000 0.634874
vt 0.771215 0.638652
vt 0.767433 0.642433
vt 0.763652 0.646215
vt 0.759874 0.650000
vt 0.740126 0.650000
vt 0.736348 0.646215
vt 0.732567 0.642433
vt 0.728785 0.638652
vt 0.725000 0.634874
vt 0.725000 0.665126
vt 0.728785 0.661348
vt 0.732567 0.657567
vt 0.736348 0.653785
vt 0.740126 0.650000
vt 0.763652 0.653785
vt 0.767433 0.657567
vt 0.771215 0.661348
vt 0.775000 0.665126
vt 0.775000 0.684874
vt 0.771215 0.688652
vt 0.767432 0.692433
vt 0.763652 0.696215
vt 0.759874 0.700000
vt 0.740126 0.700000
vt 0.736348 0.696215
vt 0.732567 0.692433
vt 0.728785 0.688652
vt 0.725000 0.684874
vt 0.728785 0.711348
vt 0.732567 0.707567
vt 0.736348 0.703785
vt 0.763652 0.703785
vt 0.767433 0.707567
vt 0.771215 0.711348
vt 0.775000 0.715126
vt 0.775000 0.750000
vt 0.778785 0.561348
vt 0.782567 0.557567
vt 0.786348 0.553785
vt 0.790126 0.550000
vt 0.813652 0.553785
vt 0.817433 0.557567
vt 0.821215 0.561348
vt 0.825000 0.565126
vt 0.825000 0.584874
vt 0.821215 0.588652
vt 0.817433 0.592433
vt 0.813652 0.596215
vt 0.809874 0.600000
vt 0.790126 0.600000
vt 0.786348 0.596215
vt 0.782567 0.592433
vt 0.778785 0.588652
vt 0.778785 0.611348
vt 0.782567 0.607567
vt 0.786348 0.603785
vt 0.790126 0.600000
vt 0.813652 0.603785
vt 0.817433 0.607567
vt 0.821215 0.611348
vt 0.825000 0.615126
vt 0.825000 0.634874
vt 0.821215 0.638652
vt 0.817433 0.642433
vt 0.813652 0.646215
vt 0.809874 0.650000
vt 0.790126 0.650000
vt 0.786348 0.646215
vt 0.782567 0.642433
vt 0.778785 0.638652
vt 0.775000 0.634874
vt 0.775000 0.665126
vt 0.778785 0.661348
vt 0.782567 0.657567
vt 0.786348 0.653785
vt 0.790126 0.650000
vt 0.809874 0.650000
vt 0.813652 0.653785
vt 0.817433 0.657567
vt 0.821215 0.661348
vt 0.825000 0.665126
vt 0.825000 0.684874
vt 0.821215 0.688652
vt 0.817433 0.692433
vt 0.813652 0.696215
vt 0.809874 0.700000
vt 0.790126 0.700000
vt 0.786348 0.696215
vt 0.782567 0.692433
vt 0.778785 0.688652
vt 0.778785 0.711348
vt 0.782567 0.707567
vt 0.786348 0.703785
vt 0.790126 0.700000
vt 0.813652 0.703785
vt 0.817433 0.707567
vt 0.821215 0.711348
vt 0.825000 0.715126
vt 0.825000 0.750000
vt 0.828785 0.561348
vt 0.832568 0.557567
vt 0.836348 0.553785
vt 0.840126 0.550000
vt 0.875000 0.600000
vt 0.840126 0.600000
vt 0.836348 0.596215
vt 0.832568 0.592433
vt 0.828785 0.588652
vt 0.828785 0.611348
vt 0.832568 0.607567
vt 0.836348 0.603785
vt 0.840126 0.600000
vt 0.875000 0.650000
vt 0.840126 0.650000
vt 0.836348 0.646215
vt 0.832568 0.642433
vt 0.828785 0.638652
vt 0.825000 0.634874
vt 0.825000 0.665126
vt 0.828785 0.661348
vt 0.832568 0.657567
vt 0.836348 0.653785
vt 0.840126 0.650000
vt 0.875000 0.700000
vt 0.840126 0.700000
vt 0.836348 0.696215
vt 0.832568 0.692433
vt 0.828785 0.688652
vt 0.828785 0.711348
vt 0.832568 0.707567
vt 0.836348 0.703785
vt 0.840126 0.700000
vt 0.875000 0.750000
vt 0.275000 0.500000
vt 0.275000 0.534874
vt 0.271215 0.538652
vt 0.267433 0.542433
vt 0.263652 0.546215
vt 0.259874 0.550000
vt 0.240126 0.550000
vt 0.236348 0.546215
vt 0.232567 0.542433
vt 0.228785 0.538652
vt 0.125000 0.700000
vt 0.159874 0.700000
vt 0.163652 0.703785
vt 0.167433 0.707567
vt 0.171215 0.711348
vt 0.175000 0.715126
vt 0.175000 0.750000
vt 0.125000 0.750000
vt 0.325000 0.500000
vt 0.325000 0.534874
vt 0.321215 0.538652
vt 0.317433 0.542433
vt 0.313652 0.546215
vt 0.309874 0.550000
vt 0.290126 0.550000
vt 0.286348 0.546215
vt 0.282567 0.542433
vt 0.278785 0.538652
vt 0.375000 0.500000
vt 0.375000 0.550000
vt 0.340126 0.550000
vt 0.336348 0.546215
vt 0.332567 0.542433
vt 0.328785 0.538652
vt 0.325000 0.534874
vt 0.175000 0.565126
vt 0.178785 0.561348
vt 0.182567 0.557567
vt 0.186348 0.553785
vt 0.209874 0.550000
vt 0.213652 0.553785
vt 0.217433 0.557567
vt 0.221215 0.561348
vt 0.225000 0.565126
vt 0.225000 0.584874
vt 0.221215 0.588652
vt 0.217433 0.592433
vt 0.213652 0.596215
vt 0.209874 0.600000
vt 0.190126 0.600000
vt 0.186348 0.596215
vt 0.182567 0.592433
vt 0.178785 0.588652
vt 0.175000 0.584874
vt 0.125000 0.500000
vt 0.175000 0.534874
vt 0.171215 0.538652
vt 0.167433 0.542433
vt 0.163652 0.546215
vt 0.159874 0.550000
vt 0.125000 0.550000
vt 0.175000 0.665126
vt 0.178785 0.661348
vt 0.182567 0.657567
vt 0.186348 0.653785
vt 0.190126 0.650000
vt 0.209874 0.650000
vt 0.213652 0.653785
vt 0.217433 0.657567
vt 0.221215 0.661348
vt 0.225000 0.665126
vt 0.225000 0.684874
vt 0.221215 0.688652
vt 0.217433 0.692433
vt 0.213652 0.696215
vt 0.209874 0.700000
vt 0.190126 0.700000
vt 0.186348 0.696215
vt 0.182567 0.692433
vt 0.178785 0.688652
vt 0.175000 0.684874
vt 0.178785 0.711348
vt 0.182567 0.707567
vt 0.186348 0.703785
vt 0.209874 0.700000
vt 0.213652 0.703785
vt 0.217433 0.707567
vt 0.221215 0.711348
vt 0.225000 0.715126
vt 0.225000 0.750000
vt 0.163652 0.553785
vt 0.167433 0.557567
vt 0.171215 0.561348
vt 0.171215 0.588652
vt 0.167433 0.592433
vt 0.163652 0.596215
vt 0.159874 0.600000
vt 0.125000 0.600000
vt 0.175000 0.615126
vt 0.178785 0.611348
vt 0.182567 0.607567
vt 0.186348 0.603785
vt 0.209874 0.600000
vt 0.213652 0.603785
vt 0.217433 0.607567
vt 0.221215 0.611348
vt 0.225000 0.615126
vt 0.225000 0.634874
vt 0.221215 0.638652
vt 0.217433 0.642433
vt 0.213652 0.646215
vt 0.209874 0.650000
vt 0.186348 0.646215
vt 0.182567 0.642433
vt 0.178785 0.638652
vt 0.175000 0.634874
vt 0.163652 0.603785
vt 0.167433 0.607567
vt 0.171215 0.611348
vt 0.175000 0.634874
vt 0.171215 0.638652
vt 0.167433 0.642433
vt 0.163652 0.646215
vt 0.159874 0.650000
vt 0.125000 0.650000
vt 0.163652 0.653785
vt 0.167433 0.657567
vt 0.171215 0.661348
vt 0.175000 0.665126
vt 0.171215 0.688652
vt 0.167433 0.692433
vt 0.163652 0.696215
vt 0.228785 0.561348
vt 0.232567 0.557567
vt 0.236348 0.553785
vt 0.263652 0.553785
vt 0.267433 0.557567
vt 0.271215 0.561348
vt 0.275000 0.565126
vt 0.275000 0.584874
vt 0.271215 0.588652
vt 0.267433 0.592433
vt 0.263652 0.596215
vt 0.259874 0.600000
vt 0.240126 0.600000
vt 0.236348 0.596215
vt 0.232567 0.592433
vt 0.228785 0.588652
vt 0.228785 0.611348
vt 0.232567 0.607567
vt 0.236348 0.603785
vt 0.263652 0.603785
vt 0.267433 0.607567
vt 0.271215 0.611348
vt 0.275000 0.615126
vt 0.275000 0.634874
vt 0.271215 0.638652
vt 0.267433 0.642433
vt 0.263652 0.646215
vt 0.259874 0.650000
vt 0.240126 0.650000
vt 0.236348 0.646215
vt 0.232567 0.642433
vt 0.228785 0.638652
vt 0.225000 0.634874
vt 0.225000 0.665126
vt 0.228785 0.661348
vt 0.232567 0.657567
vt 0.236348 0.653785
vt 0.240126 0.650000
vt 0.263652 0.653785
vt 0.267433 0.657567
vt 0.271215 0.661348
vt 0.275000 0.665126
vt 0.275000 0.684874
vt 0.271215 0.688652
vt 0.267433 0.692433
vt 0.263652 0.696215
vt 0.259874 0.700000
vt 0.240126 0.700000
vt 0.236348 0.696215
vt 0.232567 0.692433
vt 0.228785 0.688652
vt 0.228785 0.711348
vt 0.232567 0.707567
vt 0.236348 0.703785
vt 0.240126 0.700000
vt 0.263652 0.703785
vt 0.267433 0.707567
vt 0.271215 0.711348
vt 0.275000 0.715126
vt 0.275000 0.750000
vt 0.278785 0.561348
vt 0.282567 0.557567
vt 0.286348 0.553785
vt 0.309874 0.550000
vt 0.313652 0.553785
vt 0.317433 0.557567
vt 0.321215 0.561348
vt 0.325000 0.565126
vt 0.325000 0.584874
vt 0.321215 0.588652
vt 0.317433 0.592433
vt 0.313652 0.596215
vt 0.309874 0.600000
vt 0.290126 0.600000
vt 0.286348 0.596215
vt 0.282567 0.592433
vt 0.278785 0.588652
vt 0.275000 0.615126
vt 0.278785 0.611348
vt 0.282567 0.607567
vt 0.286348 0.603785
vt 0.313652 0.603785
vt 0.317433 0.607567
vt 0.321215 0.611348
vt 0.325000 0.615126
vt 0.325000 0.634874
vt 0.321215 0.638652
vt 0.317433 0.642433
vt 0.313652 0.646215
vt 0.309874 0.650000
vt 0.290126 0.650000
vt 0.286348 0.646215
vt 0.282567 0.642433
vt 0.278785 0.638652
vt 0.275000 0.634874
vt 0.275000 0.665126
vt 0.278785 0.661348
vt 0.282567 0.657567
vt 0.286348 0.653785
vt 0.313652 0.653785
vt 0.317433 0.657567
vt 0.321215 0.661348
vt 0.325000 0.665126
vt 0.325000 0.684874
vt 0.321215 0.688652
vt 0.317433 0.692433
vt 0.313652 0.696215
vt 0.309874 0.700000
vt 0.290126 0.700000
vt 0.286348 0.696215
vt 0.282567 0.692433
vt 0.278785 0.688652
vt 0.278785 0.711348
vt 0.282567 0.707567
vt 0.286348 0.703785
vt 0.290126 0.700000
vt 0.313652 0.703785
vt 0.317433 0.707567
vt 0.321215 0.711348
vt 0.325000 0.715126
vt 0.325000 0.750000
vt 0.325000 0.565126
vt 0.328785 0.561348
vt 0.332567 0.557567
vt 0.336348 0.553785
vt 0.375000 0.600000
vt 0.340126 0.600000
vt 0.336348 0.596215
vt 0.332567 0.592433
vt 0.328785 0.588652
vt 0.325000 0.584874
vt 0.328785 0.611348
vt 0.332567 0.607567
vt 0.336348 0.603785
vt 0.375000 0.650000
vt 0.340126 0.650000
vt 0.336348 0.646215
vt 0.332567 0.642433
vt 0.328785 0.638652
vt 0.325000 0.634874
vt 0.325000 0.665126
vt 0.328785 0.661348
vt 0.332567 0.657567
vt 0.336348 0.653785
vt 0.375000 0.700000
vt 0.340126 0.700000
vt 0.336348 0.696215
vt 0.332567 0.692433
vt 0.328785 0.688652
vt 0.328785 0.711348
vt 0.332567 0.707567
vt 0.336348 0.703785
vt 0.375000 0.750000
vt 0.375000 0.950000
vt 0.425000 0.950000
vt 0.425000 1.000000
vt 0.375000 1.000000
vt 0.475000 0.014830
vt 0.478711 0.011126
vt 0.482420 0.007419
vt 0.486126 0.003711
vt 0.489830 0.000000
vt 0.510170 0.000000
vt 0.513874 0.003711
vt 0.517581 0.007419
vt 0.521289 0.011126
vt 0.525000 0.014830
vt 0.525000 0.035170
vt 0.521289 0.038874
vt 0.517581 0.042581
vt 0.513874 0.046289
vt 0.510170 0.050000
vt 0.489830 0.050000
vt 0.486126 0.046289
vt 0.482419 0.042581
vt 0.478711 0.038874
vt 0.475000 0.035170
vt 0.528711 0.011126
vt 0.532419 0.007419
vt 0.536126 0.003711
vt 0.539830 0.000000
vt 0.575000 0.000000
vt 0.575000 0.050000
vt 0.539830 0.050000
vt 0.536126 0.046289
vt 0.532419 0.042581
vt 0.528711 0.038874
vt 0.525000 0.214830
vt 0.528711 0.211126
vt 0.532419 0.207419
vt 0.536126 0.203711
vt 0.539830 0.200000
vt 0.539830 0.250000
vt 0.536126 0.246289
vt 0.532419 0.242581
vt 0.528711 0.238874
vt 0.525000 0.235170
vt 0.425000 0.750000
vt 0.425000 0.800000
vt 0.375000 0.800000
vt 0.425000 0.850000
vt 0.375000 0.850000
vt 0.425000 0.900000
vt 0.375000 0.900000
vt 0.475000 0.814830
vt 0.478711 0.811126
vt 0.482419 0.807420
vt 0.486126 0.803711
vt 0.489830 0.800000
vt 0.510170 0.800000
vt 0.513874 0.803711
vt 0.517581 0.807420
vt 0.521289 0.811126
vt 0.525000 0.814830
vt 0.525000 0.835170
vt 0.521289 0.838874
vt 0.517581 0.842581
vt 0.513874 0.846289
vt 0.510170 0.850000
vt 0.489830 0.850000
vt 0.486126 0.846289
vt 0.482419 0.842581
vt 0.478711 0.838874
vt 0.475000 0.835170
vt 0.475000 0.864830
vt 0.478711 0.861126
vt 0.482419 0.857419
vt 0.486126 0.853711
vt 0.513874 0.853711
vt 0.517581 0.857419
vt 0.521289 0.861126
vt 0.525000 0.864830
vt 0.525000 0.885170
vt 0.521289 0.888874
vt 0.517581 0.892581
vt 0.513874 0.896289
vt 0.510170 0.900000
vt 0.489830 0.900000
vt 0.486126 0.896289
vt 0.482419 0.892581
vt 0.478711 0.888874
vt 0.475000 0.885170
vt 0.475000 0.914830
vt 0.478711 0.911126
vt 0.482419 0.907419
vt 0.486126 0.903711
vt 0.513874 0.903711
vt 0.517581 0.907419
vt 0.521289 0.911126
vt 0.525000 0.914830
vt 0.525000 0.935170
vt 0.521289 0.938874
vt 0.517581 0.942580
vt 0.513874 0.946289
vt 0.510170 0.950000
vt 0.489830 0.950000
vt 0.486126 0.946289
vt 0.482419 0.942581
vt 0.478711 0.938874
vt 0.475000 0.935170
vt 0.528711 0.811126
vt 0.532419 0.807419
vt 0.536126 0.803711
vt 0.539830 0.800000
vt 0.575000 0.800000
vt 0.575000 0.850000
vt 0.539830 0.850000
vt 0.536126 0.846289
vt 0.532419 0.842581
vt 0.528711 0.838874
vt 0.525000 0.835170
vt 0.425000 0.700000
vt 0.460170 0.700000
vt 0.463874 0.703711
vt 0.467580 0.707420
vt 0.471289 0.711126
vt 0.475000 0.714830
vt 0.475000 0.735170
vt 0.471289 0.738874
vt 0.467580 0.742581
vt 0.463874 0.746289
vt 0.460170 0.750000
vt 0.460170 0.800000
vt 0.463874 0.803711
vt 0.467580 0.807419
vt 0.471289 0.811126
vt 0.475000 0.814830
vt 0.475000 0.835170
vt 0.471289 0.838874
vt 0.467580 0.842581
vt 0.463874 0.846289
vt 0.460170 0.850000
vt 0.460170 0.850000
vt 0.463874 0.853711
vt 0.467580 0.857419
vt 0.471289 0.861126
vt 0.471289 0.888874
vt 0.467580 0.892581
vt 0.463874 0.896289
vt 0.460170 0.900000
vt 0.463874 0.903711
vt 0.467580 0.907419
vt 0.471289 0.911126
vt 0.475000 0.914830
vt 0.475000 0.935170
vt 0.471289 0.938874
vt 0.467580 0.942581
vt 0.463874 0.946289
vt 0.460170 0.950000
vt 0.478711 0.711126
vt 0.482419 0.707420
vt 0.486126 0.703711
vt 0.489830 0.700000
vt 0.510170 0.700000
vt 0.513874 0.703711
vt 0.517581 0.707420
vt 0.521289 0.711126
vt 0.525000 0.714830
vt 0.525000 0.735170
vt 0.521289 0.738874
vt 0.517581 0.742581
vt 0.513874 0.746289
vt 0.510170 0.750000
vt 0.489830 0.750000
vt 0.486126 0.746289
vt 0.482419 0.742581
vt 0.478711 0.738874
vt 0.528711 0.861126
vt 0.532419 0.857419
vt 0.536126 0.853711
vt 0.539830 0.850000
vt 0.575000 0.900000
vt 0.539830 0.900000
vt 0.536126 0.896289
vt 0.532419 0.892581
vt 0.528711 0.888874
vt 0.525000 0.914830
vt 0.528711 0.911126
vt 0.532419 0.907419
vt 0.536126 0.903711
vt 0.539830 0.950000
vt 0.536126 0.946289
vt 0.532419 0.942580
vt 0.528711 0.938874
vt 0.475000 0.564830
vt 0.478711 0.561126
vt 0.482419 0.557420
vt 0.486126 0.553711
vt 0.489830 0.550000
vt 0.510170 0.550000
vt 0.513874 0.553711
vt 0.517581 0.557420
vt 0.521289 0.561126
vt 0.525000 0.564830
vt 0.525000 0.585170
vt 0.521289 0.588874
vt 0.517581 0.592581
vt 0.513874 0.596289
vt 0.510170 0.600000
vt 0.489830 0.600000
vt 0.486126 0.596289
vt 0.482419 0.592581
vt 0.478711 0.588874
vt 0.475000 0.585170
vt 0.625000 0.800000
vt 0.625000 0.850000
vt 0.625000 0.900000
vt 0.460170 0.750000
vt 0.463874 0.753711
vt 0.467580 0.757419
vt 0.471289 0.761126
vt 0.475000 0.764830
vt 0.475000 0.785170
vt 0.471289 0.788874
vt 0.467580 0.792581
vt 0.463874 0.796289
vt 0.460170 0.800000
vt 0.478711 0.761126
vt 0.482419 0.757419
vt 0.486126 0.753711
vt 0.513874 0.753711
vt 0.517581 0.757419
vt 0.521289 0.761126
vt 0.525000 0.764830
vt 0.525000 0.785170
vt 0.521289 0.788874
vt 0.517581 0.792581
vt 0.513874 0.796289
vt 0.486126 0.796289
vt 0.482419 0.792581
vt 0.478711 0.788874
vt 0.528711 0.761126
vt 0.532419 0.757419
vt 0.536126 0.753711
vt 0.539830 0.750000
vt 0.539830 0.800000
vt 0.536126 0.796289
vt 0.532419 0.792581
vt 0.528711 0.788874
vt 0.425000 0.500000
vt 0.425000 0.550000
vt 0.425000 0.600000
vt 0.425000 0.650000
vt 0.528711 0.711126
vt 0.532419 0.707420
vt 0.536126 0.703711
vt 0.539830 0.700000
vt 0.539830 0.750000
vt 0.536126 0.746289
vt 0.532419 0.742581
vt 0.528711 0.738874
vt 0.475000 0.614830
vt 0.478711 0.611126
vt 0.482419 0.607419
vt 0.486126 0.603711
vt 0.513874 0.603711
vt 0.517581 0.607419
vt 0.521289 0.611126
vt 0.525000 0.614830
vt 0.525000 0.635170
vt 0.521289 0.638874
vt 0.517581 0.642581
vt 0.513874 0.646289
vt 0.510170 0.650000
vt 0.489830 0.650000
vt 0.486126 0.646289
vt 0.482419 0.642581
vt 0.478711 0.638874
vt 0.475000 0.635170
vt 0.475000 0.664830
vt 0.478711 0.661126
vt 0.482419 0.657420
vt 0.486126 0.653711
vt 0.513874 0.653711
vt 0.517581 0.657420
vt 0.521289 0.661126
vt 0.525000 0.664830
vt 0.525000 0.685170
vt 0.521289 0.688874
vt 0.517581 0.692581
vt 0.513874 0.696289
vt 0.486126 0.696289
vt 0.482419 0.692581
vt 0.478711 0.688874
vt 0.475000 0.685170
vt 0.528711 0.561126
vt 0.532419 0.557419
vt 0.536126 0.553711
vt 0.539830 0.550000
vt 0.575000 0.550000
vt 0.575000 0.600000
vt 0.539830 0.600000
vt 0.536126 0.596289
vt 0.532419 0.592581
vt 0.528711 0.588874
vt 0.425000 0.450000
vt 0.460170 0.450000
vt 0.463874 0.453711
vt 0.467580 0.457419
vt 0.471289 0.461126
vt 0.475000 0.464830
vt 0.475000 0.485170
vt 0.471289 0.488874
vt 0.467580 0.492581
vt 0.463874 0.496289
vt 0.460170 0.500000
vt 0.460170 0.550000
vt 0.463874 0.553711
vt 0.467580 0.557419
vt 0.471289 0.561126
vt 0.471289 0.588874
vt 0.467580 0.592581
vt 0.463874 0.596289
vt 0.460170 0.600000
vt 0.463874 0.603711
vt 0.467580 0.607419
vt 0.471289 0.611126
vt 0.471289 0.638874
vt 0.467580 0.642581
vt 0.463874 0.646289
vt 0.460170 0.650000
vt 0.463874 0.653711
vt 0.467580 0.657420
vt 0.471289 0.661126
vt 0.475000 0.664830
vt 0.471289 0.688874
vt 0.467580 0.692581
vt 0.463874 0.696289
vt 0.478711 0.461126
vt 0.482419 0.457419
vt 0.486126 0.453711
vt 0.489830 0.450000
vt 0.510170 0.450000
vt 0.513874 0.453711
vt 0.517581 0.457419
vt 0.521289 0.461126
vt 0.525000 0.464830
vt 0.525000 0.485170
vt 0.521289 0.488874
vt 0.517581 0.492581
vt 0.513874 0.496289
vt 0.510170 0.500000
vt 0.489830 0.500000
vt 0.486126 0.496289
vt 0.482419 0.492581
vt 0.478711 0.488874
vt 0.528711 0.611126
vt 0.532419 0.607419
vt 0.536126 0.603711
vt 0.539830 0.600000
vt 0.575000 0.650000
vt 0.539830 0.650000
vt 0.536126 0.646289
vt 0.532419 0.642581
vt 0.528711 0.638874
vt 0.525000 0.664830
vt 0.528711 0.661126
vt 0.532419 0.657420
vt 0.536126 0.653711
vt 0.536126 0.696289
vt 0.532419 0.692581
vt 0.528711 0.688874
vt 0.475000 0.314830
vt 0.478711 0.311126
vt 0.482419 0.307419
vt 0.486126 0.303711
vt 0.489830 0.300000
vt 0.510170 0.300000
vt 0.513874 0.303711
vt 0.517581 0.307420
vt 0.521289 0.311126
vt 0.525000 0.314830
vt 0.525000 0.335170
vt 0.521289 0.338874
vt 0.517581 0.342581
vt 0.513874 0.346289
vt 0.510170 0.350000
vt 0.489830 0.350000
vt 0.486126 0.346289
vt 0.482419 0.342581
vt 0.478711 0.338874
vt 0.475000 0.335170
vt 0.375000 0.450000
vt 0.463874 0.503711
vt 0.467580 0.507420
vt 0.471289 0.511126
vt 0.475000 0.514830
vt 0.475000 0.535170
vt 0.471289 0.538874
vt 0.467580 0.542581
vt 0.463874 0.546289
vt 0.460170 0.550000
vt 0.478711 0.511126
vt 0.482419 0.507419
vt 0.486126 0.503711
vt 0.513874 0.503711
vt 0.517581 0.507420
vt 0.521289 0.511126
vt 0.525000 0.514830
vt 0.525000 0.535170
vt 0.521289 0.538874
vt 0.517581 0.542581
vt 0.513874 0.546289
vt 0.486126 0.546289
vt 0.482419 0.542581
vt 0.478711 0.538874
vt 0.528711 0.511126
vt 0.532419 0.507419
vt 0.536126 0.503711
vt 0.539830 0.500000
vt 0.539830 0.550000
vt 0.536126 0.546289
vt 0.532419 0.542581
vt 0.528711 0.538874
vt 0.375000 0.250000
vt 0.425000 0.250000
vt 0.425000 0.300000
vt 0.375000 0.300000
vt 0.425000 0.350000
vt 0.375000 0.350000
vt 0.425000 0.400000
vt 0.375000 0.400000
vt 0.528711 0.461126
vt 0.532419 0.457419
vt 0.536126 0.453711
vt 0.539830 0.450000
vt 0.539830 0.500000
vt 0.536126 0.496289
vt 0.532419 0.492581
vt 0.528711 0.488874
vt 0.475000 0.364830
vt 0.478711 0.361126
vt 0.482419 0.357419
vt 0.486126 0.353711
vt 0.513874 0.353711
vt 0.517581 0.357419
vt 0.521289 0.361126
vt 0.525000 0.364830
vt 0.525000 0.385170
vt 0.521289 0.388874
vt 0.517581 0.392581
vt 0.513874 0.396289
vt 0.510170 0.400000
vt 0.489830 0.400000
vt 0.486126 0.396289
vt 0.482419 0.392581
vt 0.478711 0.388874
vt 0.475000 0.385170
vt 0.475000 0.414830
vt 0.478711 0.411126
vt 0.482419 0.407419
vt 0.486126 0.403711
vt 0.513874 0.403711
vt 0.517581 0.407419
vt 0.521289 0.411126
vt 0.525000 0.414830
vt 0.525000 0.435170
vt 0.521289 0.438874
vt 0.517581 0.442581
vt 0.513874 0.446289
vt 0.486126 0.446289
vt 0.482419 0.442581
vt 0.478711 0.438874
vt 0.475000 0.435170
vt 0.528711 0.311126
vt 0.532419 0.307419
vt 0.536126 0.303711
vt 0.539830 0.300000
vt 0.575000 0.300000
vt 0.575000 0.350000
vt 0.539830 0.350000
vt 0.536126 0.346289
vt 0.532419 0.342581
vt 0.528711 0.338874
vt 0.425000 0.200000
vt 0.460170 0.200000
vt 0.463874 0.203711
vt 0.467580 0.207419
vt 0.471289 0.211126
vt 0.475000 0.214830
vt 0.475000 0.235170
vt 0.471289 0.238874
vt 0.467580 0.242581
vt 0.463874 0.246289
vt 0.460170 0.250000
vt 0.460170 0.300000
vt 0.463874 0.303711
vt 0.467580 0.307419
vt 0.471289 0.311126
vt 0.471289 0.338874
vt 0.467580 0.342581
vt 0.463874 0.346289
vt 0.460170 0.350000
vt 0.463874 0.353711
vt 0.467580 0.357419
vt 0.471289 0.361126
vt 0.471289 0.388874
vt 0.467580 0.392581
vt 0.463874 0.396289
vt 0.460170 0.400000
vt 0.460170 0.400000
vt 0.463874 0.403711
vt 0.467580 0.407419
vt 0.471289 0.411126
vt 0.475000 0.414830
vt 0.471289 0.438874
vt 0.467580 0.442581
vt 0.463874 0.446289
vt 0.478711 0.211126
vt 0.482419 0.207419
vt 0.486126 0.203711
vt 0.489830 0.200000
vt 0.510170 0.200000
vt 0.513874 0.203711
vt 0.517581 0.207419
vt 0.521289 0.211126
vt 0.521289 0.238874
vt 0.517581 0.242581
vt 0.513874 0.246289
vt 0.510170 0.250000
vt 0.489830 0.250000
vt 0.486126 0.246289
vt 0.482419 0.242581
vt 0.478711 0.238874
vt 0.528711 0.361126
vt 0.532419 0.357419
vt 0.536126 0.353711
vt 0.539830 0.350000
vt 0.575000 0.400000
vt 0.539830 0.400000
vt 0.536126 0.396289
vt 0.532419 0.392581
vt 0.528711 0.388874
vt 0.525000 0.414830
vt 0.528711 0.411126
vt 0.532419 0.407419
vt 0.536126 0.403711
vt 0.539830 0.400000
vt 0.536126 0.446289
vt 0.532419 0.442581
vt 0.528711 0.438874
vt 0.475000 0.064830
vt 0.478711 0.061126
vt 0.482420 0.057419
vt 0.486126 0.053711
vt 0.513874 0.053711
vt 0.517581 0.057419
vt 0.521289 0.061126
vt 0.525000 0.064830
vt 0.525000 0.085170
vt 0.521289 0.088874
vt 0.517581 0.092581
vt 0.513874 0.096289
vt 0.510170 0.100000
vt 0.489830 0.100000
vt 0.486126 0.096289
vt 0.482419 0.092581
vt 0.478711 0.088874
vt 0.475000 0.085170
vt 0.625000 0.300000
vt 0.625000 0.350000
vt 0.625000 0.400000
vt 0.375000 0.200000
vt 0.463874 0.253711
vt 0.467580 0.257419
vt 0.471289 0.261126
vt 0.475000 0.264830
vt 0.475000 0.285170
vt 0.471289 0.288874
vt 0.467580 0.292581
vt 0.463874 0.296289
vt 0.478711 0.261126
vt 0.482419 0.257419
vt 0.486126 0.253711
vt 0.513874 0.253711
vt 0.517581 0.257419
vt 0.521289 0.261126
vt 0.525000 0.264830
vt 0.525000 0.285170
vt 0.521289 0.288874
vt 0.517581 0.292581
vt 0.513874 0.296289
vt 0.486126 0.296289
vt 0.482419 0.292581
vt 0.478711 0.288874
vt 0.528711 0.261126
vt 0.532419 0.257419
vt 0.536126 0.253711
vt 0.539830 0.250000
vt 0.539830 0.300000
vt 0.536126 0.296289
vt 0.532419 0.292581
vt 0.528711 0.288874
vt 0.375000 0.000000
vt 0.425000 0.000000
vt 0.425000 0.050000
vt 0.375000 0.050000
vt 0.425000 0.100000
vt 0.375000 0.100000
vt 0.425000 0.150000
vt 0.375000 0.150000
vt 0.460170 0.950000
vt 0.463874 0.953711
vt 0.467581 0.957419
vt 0.471289 0.961126
vt 0.475000 0.964830
vt 0.475000 0.985170
vt 0.471289 0.988874
vt 0.467581 0.992581
vt 0.463874 0.996289
vt 0.460170 1.000000
vt 0.475000 0.114830
vt 0.478711 0.111126
vt 0.482419 0.107419
vt 0.486126 0.103711
vt 0.513874 0.103711
vt 0.517581 0.107419
vt 0.521289 0.111126
vt 0.525000 0.114830
vt 0.525000 0.135170
vt 0.521289 0.138874
vt 0.517581 0.142581
vt 0.513874 0.146289
vt 0.510170 0.150000
vt 0.489830 0.150000
vt 0.486126 0.146289
vt 0.482419 0.142581
vt 0.478711 0.138874
vt 0.475000 0.135170
vt 0.475000 0.164830
vt 0.478711 0.161126
vt 0.482419 0.157419
vt 0.486126 0.153711
vt 0.513874 0.153711
vt 0.517581 0.157419
vt 0.521289 0.161126
vt 0.525000 0.164830
vt 0.525000 0.185170
vt 0.521289 0.188874
vt 0.517581 0.192581
vt 0.513874 0.196289
vt 0.486126 0.196289
vt 0.482419 0.192581
vt 0.478711 0.188874
vt 0.475000 0.185170
vt 0.528711 0.061126
vt 0.532419 0.057419
vt 0.536126 0.053711
vt 0.539830 0.050000
vt 0.575000 0.100000
vt 0.539830 0.100000
vt 0.536126 0.096289
vt 0.532419 0.092581
vt 0.528711 0.088874
vt 0.478711 0.961126
vt 0.482419 0.957419
vt 0.486126 0.953711
vt 0.513874 0.953711
vt 0.517581 0.957419
vt 0.521289 0.961126
vt 0.525000 0.964830
vt 0.525000 0.985170
vt 0.521289 0.988874
vt 0.517581 0.992581
vt 0.513874 0.996289
vt 0.510170 1.000000
vt 0.489830 1.000000
vt 0.486126 0.996289
vt 0.482419 0.992581
vt 0.478711 0.988874
vt 0.460170 0.050000
vt 0.463874 0.053711
vt 0.467581 0.057419
vt 0.471289 0.061126
vt 0.471289 0.088874
vt 0.467581 0.092581
vt 0.463874 0.096289
vt 0.460170 0.100000
vt 0.460170 0.100000
vt 0.463874 0.103711
vt 0.467581 0.107419
vt 0.471289 0.111126
vt 0.471289 0.138874
vt 0.467580 0.142581
vt 0.463874 0.146289
vt 0.460170 0.150000
vt 0.460170 0.150000
vt 0.463874 0.153711
vt 0.467580 0.157419
vt 0.471289 0.161126
vt 0.475000 0.164830
vt 0.475000 0.185170
vt 0.471289 0.188874
vt 0.467580 0.192581
vt 0.463874 0.196289
vt 0.460170 0.200000
vt 0.528711 0.961126
vt 0.532419 0.957419
vt 0.536126 0.953711
vt 0.539830 0.950000
vt 0.539830 1.000000
vt 0.536126 0.996289
vt 0.532419 0.992581
vt 0.528711 0.988874
vt 0.528711 0.111126
vt 0.532419 0.107419
vt 0.536126 0.103711
vt 0.539830 0.100000
vt 0.575000 0.150000
vt 0.539830 0.150000
vt 0.536126 0.146289
vt 0.532419 0.142581
vt 0.528711 0.138874
vt 0.528711 0.161126
vt 0.532419 0.157419
vt 0.536126 0.153711
vt 0.539830 0.200000
vt 0.536126 0.196289
vt 0.532419 0.192581
vt 0.528711 0.188874
vt 0.525000 0.185170
vt 0.625000 0.000000
vt 0.625000 0.050000
vt 0.625000 0.100000
vt 0.625000 0.150000
vt 0.713652 0.546215
vt 0.717432 0.542433
vt 0.709874 0.550000
vt 0.678785 0.538652
vt 0.682567 0.542433
vt 0.686348 0.546215
vt 0.690126 0.550000
vt 0.721215 0.538652
vt 0.725000 0.534874
vt 0.460170 0.000000
vt 0.463874 0.003711
vt 0.467581 0.007419
vt 0.471289 0.011126
vt 0.471289 0.038874
vt 0.467581 0.042581
vt 0.463874 0.046289
vt 0.460170 0.050000
s 0
f 80/1/1 18/2/1 4/3/1 19/4/1
f 72/5/2 28/6/2 8/7/2 29/8/2
f 64/9/3 38/10/3 6/11/3 39/12/3
f 56/13/4 48/14/4 2/15/4 14/16/4
f 24/17/5 23/18/5 404/19/5 416/20/5 412/21/5 411/22/5 403/23/5 337/24/5 343/25/5 351/26/5 350/27/5 340/28/5
f 27/29/6 26/30/6 212/31/6 224/32/6 220/33/6 219/34/6 211/35/6 145/36/6 151/37/6 159/38/6 158/39/6 148/40/6
f 38/10/6 130/41/6 138/42/6 134/43/6 133/44/6 129/45/6 45/46/6 6/11/6
f 26/30/6 25/47/6 276/48/6 288/49/6 284/50/6 283/51/6 275/52/6 209/53/6 215/54/6 223/55/6 222/56/6 212/31/6
f 25/47/6 4/57/6 18/58/6 273/59/6 279/60/6 287/61/6 286/62/6 276/48/6
f 82/63/6 90/64/6 86/65/6 85/66/6 81/67/6 147/68/6 157/69/6 153/70/6 152/71/6 146/72/6 164/73/6 176/74/6 172/75/6 171/76/6 163/77/6 97/78/6 103/79/6 111/80/6 110/81/6 100/82/6
f 8/7/6 28/83/6 84/84/6 96/85/6 92/86/6 91/87/6 83/88/6 35/89/6
f 114/90/6 122/91/6 118/92/6 117/93/6 113/94/6 179/95/6 189/96/6 185/97/6 184/98/6 178/99/6 195/100/6 205/101/6 201/102/6 200/103/6 194/104/6 132/105/6 144/106/6 140/107/6 139/108/6 131/109/6
f 129/45/6 135/110/6 143/111/6 142/112/6 132/105/6 194/113/6 202/114/6 198/115/6 197/116/6 193/117/6 46/118/6 45/46/6
f 35/89/6 83/88/6 93/119/6 89/120/6 88/121/6 82/63/6 100/82/6 112/122/6 108/123/6 107/124/6 99/125/6 36/126/6
f 98/127/6 106/128/6 102/129/6 101/130/6 97/131/6 163/132/6 173/133/6 169/134/6 168/135/6 162/136/6 180/137/6 192/138/6 188/139/6 187/140/6 179/141/6 113/142/6 119/143/6 127/144/6 126/145/6 116/146/6
f 36/126/6 99/125/6 109/147/6 105/148/6 104/149/6 98/127/6 116/150/6 128/151/6 124/152/6 123/153/6 115/154/6 37/155/6
f 37/155/6 115/154/6 125/156/6 121/157/6 120/158/6 114/159/6 131/109/6 141/160/6 137/161/6 136/162/6 130/41/6 38/10/6
f 146/72/6 154/163/6 150/164/6 149/165/6 145/36/6 211/166/6 221/167/6 217/168/6 216/169/6 210/170/6 228/171/6 240/172/6 236/173/6 235/174/6 227/175/6 161/176/6 167/177/6 175/178/6 174/179/6 164/73/6
f 162/136/6 170/180/6 166/181/6 165/182/6 161/176/6 227/183/6 237/184/6 233/185/6 232/186/6 226/187/6 244/188/6 256/189/6 252/190/6 251/191/6 243/192/6 177/193/6 183/194/6 191/195/6 190/196/6 180/197/6
f 178/198/6 186/199/6 182/200/6 181/201/6 177/202/6 243/192/6 253/203/6 249/204/6 248/205/6 242/206/6 259/207/6 269/208/6 265/209/6 264/210/6 258/211/6 196/212/6 208/213/6 204/214/6 203/215/6 195/216/6
f 193/117/6 199/217/6 207/218/6 206/219/6 196/212/6 258/211/6 266/220/6 262/221/6 261/222/6 257/223/6 47/224/6 46/118/6
f 210/170/6 218/225/6 214/226/6 213/227/6 209/228/6 275/52/6 285/229/6 281/230/6 280/231/6 274/232/6 292/233/6 304/234/6 300/235/6 299/236/6 291/237/6 225/238/6 231/239/6 239/240/6 238/241/6 228/171/6
f 226/187/6 234/242/6 230/243/6 229/244/6 225/245/6 291/237/6 301/246/6 297/247/6 296/248/6 290/249/6 308/250/6 320/251/6 316/252/6 315/253/6 307/254/6 241/255/6 247/256/6 255/257/6 254/258/6 244/259/6
f 242/260/6 250/261/6 246/262/6 245/263/6 241/264/6 307/265/6 317/266/6 313/267/6 312/268/6 306/269/6 323/270/6 333/271/6 329/272/6 328/273/6 322/274/6 260/275/6 272/276/6 268/277/6 267/278/6 259/207/6
f 257/223/6 263/279/6 271/280/6 270/281/6 260/282/6 322/274/6 330/283/6 326/284/6 325/285/6 321/286/6 48/287/6 47/224/6
f 274/232/6 282/288/6 278/289/6 277/290/6 273/291/6 18/58/6 17/292/6 289/293/6 295/294/6 303/295/6 302/296/6 292/233/6
f 290/249/6 298/297/6 294/298/6 293/299/6 289/300/6 17/292/6 16/301/6 305/302/6 311/303/6 319/304/6 318/305/6 308/306/6
f 306/307/6 314/308/6 310/309/6 309/310/6 305/311/6 16/301/6 15/312/6 324/313/6 336/314/6 332/315/6 331/316/6 323/270/6
f 321/286/6 327/317/6 335/318/6 334/319/6 324/320/6 15/312/6 2/321/6 48/287/6
f 23/18/5 22/322/5 468/323/5 480/324/5 476/325/5 475/326/5 467/327/5 401/328/5 407/329/5 415/330/5 414/331/5 404/19/5
f 12/332/5 386/333/5 394/334/5 390/335/5 389/336/5 385/337/5 41/338/5 1/339/5
f 22/322/5 21/340/5 532/341/5 544/342/5 540/343/5 539/344/5 531/345/5 465/346/5 471/347/5 479/348/5 478/349/5 468/323/5
f 21/340/5 7/350/5 34/351/5 529/352/5 535/353/5 543/354/5 542/355/5 532/356/5
f 338/357/5 346/358/5 342/359/5 341/360/5 337/24/5 403/361/5 413/362/5 409/363/5 408/364/5 402/365/5 420/366/5 432/367/5 428/368/5 427/369/5 419/370/5 353/371/5 359/372/5 367/373/5 366/374/5 356/375/5
f 3/376/5 24/17/5 340/377/5 352/378/5 348/379/5 347/380/5 339/381/5 9/382/5
f 370/383/5 378/384/5 374/385/5 373/386/5 369/387/5 435/388/5 445/389/5 441/390/5 440/391/5 434/392/5 451/393/5 461/394/5 457/395/5 456/396/5 450/397/5 388/398/5 400/399/5 396/400/5 395/401/5 387/402/5
f 385/337/5 391/403/5 399/404/5 398/405/5 388/398/5 450/406/5 458/407/5 454/408/5 453/409/5 449/410/5 42/411/5 41/338/5
f 9/382/5 339/381/5 349/412/5 345/413/5 344/414/5 338/357/5 356/375/5 368/415/5 364/416/5 363/417/5 355/418/5 10/419/5
f 354/420/5 362/421/5 358/422/5 357/423/5 353/371/5 419/424/5 429/425/5 425/426/5 424/427/5 418/428/5 436/429/5 448/430/5 444/431/5 443/432/5 435/433/5 369/387/5 375/434/5 383/435/5 382/436/5 372/437/5
f 10/419/5 355/418/5 365/438/5 361/439/5 360/440/5 354/420/5 372/441/5 384/442/5 380/443/5 379/444/5 371/445/5 11/446/5
f 11/446/5 371/445/5 381/447/5 377/448/5 376/449/5 370/450/5 387/402/5 397/451/5 393/452/5 392/453/5 386/333/5 12/332/5
f 402/365/5 410/454/5 406/455/5 405/456/5 401/328/5 467/327/5 477/457/5 473/458/5 472/459/5 466/460/5 484/461/5 496/462/5 492/463/5 491/464/5 483/465/5 417/466/5 423/467/5 431/468/5 430/469/5 420/366/5
f 418/428/5 426/470/5 422/471/5 421/472/5 417/466/5 483/465/5 493/473/5 489/474/5 488/475/5 482/476/5 500/477/5 512/478/5 508/479/5 507/480/5 499/481/5 433/482/5 439/483/5 447/484/5 446/485/5 436/486/5
f 434/487/5 442/488/5 438/489/5 437/490/5 433/491/5 499/481/5 509/492/5 505/493/5 504/494/5 498/495/5 515/496/5 525/497/5 521/498/5 520/499/5 514/500/5 452/501/5 464/502/5 460/503/5 459/504/5 451/393/5
f 449/410/5 455/505/5 463/506/5 462/507/5 452/508/5 514/500/5 522/509/5 518/510/5 517/511/5 513/512/5 43/513/5 42/411/5
f 466/460/5 474/514/5 470/515/5 469/516/5 465/346/5 531/517/5 541/518/5 537/519/5 536/520/5 530/521/5 548/522/5 560/523/5 556/524/5 555/525/5 547/526/5 481/527/5 487/528/5 495/529/5 494/530/5 484/461/5
f 482/531/5 490/532/5 486/533/5 485/534/5 481/527/5 547/526/5 557/535/5 553/536/5 552/537/5 546/538/5 564/539/5 576/540/5 572/541/5 571/542/5 563/543/5 497/544/5 503/545/5 511/546/5 510/547/5 500/548/5
f 498/549/5 506/550/5 502/551/5 501/552/5 497/544/5 563/543/5 573/553/5 569/554/5 568/555/5 562/556/5 579/557/5 589/558/5 585/559/5 584/560/5 578/561/5 516/562/5 528/563/5 524/564/5 523/565/5 515/496/5
f 513/512/5 519/566/5 527/567/5 526/568/5 516/569/5 578/561/5 586/570/5 582/571/5 581/572/5 577/573/5 44/574/5 43/513/5
f 530/575/5 538/576/5 534/577/5 533/578/5 529/352/5 34/351/5 33/579/5 545/580/5 551/581/5 559/582/5 558/583/5 548/584/5
f 546/538/5 554/585/5 550/586/5 549/587/5 545/580/5 33/579/5 32/588/5 561/589/5 567/590/5 575/591/5 574/592/5 564/593/5
f 562/594/5 570/595/5 566/596/5 565/597/5 561/589/5 32/588/5 31/598/5 580/599/5 592/600/5 588/601/5 587/602/5 579/557/5
f 577/573/5 583/603/5 591/604/5 590/605/5 580/599/5 31/598/5 5/606/5 44/574/5
f 41/607/4 52/608/4 13/609/4 1/610/4
f 1108/611/1 1120/612/1 1116/613/1 1115/614/1 1107/615/1 1121/616/1 1127/617/1 1135/618/1 1134/619/1 1124/620/1 1684/621/1 1696/622/1 1692/623/1 1691/624/1 1683/625/1 1617/626/1 1623/627/1 1631/628/1 1630/629/1 1620/630/1
f 1124/620/1 1136/631/1 1132/632/1 1131/633/1 1123/634/1 14/635/1 77/636/1 1681/637/1 1687/638/1 1695/639/1 1694/640/1 1684/621/1
f 1729/641/1 1735/642/1 1743/643/1 1742/644/1 1732/645/1 80/1/1 19/4/1 1137/646/1 1143/647/1 1151/648/1 1150/649/1 1140/650/1
f 5/606/4 40/651/4 49/652/4 44/653/4
f 44/653/4 49/652/4 50/654/4 43/655/4
f 43/655/4 50/654/4 51/656/4 42/657/4
f 42/657/4 51/656/4 52/608/4 41/607/4
f 1234/658/4 1242/659/4 1238/660/4 1237/661/4 1233/662/4 1299/663/4 1309/664/4 1305/665/4 1304/666/4 1298/667/4 1316/668/4 1328/669/4 1324/670/4 1323/671/4 1315/672/4 1249/673/4 1255/674/4 1263/675/4 1262/676/4 1252/677/4
f 1250/678/4 1258/679/4 1254/680/4 1253/681/4 1249/673/4 1315/672/4 1325/682/4 1321/683/4 1320/684/4 1314/685/4 1332/686/4 1344/687/4 1340/688/4 1339/689/4 1331/690/4 1265/691/4 1271/692/4 1279/693/4 1278/694/4 1268/695/4
f 1266/696/4 1274/697/4 1270/698/4 1269/699/4 1265/691/4 1331/690/4 1341/700/4 1337/701/4 1336/702/4 1330/703/4 1347/704/4 1357/705/4 1353/706/4 1352/707/4 1346/708/4 1284/709/4 1296/710/4 1292/711/4 1291/712/4 1283/713/4
f 1298/667/4 1306/714/4 1302/715/4 1301/716/4 1297/717/4 53/718/4 54/719/4 1313/720/4 1319/721/4 1327/722/4 1326/723/4 1316/724/4
f 60/725/3 1410/726/3 1418/727/3 1414/728/3 1413/729/3 1409/730/3 1220/731/3 1232/732/3 1228/733/3 1227/734/3 1219/735/3 40/651/3
f 49/652/4 1235/736/4 1245/737/4 1241/738/4 1240/739/4 1234/740/4 1252/741/4 1264/742/4 1260/743/4 1259/744/4 1251/745/4 50/654/4
f 50/654/4 1251/746/4 1261/747/4 1257/748/4 1256/749/4 1250/678/4 1268/695/4 1280/750/4 1276/751/4 1275/752/4 1267/753/4 51/656/4
f 51/656/4 1267/753/4 1277/754/4 1273/755/4 1272/756/4 1266/757/4 1283/758/4 1293/759/4 1289/760/4 1288/761/4 1282/762/4 52/608/4
f 1409/730/3 1415/763/3 1423/764/3 1422/765/3 1412/766/3 1474/767/3 1482/768/3 1478/769/3 1477/770/3 1473/771/3 1204/772/3 1216/773/3 1212/774/3 1211/775/3 1203/776/3 1217/777/3 1223/778/3 1231/779/3 1230/780/3 1220/731/3
f 1314/685/4 1322/781/4 1318/782/4 1317/783/4 1313/784/4 54/719/4 55/785/4 1329/786/4 1335/787/4 1343/788/4 1342/789/4 1332/686/4
f 1330/790/4 1338/791/4 1334/792/4 1333/793/4 1329/786/4 55/785/4 56/13/4 1348/794/4 1360/795/4 1356/796/4 1355/797/4 1347/704/4
f 1362/798/3 1370/799/3 1366/800/3 1365/801/3 1361/802/3 1427/803/3 1437/804/3 1433/805/3 1432/806/3 1426/807/3 1444/808/3 1456/809/3 1452/810/3 1451/811/3 1443/812/3 1377/813/3 1383/814/3 1391/815/3 1390/816/3 1380/817/3
f 39/12/4 6/11/4 45/818/4 53/718/4
f 53/718/4 45/818/4 46/819/4 54/719/4
f 54/719/4 46/819/4 47/820/4 55/785/4
f 55/785/4 47/820/4 48/14/4 56/13/4
f 31/598/3 60/725/3 40/651/3 5/606/3
f 40/651/4 1219/821/4 1229/822/4 1225/823/4 1224/824/4 1218/825/4 1236/826/4 1248/827/4 1244/828/4 1243/829/4 1235/830/4 49/652/4
f 1218/825/4 1226/831/4 1222/832/4 1221/833/4 1217/777/4 1203/776/4 1213/834/4 1209/835/4 1208/836/4 1202/837/4 1300/838/4 1312/839/4 1308/840/4 1307/841/4 1299/663/4 1233/662/4 1239/842/4 1247/843/4 1246/844/4 1236/826/4
f 1202/837/4 1210/845/4 1206/846/4 1205/847/4 1201/848/4 39/12/4 53/718/4 1297/849/4 1303/850/4 1311/851/4 1310/852/4 1300/838/4
f 7/350/3 30/853/3 57/854/3 34/351/3
f 34/351/3 57/854/3 58/855/3 33/579/3
f 33/579/3 58/855/3 59/856/3 32/588/3
f 32/588/3 59/856/3 60/725/3 31/598/3
f 1473/771/3 1479/857/3 1487/858/3 1486/859/3 1476/860/3 64/9/3 39/12/3 1201/861/3 1207/862/3 1215/863/3 1214/864/3 1204/772/3
f 1378/865/3 1386/866/3 1382/867/3 1381/868/3 1377/813/3 1443/812/3 1453/869/3 1449/870/3 1448/871/3 1442/872/3 1460/873/3 1472/874/3 1468/875/3 1467/876/3 1459/877/3 1393/878/3 1399/879/3 1407/880/3 1406/881/3 1396/882/3
f 1394/883/3 1402/884/3 1398/885/3 1397/886/3 1393/878/3 1459/877/3 1469/887/3 1465/888/3 1464/889/3 1458/890/3 1475/891/3 1485/892/3 1481/893/3 1480/894/3 1474/767/3 1412/766/3 1424/895/3 1420/896/3 1419/897/3 1411/898/3
f 1426/807/3 1434/899/3 1430/900/3 1429/901/3 1425/902/3 61/903/3 62/904/3 1441/905/3 1447/906/3 1455/907/3 1454/908/3 1444/808/3
f 68/909/2 1538/910/2 1546/911/2 1542/912/2 1541/913/2 1537/914/2 1188/915/2 1200/916/2 1196/917/2 1195/918/2 1187/919/2 30/853/2
f 57/854/3 1363/920/3 1373/921/3 1369/922/3 1368/923/3 1362/798/3 1380/817/3 1392/924/3 1388/925/3 1387/926/3 1379/927/3 58/855/3
f 58/855/3 1379/927/3 1389/928/3 1385/929/3 1384/930/3 1378/865/3 1396/882/3 1408/931/3 1404/932/3 1403/933/3 1395/934/3 59/856/3
f 59/856/3 1395/934/3 1405/935/3 1401/936/3 1400/937/3 1394/938/3 1411/898/3 1421/939/3 1417/940/3 1416/941/3 1410/726/3 60/725/3
f 1537/914/2 1543/942/2 1551/943/2 1550/944/2 1540/945/2 1602/946/2 1610/947/2 1606/948/2 1605/949/2 1601/950/2 1172/951/2 1184/952/2 1180/953/2 1179/954/2 1171/955/2 1185/956/2 1191/957/2 1199/958/2 1198/959/2 1188/915/2
f 1442/872/3 1450/960/3 1446/961/3 1445/962/3 1441/963/3 62/904/3 63/964/3 1457/965/3 1463/966/3 1471/967/3 1470/968/3 1460/873/3
f 1458/969/3 1466/970/3 1462/971/3 1461/972/3 1457/965/3 63/964/3 64/9/3 1476/860/3 1488/973/3 1484/974/3 1483/975/3 1475/891/3
f 1490/976/2 1498/977/2 1494/978/2 1493/979/2 1489/980/2 1555/981/2 1565/982/2 1561/983/2 1560/984/2 1554/985/2 1572/986/2 1584/987/2 1580/988/2 1579/989/2 1571/990/2 1505/991/2 1511/992/2 1519/993/2 1518/994/2 1508/995/2
f 29/8/3 8/7/3 35/89/3 61/903/3
f 61/903/3 35/89/3 36/126/3 62/904/3
f 62/904/3 36/126/3 37/155/3 63/964/3
f 63/964/3 37/155/3 38/10/3 64/9/3
f 21/996/2 68/909/2 30/853/2 7/350/2
f 30/853/3 1187/919/3 1197/997/3 1193/998/3 1192/999/3 1186/1000/3 1364/1001/3 1376/1002/3 1372/1003/3 1371/1004/3 1363/1005/3 57/854/3
f 1186/1000/3 1194/1006/3 1190/1007/3 1189/1008/3 1185/956/3 1171/955/3 1181/1009/3 1177/1010/3 1176/1011/3 1170/1012/3 1428/1013/3 1440/1014/3 1436/1015/3 1435/1016/3 1427/803/3 1361/802/3 1367/1017/3 1375/1018/3 1374/1019/3 1364/1001/3
f 1170/1012/3 1178/1020/3 1174/1021/3 1173/1022/3 1169/1023/3 29/8/3 61/903/3 1425/1024/3 1431/1025/3 1439/1026/3 1438/1027/3 1428/1013/3
f 3/1028/2 20/1029/2 65/1030/2 24/1031/2
f 24/1031/2 65/1030/2 66/1032/2 23/1033/2
f 23/1033/2 66/1032/2 67/1034/2 22/1035/2
f 22/1035/2 67/1034/2 68/909/2 21/996/2
f 1601/950/2 1607/1036/2 1615/1037/2 1614/1038/2 1604/1039/2 72/5/2 29/8/2 1169/1040/2 1175/1041/2 1183/1042/2 1182/1043/2 1172/951/2
f 1506/1044/2 1514/1045/2 1510/1046/2 1509/1047/2 1505/991/2 1571/990/2 1581/1048/2 1577/1049/2 1576/1050/2 1570/1051/2 1588/1052/2 1600/1053/2 1596/1054/2 1595/1055/2 1587/1056/2 1521/1057/2 1527/1058/2 1535/1059/2 1534/1060/2 1524/1061/2
f 1522/1062/2 1530/1063/2 1526/1064/2 1525/1065/2 1521/1057/2 1587/1056/2 1597/1066/2 1593/1067/2 1592/1068/2 1586/1069/2 1603/1070/2 1613/1071/2 1609/1072/2 1608/1073/2 1602/946/2 1540/945/2 1552/1074/2 1548/1075/2 1547/1076/2 1539/1077/2
f 1554/985/2 1562/1078/2 1558/1079/2 1557/1080/2 1553/1081/2 69/1082/2 70/1083/2 1569/1084/2 1575/1085/2 1583/1086/2 1582/1087/2 1572/986/2
f 76/1088/1 1666/1089/1 1674/1090/1 1670/1091/1 1669/1092/1 1665/1093/1 1156/1094/1 1168/1095/1 1164/1096/1 1163/1097/1 1155/1098/1 20/1029/1
f 65/1030/2 1491/1099/2 1501/1100/2 1497/1101/2 1496/1102/2 1490/976/2 1508/995/2 1520/1103/2 1516/1104/2 1515/1105/2 1507/1106/2 66/1032/2
f 66/1032/2 1507/1106/2 1517/1107/2 1513/1108/2 1512/1109/2 1506/1044/2 1524/1061/2 1536/1110/2 1532/1111/2 1531/1112/2 1523/1113/2 67/1034/2
f 67/1034/2 1523/1114/2 1533/1115/2 1529/1116/2 1528/1117/2 1522/1118/2 1539/1077/2 1549/1119/2 1545/1120/2 1544/1121/2 1538/910/2 68/909/2
f 1665/1093/1 1671/1122/1 1679/1123/1 1678/1124/1 1668/1125/1 1730/1126/1 1738/1127/1 1734/1128/1 1733/1129/1 1729/641/1 1140/650/1 1152/1130/1 1148/1131/1 1147/1132/1 1139/1133/1 1153/1134/1 1159/1135/1 1167/1136/1 1166/1137/1 1156/1094/1
f 1570/1051/2 1578/1138/2 1574/1139/2 1573/1140/2 1569/1141/2 70/1083/2 71/1142/2 1585/1143/2 1591/1144/2 1599/1145/2 1598/1146/2 1588/1052/2
f 1586/1147/2 1594/1148/2 1590/1149/2 1589/1150/2 1585/1151/2 71/1142/2 72/5/2 1604/1039/2 1616/1152/2 1612/1153/2 1611/1154/2 1603/1070/2
f 1618/1155/1 1626/1156/1 1622/1157/1 1621/1158/1 1617/626/1 1683/625/1 1693/1159/1 1689/1160/1 1688/1161/1 1682/1162/1 1700/1163/1 1712/1164/1 1708/1165/1 1707/1166/1 1699/1167/1 1633/1168/1 1639/1169/1 1647/1170/1 1646/1171/1 1636/1172/1
f 19/4/2 4/3/2 25/1173/2 69/1082/2
f 69/1082/2 25/1173/2 26/1174/2 70/1083/2
f 70/1083/2 26/1174/2 27/1175/2 71/1142/2
f 71/1142/2 27/1175/2 28/6/2 72/5/2
f 9/1176/1 76/1088/1 20/1029/1 3/1028/1
f 20/1029/2 1155/1098/2 1165/1177/2 1161/1178/2 1160/1179/2 1154/1180/2 1492/1181/2 1504/1182/2 1500/1183/2 1499/1184/2 1491/1099/2 65/1030/2
f 1154/1180/2 1162/1185/2 1158/1186/2 1157/1187/2 1153/1134/2 1139/1133/2 1149/1188/2 1145/1189/2 1144/1190/2 1138/1191/2 1556/1192/2 1568/1193/2 1564/1194/2 1563/1195/2 1555/981/2 1489/980/2 1495/1196/2 1503/1197/2 1502/1198/2 1492/1181/2
f 1138/1191/2 1146/1199/2 1142/1200/2 1141/1201/2 1137/1202/2 19/4/2 69/1082/2 1553/1203/2 1559/1204/2 1567/1205/2 1566/1206/2 1556/1192/2
f 1/1207/1 13/1208/1 73/1209/1 12/1210/1
f 12/1210/1 73/1209/1 74/1211/1 11/1212/1
f 11/1212/1 74/1211/1 75/1213/1 10/1214/1
f 10/1214/1 75/1213/1 76/1088/1 9/1176/1
f 52/608/4 1282/1215/4 1290/1216/4 1286/1217/4 1285/1218/4 1281/1219/4 1106/1220/4 1114/1221/4 1110/1222/4 1109/1223/4 1105/1224/4 13/609/4
f 1634/1225/1 1642/1226/1 1638/1227/1 1637/1228/1 1633/1168/1 1699/1167/1 1709/1229/1 1705/1230/1 1704/1231/1 1698/1232/1 1716/1233/1 1728/1234/1 1724/1235/1 1723/1236/1 1715/1237/1 1649/1238/1 1655/1239/1 1663/1240/1 1662/1241/1 1652/1242/1
f 1650/1243/1 1658/1244/1 1654/1245/1 1653/1246/1 1649/1238/1 1715/1237/1 1725/1247/1 1721/1248/1 1720/1249/1 1714/1250/1 1731/1251/1 1741/1252/1 1737/1253/1 1736/1254/1 1730/1126/1 1668/1125/1 1680/1255/1 1676/1256/1 1675/1257/1 1667/1258/1
f 1682/1162/1 1690/1259/1 1686/1260/1 1685/1261/1 1681/1262/1 77/636/1 78/1263/1 1697/1264/1 1703/1265/1 1711/1266/1 1710/1267/1 1700/1163/1
f 1281/1219/4 1287/1268/4 1295/1269/4 1294/1270/4 1284/709/4 1346/708/4 1354/1271/4 1350/1272/4 1349/1273/4 1345/1274/4 1122/1275/4 1130/1276/4 1126/1277/4 1125/1278/4 1121/1279/4 1107/1280/4 1117/1281/4 1113/1282/4 1112/1283/4 1106/1220/4
f 73/1209/1 1619/1284/1 1629/1285/1 1625/1286/1 1624/1287/1 1618/1155/1 1636/1172/1 1648/1288/1 1644/1289/1 1643/1290/1 1635/1291/1 74/1211/1
f 74/1211/1 1635/1292/1 1645/1293/1 1641/1294/1 1640/1295/1 1634/1225/1 1652/1242/1 1664/1296/1 1660/1297/1 1659/1298/1 1651/1299/1 75/1213/1
f 75/1213/1 1651/1300/1 1661/1301/1 1657/1302/1 1656/1303/1 1650/1304/1 1667/1305/1 1677/1306/1 1673/1307/1 1672/1308/1 1666/1309/1 76/1088/1
f 1345/1274/4 1351/1310/4 1359/1311/4 1358/1312/4 1348/1313/4 56/13/4 14/16/4 1123/1314/4 1133/1315/4 1129/1316/4 1128/1317/4 1122/1275/4
f 1698/1232/1 1706/1318/1 1702/1319/1 1701/1320/1 1697/1321/1 78/1263/1 79/1322/1 1713/1323/1 1719/1324/1 1727/1325/1 1726/1326/1 1716/1233/1
f 1714/1250/1 1722/1327/1 1718/1328/1 1717/1329/1 1713/1323/1 79/1322/1 80/1/1 1732/1330/1 1744/1331/1 1740/1332/1 1739/1333/1 1731/1334/1
f 14/635/1 2/1335/1 15/1336/1 77/636/1
f 77/636/1 15/1336/1 16/1337/1 78/1263/1
f 78/1263/1 16/1337/1 17/1338/1 79/1322/1
f 79/1322/1 17/1338/1 18/2/1 80/1/1
f 247/256/7 241/255/7 754/255/7 753/256/7
f 127/144/8 119/143/8 625/143/8 629/144/8
f 275/52/9 283/51/9 796/51/9 795/52/9
f 335/318/10 327/317/10 833/317/10 837/318/10
f 236/173/11 240/172/11 750/172/11 749/173/11
f 285/229/12 275/52/12 795/52/12 794/229/12
f 153/70/13 157/69/13 666/69/13 665/70/13
f 194/104/9 200/103/9 712/103/9 711/104/9
f 117/93/14 118/92/14 628/92/14 627/93/14
f 202/114/12 194/113/12 711/113/12 710/114/12
f 238/241/15 239/240/15 741/240/15 752/241/15
f 325/285/16 326/284/16 836/284/16 835/285/16
f 278/289/10 282/288/10 790/288/10 788/289/10
f 155/1339/17 156/1340/17 669/1340/17 668/1339/17
f 113/94/18 117/93/18 627/93/18 626/94/18
f 228/171/19 238/241/19 752/241/19 751/171/19
f 119/143/7 113/142/7 626/142/7 625/143/7
f 321/286/20 325/285/20 835/285/20 834/286/20
f 240/172/21 228/171/21 751/171/21 750/172/21
f 280/231/16 281/230/16 793/230/16 792/231/16
f 327/317/22 321/286/22 834/286/22 833/317/22
f 147/1341/9 155/1339/9 668/1339/9 667/1341/9
f 207/218/10 199/217/10 705/217/10 709/218/10
f 108/123/11 112/122/11 622/122/11 621/123/11
f 157/69/12 147/68/12 667/68/12 666/69/12
f 316/252/11 320/251/11 830/251/11 829/252/11
f 233/185/13 237/184/13 746/184/13 745/185/13
f 274/232/20 280/231/20 792/231/20 791/232/20
f 110/81/15 111/80/15 613/80/15 624/81/15
f 197/116/16 198/115/16 708/115/16 707/116/16
f 282/288/22 274/232/22 791/232/22 790/288/22
f 318/305/15 319/304/15 821/304/15 832/305/15
f 150/164/10 154/163/10 662/163/10 660/164/10
f 235/174/17 236/173/17 749/173/17 748/174/17
f 100/82/19 110/81/19 624/81/19 623/82/19
f 193/117/20 197/116/20 707/116/20 706/117/20
f 112/122/21 100/82/21 623/82/21 622/122/21
f 308/306/19 318/305/19 832/305/19 831/306/19
f 152/71/16 153/70/16 665/70/16 664/71/16
f 199/217/22 193/117/22 706/117/22 705/217/22
f 320/251/21 308/250/21 831/250/21 830/251/21
f 227/175/9 235/174/9 748/174/9 747/175/9
f 287/61/8 279/60/8 785/60/8 789/61/8
f 188/139/11 192/138/11 702/138/11 701/139/11
f 237/184/12 227/183/12 747/183/12 746/184/12
f 105/148/13 109/147/13 618/147/13 617/148/13
f 146/72/20 152/71/20 664/71/20 663/72/20
f 313/267/13 317/266/13 826/266/13 825/267/13
f 154/163/22 146/72/22 663/72/22 662/163/22
f 190/196/15 191/195/15 693/195/15 704/196/15
f 277/290/14 278/289/14 788/289/14 787/290/14
f 230/243/10 234/242/10 742/242/10 740/243/10
f 107/124/17 108/123/17 621/123/17 620/124/17
f 315/253/17 316/252/17 829/252/17 828/253/17
f 180/197/19 190/196/19 704/196/19 703/197/19
f 273/291/18 277/290/18 787/290/18 786/291/18
f 192/138/21 180/137/21 703/137/21 702/138/21
f 232/186/16 233/185/16 745/185/16 744/186/16
f 279/60/7 273/59/7 786/59/7 785/60/7
f 99/125/9 107/124/9 620/124/9 619/125/9
f 159/38/8 151/37/8 657/37/8 661/38/8
f 109/147/12 99/125/12 619/125/12 618/147/12
f 307/254/9 315/253/9 828/253/9 827/254/9
f 268/277/8 272/276/8 782/276/8 781/277/8
f 317/266/12 307/265/12 827/265/12 826/266/12
f 185/97/13 189/96/13 698/96/13 697/97/13
f 226/187/20 232/186/20 744/186/20 743/187/20
f 149/165/14 150/164/14 660/164/14 659/165/14
f 234/242/22 226/187/22 743/187/22 742/242/22
f 270/281/14 271/280/14 773/280/14 784/281/14
f 102/129/10 106/128/10 614/128/10 612/129/10
f 310/309/10 314/308/10 822/308/10 820/309/10
f 187/140/17 188/139/17 701/139/17 700/140/17
f 145/36/18 149/165/18 659/165/18 658/36/18
f 260/282/18 270/281/18 784/281/18 783/282/18
f 104/149/16 105/148/16 617/148/16 616/149/16
f 151/37/7 145/36/7 658/36/7 657/37/7
f 272/276/7 260/275/7 783/275/7 782/276/7
f 312/268/16 313/267/16 825/267/16 824/268/16
f 179/141/9 187/140/9 700/140/9 699/141/9
f 239/240/8 231/239/8 737/239/8 741/240/8
f 140/107/8 144/106/8 654/106/8 653/107/8
f 189/96/12 179/95/12 699/95/12 698/96/12
f 98/127/20 104/149/20 616/149/20 615/127/20
f 265/209/11 269/208/11 778/208/11 777/209/11
f 106/128/22 98/127/22 615/127/22 614/128/22
f 306/269/20 312/268/20 824/268/20 823/269/20
f 142/112/14 143/111/14 645/111/14 656/112/14
f 229/244/14 230/243/14 740/243/14 739/244/14
f 314/308/22 306/307/22 823/307/22 822/308/22
f 182/200/10 186/199/10 694/199/10 692/200/10
f 267/278/15 268/277/15 781/277/15 780/278/15
f 132/105/18 142/112/18 656/112/18 655/105/18
f 225/245/18 229/244/18 739/244/18 738/245/18
f 144/106/7 132/105/7 655/105/7 654/106/7
f 184/98/16 185/97/16 697/97/16 696/98/16
f 231/239/7 225/238/7 738/238/7 737/239/7
f 111/80/8 103/79/8 609/79/8 613/80/8
f 259/207/19 267/278/19 780/278/19 779/207/19
f 319/304/8 311/303/8 817/303/8 821/304/8
f 220/33/11 224/32/11 734/32/11 733/33/11
f 269/208/21 259/207/21 779/207/21 778/208/21
f 137/161/11 141/160/11 650/160/11 649/161/11
f 178/99/20 184/98/20 696/98/20 695/99/20
f 101/130/14 102/129/14 612/129/14 611/130/14
f 186/199/22 178/198/22 695/198/22 694/199/22
f 222/56/15 223/55/15 725/55/15 736/56/15
f 309/310/14 310/309/14 820/309/14 819/310/14
f 262/221/13 266/220/13 774/220/13 772/221/13
f 139/108/15 140/107/15 653/107/15 652/108/15
f 97/131/18 101/130/18 611/130/18 610/131/18
f 212/31/19 222/56/19 736/56/19 735/31/19
f 103/79/7 97/78/7 610/78/7 609/79/7
f 305/311/18 309/310/18 819/310/18 818/311/18
f 224/32/21 212/31/21 735/31/21 734/32/21
f 264/210/17 265/209/17 777/209/17 776/210/17
f 311/303/7 305/302/7 818/302/7 817/303/7
f 131/109/19 139/108/19 652/108/19 651/109/19
f 191/195/8 183/194/8 689/194/8 693/195/8
f 92/86/11 96/85/11 606/85/11 605/86/11
f 141/160/21 131/109/21 651/109/21 650/160/21
f 300/235/11 304/234/11 814/234/11 813/235/11
f 217/168/13 221/167/13 730/167/13 729/168/13
f 258/211/9 264/210/9 776/210/9 775/211/9
f 94/1342/15 95/1343/15 597/1343/15 608/1342/15
f 181/201/14 182/200/14 692/200/14 691/201/14
f 266/220/12 258/211/12 775/211/12 774/220/12
f 302/296/15 303/295/15 805/295/15 816/296/15
f 134/43/13 138/42/13 646/42/13 644/43/13
f 219/34/17 220/33/17 733/33/17 732/34/17
f 84/84/19 94/1342/19 608/1342/19 607/84/19
f 177/202/18 181/201/18 691/201/18 690/202/18
f 96/85/21 84/84/21 607/84/21 606/85/21
f 292/233/19 302/296/19 816/296/19 815/233/19
f 136/162/17 137/161/17 649/161/17 648/162/17
f 183/194/7 177/193/7 690/193/7 689/194/7
f 304/234/21 292/233/21 815/233/21 814/234/21
f 211/35/9 219/34/9 732/34/9 731/35/9
f 271/280/10 263/279/10 769/279/10 773/280/10
f 172/75/11 176/74/11 686/74/11 685/75/11
f 221/167/12 211/166/12 731/166/12 730/167/12
f 89/120/13 93/119/13 602/119/13 601/120/13
f 130/41/9 136/162/9 648/162/9 647/41/9
f 297/247/13 301/246/13 810/246/13 809/247/13
f 138/42/12 130/41/12 647/41/12 646/42/12
f 174/179/15 175/178/15 677/178/15 688/179/15
f 261/222/16 262/221/16 772/221/16 771/222/16
f 214/226/10 218/225/10 726/225/10 724/226/10
f 91/87/17 92/86/17 605/86/17 604/87/17
f 299/236/17 300/235/17 813/235/17 812/236/17
f 164/73/19 174/179/19 688/179/19 687/73/19
f 257/223/20 261/222/20 771/222/20 770/223/20
f 176/74/21 164/73/21 687/73/21 686/74/21
f 216/169/16 217/168/16 729/168/16 728/169/16
f 263/279/22 257/223/22 770/223/22 769/279/22
f 83/88/9 91/87/9 604/87/9 603/88/9
f 143/111/10 135/110/10 641/110/10 645/111/10
f 93/119/12 83/88/12 603/88/12 602/119/12
f 291/237/9 299/236/9 812/236/9 811/237/9
f 252/190/11 256/189/11 766/189/11 765/190/11
f 301/246/12 291/237/12 811/237/12 810/246/12
f 169/134/13 173/133/13 682/133/13 681/134/13
f 210/170/20 216/169/20 728/169/20 727/170/20
f 133/44/16 134/43/16 644/43/16 643/44/16
f 218/225/22 210/170/22 727/170/22 726/225/22
f 254/258/15 255/257/15 757/257/15 768/258/15
f 86/65/10 90/64/10 598/64/10 596/65/10
f 294/298/10 298/297/10 806/297/10 804/298/10
f 171/76/17 172/75/17 685/75/17 684/76/17
f 129/45/20 133/44/20 643/44/20 642/45/20
f 244/259/19 254/258/19 768/258/19 767/259/19
f 88/121/16 89/120/16 601/120/16 600/121/16
f 135/110/22 129/45/22 642/45/22 641/110/22
f 256/189/21 244/188/21 767/188/21 766/189/21
f 296/248/16 297/247/16 809/247/16 808/248/16
f 163/77/9 171/76/9 684/76/9 683/77/9
f 223/55/8 215/54/8 721/54/8 725/55/8
f 124/152/11 128/151/11 638/151/11 637/152/11
f 173/133/12 163/132/12 683/132/12 682/133/12
f 82/63/20 88/121/20 600/121/20 599/63/20
f 332/315/8 336/314/8 846/314/8 845/315/8
f 249/204/13 253/203/13 762/203/13 761/204/13
f 90/64/22 82/63/22 599/63/22 598/64/22
f 290/249/20 296/248/20 808/248/20 807/249/20
f 126/145/15 127/144/15 629/144/15 640/145/15
f 213/227/14 214/226/14 724/226/14 723/227/14
f 298/297/22 290/249/22 807/249/22 806/297/22
f 334/319/14 335/318/14 837/318/14 848/319/14
f 166/181/10 170/180/10 678/180/10 676/181/10
f 251/191/17 252/190/17 765/190/17 764/191/17
f 116/146/19 126/145/19 640/145/19 639/146/19
f 209/228/18 213/227/18 723/227/18 722/228/18
f 128/151/21 116/150/21 639/150/21 638/151/21
f 324/320/18 334/319/18 848/319/18 847/320/18
f 168/135/16 169/134/16 681/134/16 680/135/16
f 215/54/7 209/53/7 722/53/7 721/54/7
f 95/1343/8 87/1344/8 593/1344/8 597/1343/8
f 336/314/7 324/313/7 847/313/7 846/314/7
f 243/192/9 251/191/9 764/191/9 763/192/9
f 303/295/8 295/294/8 801/294/8 805/295/8
f 204/214/8 208/213/8 718/213/8 717/214/8
f 253/203/12 243/192/12 763/192/12 762/203/12
f 121/157/13 125/156/13 634/156/13 633/157/13
f 162/136/20 168/135/20 680/135/20 679/136/20
f 85/66/14 86/65/14 596/65/14 595/66/14
f 329/272/11 333/271/11 842/271/11 841/272/11
f 170/180/22 162/136/22 679/136/22 678/180/22
f 206/219/14 207/218/14 709/218/14 720/219/14
f 293/299/14 294/298/14 804/298/14 803/299/14
f 246/262/10 250/261/10 758/261/10 756/262/10
f 123/153/17 124/152/17 637/152/17 636/153/17
f 81/67/18 85/66/18 595/66/18 594/67/18
f 331/316/15 332/315/15 845/315/15 844/316/15
f 196/212/18 206/219/18 720/219/18 719/212/18
f 87/1344/7 81/1345/7 594/1345/7 593/1344/7
f 289/300/18 293/299/18 803/299/18 802/300/18
f 208/213/7 196/212/7 719/212/7 718/213/7
f 248/205/16 249/204/16 761/204/16 760/205/16
f 295/294/7 289/293/7 802/293/7 801/294/7
f 115/154/9 123/153/9 636/153/9 635/154/9
f 175/178/8 167/177/8 673/177/8 677/178/8
f 125/156/12 115/154/12 635/154/12 634/156/12
f 323/270/19 331/316/19 844/316/19 843/270/19
f 284/50/11 288/49/11 798/49/11 797/50/11
f 333/271/21 323/270/21 843/270/21 842/271/21
f 201/102/11 205/101/11 714/101/11 713/102/11
f 242/206/20 248/205/20 760/205/20 759/206/20
f 165/182/14 166/181/14 676/181/14 675/182/14
f 250/261/22 242/260/22 759/260/22 758/261/22
f 286/62/15 287/61/15 789/61/15 800/62/15
f 118/92/10 122/91/10 630/91/10 628/92/10
f 326/284/13 330/283/13 838/283/13 836/284/13
f 203/215/15 204/214/15 717/214/15 716/215/15
f 161/176/18 165/182/18 675/182/18 674/176/18
f 276/48/19 286/62/19 800/62/19 799/48/19
f 120/158/16 121/157/16 633/157/16 632/158/16
f 167/177/7 161/176/7 674/176/7 673/177/7
f 288/49/21 276/48/21 799/48/21 798/49/21
f 328/273/17 329/272/17 841/272/17 840/273/17
f 195/216/19 203/215/19 716/215/19 715/216/19
f 255/257/8 247/256/8 753/256/8 757/257/8
f 156/1340/11 160/1346/11 670/1346/11 669/1340/11
f 205/101/21 195/100/21 715/100/21 714/101/21
f 114/159/20 120/158/20 632/158/20 631/159/20
f 281/230/13 285/229/13 794/229/13 793/230/13
f 122/91/22 114/90/22 631/90/22 630/91/22
f 322/274/9 328/273/9 840/273/9 839/274/9
f 158/39/15 159/38/15 661/38/15 672/39/15
f 245/263/14 246/262/14 756/262/14 755/263/14
f 330/283/12 322/274/12 839/274/12 838/283/12
f 198/115/13 202/114/13 710/114/13 708/115/13
f 283/51/17 284/50/17 797/50/17 796/51/17
f 148/40/19 158/39/19 672/39/19 671/40/19
f 241/264/18 245/263/18 755/263/18 754/264/18
f 160/1346/21 148/1347/21 671/1347/21 670/1346/21
f 200/103/17 201/102/17 713/102/17 712/103/17
f 518/510/14 522/509/14 1030/509/14 1028/510/14
f 395/401/11 396/400/11 909/400/11 908/401/11
f 353/371/12 357/423/12 867/423/12 866/371/12
f 468/323/21 478/349/21 992/349/21 991/323/21
f 359/372/9 353/371/9 866/371/9 865/372/9
f 561/589/12 565/597/12 1075/597/12 1074/589/12
f 480/324/19 468/323/19 991/323/19 990/324/19
f 520/499/8 521/498/8 1033/498/8 1032/499/8
f 567/590/9 561/589/9 1074/589/9 1073/590/9
f 387/402/21 395/401/21 908/401/21 907/402/21
f 447/484/17 439/483/17 945/483/17 949/484/17
f 348/379/15 352/378/15 862/378/15 861/379/15
f 397/451/19 387/402/19 907/402/19 906/451/19
f 556/524/15 560/523/15 1070/523/15 1069/524/15
f 473/458/14 477/457/14 986/457/14 985/458/14
f 514/500/7 520/499/7 1032/499/7 1031/500/7
f 350/27/11 351/26/11 853/26/11 864/27/11
f 437/490/13 438/489/13 948/489/13 947/490/13
f 522/509/18 514/500/18 1031/500/18 1030/509/18
f 558/583/11 559/582/11 1061/582/11 1072/583/11
f 390/335/14 394/334/14 902/334/14 900/335/14
f 475/326/8 476/325/8 989/325/8 988/326/8
f 340/28/21 350/27/21 864/27/21 863/28/21
f 433/491/12 437/490/12 947/490/12 946/491/12
f 352/378/19 340/377/19 863/377/19 862/378/19
f 548/584/21 558/583/21 1072/583/21 1071/584/21
f 392/453/8 393/452/8 905/452/8 904/453/8
f 439/483/9 433/482/9 946/482/9 945/483/9
f 560/523/19 548/522/19 1071/522/19 1070/523/19
f 467/327/7 475/326/7 988/326/7 987/327/7
f 527/567/16 519/566/16 1025/566/16 1029/567/16
f 428/368/15 432/367/15 942/367/15 941/368/15
f 477/457/18 467/327/18 987/327/18 986/457/18
f 345/413/14 349/412/14 858/412/14 857/413/14
f 386/333/7 392/453/7 904/453/7 903/333/7
f 553/536/14 557/535/14 1066/535/14 1065/536/14
f 394/334/18 386/333/18 903/333/18 902/334/18
f 430/469/11 431/468/11 933/468/11 944/469/11
f 517/511/10 518/510/10 1028/510/10 1027/511/10
f 470/515/16 474/514/16 982/514/16 980/515/16
f 347/380/8 348/379/8 861/379/8 860/380/8
f 555/525/8 556/524/8 1069/524/8 1068/525/8
f 420/366/21 430/469/21 944/469/21 943/366/21
f 513/512/22 517/511/22 1027/511/22 1026/512/22
f 432/367/19 420/366/19 943/366/19 942/367/19
f 472/459/10 473/458/10 985/458/10 984/459/10
f 519/566/20 513/512/20 1026/512/20 1025/566/20
f 339/381/7 347/380/7 860/380/7 859/381/7
f 399/404/16 391/403/16 897/403/16 901/404/16
f 349/412/18 339/381/18 859/381/18 858/412/18
f 547/526/7 555/525/7 1068/525/7 1067/526/7
f 508/479/15 512/478/15 1022/478/15 1021/479/15
f 557/535/18 547/526/18 1067/526/18 1066/535/18
f 425/426/14 429/425/14 938/425/14 937/426/14
f 466/460/22 472/459/22 984/459/22 983/460/22
f 389/336/10 390/335/10 900/335/10 899/336/10
f 474/514/20 466/460/20 983/460/20 982/514/20
f 510/547/11 511/546/11 1013/546/11 1024/547/11
f 342/359/16 346/358/16 854/358/16 852/359/16
f 550/586/16 554/585/16 1062/585/16 1060/586/16
f 427/369/8 428/368/8 941/368/8 940/369/8
f 385/337/22 389/336/22 899/336/22 898/337/22
f 500/548/21 510/547/21 1024/547/21 1023/548/21
f 344/414/10 345/413/10 857/413/10 856/414/10
f 391/403/20 385/337/20 898/337/20 897/403/20
f 512/478/19 500/477/19 1023/477/19 1022/478/19
f 552/537/10 553/536/10 1065/536/10 1064/537/10
f 419/370/7 427/369/7 940/369/7 939/370/7
f 479/348/17 471/347/17 977/347/17 981/348/17
f 380/443/15 384/442/15 894/442/15 893/443/15
f 429/425/18 419/424/18 939/424/18 938/425/18
f 338/357/22 344/414/22 856/414/22 855/357/22
f 588/601/17 592/600/17 1102/600/17 1101/601/17
f 505/493/14 509/492/14 1018/492/14 1017/493/14
f 346/358/20 338/357/20 855/357/20 854/358/20
f 546/538/22 552/537/22 1064/537/22 1063/538/22
f 382/436/11 383/435/11 885/435/11 896/436/11
f 469/516/13 470/515/13 980/515/13 979/516/13
f 554/585/20 546/538/20 1063/538/20 1062/585/20
f 590/605/13 591/604/13 1093/604/13 1104/605/13
f 422/471/16 426/470/16 934/470/16 932/471/16
f 507/480/8 508/479/8 1021/479/8 1020/480/8
f 372/437/21 382/436/21 896/436/21 895/437/21
f 465/346/12 469/516/12 979/516/12 978/346/12
f 384/442/19 372/441/19 895/441/19 894/442/19
f 580/599/12 590/605/12 1104/605/12 1103/599/12
f 424/427/10 425/426/10 937/426/10 936/427/10
f 471/347/9 465/346/9 978/346/9 977/347/9
f 351/26/17 343/25/17 849/25/17 853/26/17
f 592/600/9 580/599/9 1103/599/9 1102/600/9
f 499/481/7 507/480/7 1020/480/7 1019/481/7
f 559/582/17 551/581/17 1057/581/17 1061/582/17
f 460/503/17 464/502/17 974/502/17 973/503/17
f 509/492/18 499/481/18 1019/481/18 1018/492/18
f 377/448/14 381/447/14 890/447/14 889/448/14
f 418/428/22 424/427/22 936/427/22 935/428/22
f 341/360/13 342/359/13 852/359/13 851/360/13
f 585/559/15 589/558/15 1098/558/15 1097/559/15
f 426/470/20 418/428/20 935/428/20 934/470/20
f 462/507/13 463/506/13 965/506/13 976/507/13
f 549/587/13 550/586/13 1060/586/13 1059/587/13
f 502/551/16 506/550/16 1014/550/16 1012/551/16
f 379/444/8 380/443/8 893/443/8 892/444/8
f 337/24/12 341/360/12 851/360/12 850/24/12
f 587/602/11 588/601/11 1101/601/11 1100/602/11
f 452/508/12 462/507/12 976/507/12 975/508/12
f 343/25/9 337/24/9 850/24/9 849/25/9
f 545/580/12 549/587/12 1059/587/12 1058/580/12
f 464/502/9 452/501/9 975/501/9 974/502/9
f 504/494/10 505/493/10 1017/493/10 1016/494/10
f 551/581/9 545/580/9 1058/580/9 1057/581/9
f 371/445/7 379/444/7 892/444/7 891/445/7
f 431/468/17 423/467/17 929/467/17 933/468/17
f 381/447/18 371/445/18 891/445/18 890/447/18
f 579/557/21 587/602/21 1100/602/21 1099/557/21
f 540/343/15 544/342/15 1054/342/15 1053/343/15
f 589/558/19 579/557/19 1099/557/19 1098/558/19
f 457/395/15 461/394/15 970/394/15 969/395/15
f 498/495/22 504/494/22 1016/494/22 1015/495/22
f 421/472/13 422/471/13 932/471/13 931/472/13
f 506/550/20 498/549/20 1015/549/20 1014/550/20
f 542/355/11 543/354/11 1045/354/11 1056/355/11
f 374/385/16 378/384/16 886/384/16 884/385/16
f 582/571/14 586/570/14 1094/570/14 1092/571/14
f 459/504/11 460/503/11 973/503/11 972/504/11
f 417/466/12 421/472/12 931/472/12 930/466/12
f 532/356/21 542/355/21 1056/355/21 1055/356/21
f 376/449/10 377/448/10 889/448/10 888/449/10
f 423/467/9 417/466/9 930/466/9 929/467/9
f 544/342/19 532/341/19 1055/341/19 1054/342/19
f 584/560/8 585/559/8 1097/559/8 1096/560/8
f 451/393/21 459/504/21 972/504/21 971/393/21
f 511/546/17 503/545/17 1009/545/17 1013/546/17
f 412/21/15 416/20/15 926/20/15 925/21/15
f 461/394/19 451/393/19 971/393/19 970/394/19
f 370/450/22 376/449/22 888/449/22 887/450/22
f 537/519/14 541/518/14 1050/518/14 1049/519/14
f 378/384/20 370/383/20 887/383/20 886/384/20
f 578/561/7 584/560/7 1096/560/7 1095/561/7
f 414/331/11 415/330/11 917/330/11 928/331/11
f 501/552/13 502/551/13 1012/551/13 1011/552/13
f 586/570/18 578/561/18 1095/561/18 1094/570/18
f 454/408/14 458/407/14 966/407/14 964/408/14
f 539/344/8 540/343/8 1053/343/8 1052/344/8
f 404/19/21 414/331/21 928/331/21 927/19/21
f 497/544/12 501/552/12 1011/552/12 1010/544/12
f 416/20/19 404/19/19 927/19/19 926/20/19
f 456/396/8 457/395/8 969/395/8 968/396/8
f 503/545/9 497/544/9 1010/544/9 1009/545/9
f 383/435/17 375/434/17 881/434/17 885/435/17
f 531/345/7 539/344/7 1052/344/7 1051/345/7
f 591/604/16 583/603/16 1089/603/16 1093/604/16
f 492/463/15 496/462/15 1006/462/15 1005/463/15
f 541/518/18 531/517/18 1051/517/18 1050/518/18
f 409/363/14 413/362/14 922/362/14 921/363/14
f 450/397/7 456/396/7 968/396/7 967/397/7
f 373/386/13 374/385/13 884/385/13 883/386/13
f 458/407/18 450/406/18 967/406/18 966/407/18
f 494/530/11 495/529/11 997/529/11 1008/530/11
f 581/572/10 582/571/10 1092/571/10 1091/572/10
f 534/577/16 538/576/16 1046/576/16 1044/577/16
f 411/22/8 412/21/8 925/21/8 924/22/8
f 369/387/12 373/386/12 883/386/12 882/387/12
f 484/461/21 494/530/21 1008/530/21 1007/461/21
f 375/434/9 369/387/9 882/387/9 881/434/9
f 577/573/22 581/572/22 1091/572/22 1090/573/22
f 496/462/19 484/461/19 1007/461/19 1006/462/19
f 536/520/10 537/519/10 1049/519/10 1048/520/10
f 583/603/20 577/573/20 1090/573/20 1089/603/20
f 403/23/7 411/22/7 924/22/7 923/23/7
f 463/506/16 455/505/16 961/505/16 965/506/16
f 364/416/15 368/415/15 878/415/15 877/416/15
f 413/362/18 403/361/18 923/361/18 922/362/18
f 572/541/15 576/540/15 1086/540/15 1085/541/15
f 489/474/14 493/473/14 1002/473/14 1001/474/14
f 530/521/22 536/520/22 1048/520/22 1047/521/22
f 366/374/11 367/373/11 869/373/11 880/374/11
f 453/409/10 454/408/10 964/408/10 963/409/10
f 538/576/20 530/575/20 1047/575/20 1046/576/20
f 574/592/11 575/591/11 1077/591/11 1088/592/11
f 406/455/16 410/454/16 918/454/16 916/455/16
f 491/464/8 492/463/8 1005/463/8 1004/464/8
f 356/375/21 366/374/21 880/374/21 879/375/21
f 449/410/22 453/409/22 963/409/22 962/410/22
f 368/415/19 356/375/19 879/375/19 878/415/19
f 564/593/21 574/592/21 1088/592/21 1087/593/21
f 408/364/10 409/363/10 921/363/10 920/364/10
f 455/505/20 449/410/20 962/410/20 961/505/20
f 576/540/19 564/539/19 1087/539/19 1086/540/19
f 483/465/7 491/464/7 1004/464/7 1003/465/7
f 543/354/17 535/353/17 1041/353/17 1045/354/17
f 444/431/15 448/430/15 958/430/15 957/431/15
f 493/473/18 483/465/18 1003/465/18 1002/473/18
f 361/439/14 365/438/14 874/438/14 873/439/14
f 402/365/22 408/364/22 920/364/22 919/365/22
f 569/554/14 573/553/14 1082/553/14 1081/554/14
f 410/454/20 402/365/20 919/365/20 918/454/20
f 446/485/11 447/484/11 949/484/11 960/485/11
f 533/578/13 534/577/13 1044/577/13 1043/578/13
f 486/533/16 490/532/16 998/532/16 996/533/16
f 363/417/8 364/416/8 877/416/8 876/417/8
f 571/542/8 572/541/8 1085/541/8 1084/542/8
f 436/486/21 446/485/21 960/485/21 959/486/21
f 529/352/12 533/578/12 1043/578/12 1042/352/12
f 448/430/19 436/429/19 959/429/19 958/430/19
f 488/475/10 489/474/10 1001/474/10 1000/475/10
f 535/353/9 529/352/9 1042/352/9 1041/353/9
f 355/418/7 363/417/7 876/417/7 875/418/7
f 415/330/17 407/329/17 913/329/17 917/330/17
f 365/438/18 355/418/18 875/418/18 874/438/18
f 563/543/7 571/542/7 1084/542/7 1083/543/7
f 524/564/17 528/563/17 1038/563/17 1037/564/17
f 573/553/18 563/543/18 1083/543/18 1082/553/18
f 441/390/14 445/389/14 954/389/14 953/390/14
f 482/476/22 488/475/22 1000/475/22 999/476/22
f 405/456/13 406/455/13 916/455/13 915/456/13
f 490/532/20 482/531/20 999/531/20 998/532/20
f 526/568/13 527/567/13 1029/567/13 1040/568/13
f 358/422/16 362/421/16 870/421/16 868/422/16
f 566/596/16 570/595/16 1078/595/16 1076/596/16
f 443/432/8 444/431/8 957/431/8 956/432/8
f 401/328/12 405/456/12 915/456/12 914/328/12
f 516/569/12 526/568/12 1040/568/12 1039/569/12
f 360/440/10 361/439/10 873/439/10 872/440/10
f 407/329/9 401/328/9 914/328/9 913/329/9
f 528/563/9 516/562/9 1039/562/9 1038/563/9
f 568/555/10 569/554/10 1081/554/10 1080/555/10
f 435/433/7 443/432/7 956/432/7 955/433/7
f 495/529/17 487/528/17 993/528/17 997/529/17
f 396/400/17 400/399/17 910/399/17 909/400/17
f 445/389/18 435/388/18 955/388/18 954/389/18
f 354/420/22 360/440/22 872/440/22 871/420/22
f 521/498/15 525/497/15 1034/497/15 1033/498/15
f 362/421/20 354/420/20 871/420/20 870/421/20
f 562/556/22 568/555/22 1080/555/22 1079/556/22
f 398/405/13 399/404/13 901/404/13 912/405/13
f 485/534/13 486/533/13 996/533/13 995/534/13
f 570/595/20 562/594/20 1079/594/20 1078/595/20
f 438/489/16 442/488/16 950/488/16 948/489/16
f 523/565/11 524/564/11 1037/564/11 1036/565/11
f 388/398/12 398/405/12 912/405/12 911/398/12
f 481/527/12 485/534/12 995/534/12 994/527/12
f 400/399/9 388/398/9 911/398/9 910/399/9
f 440/391/10 441/390/10 953/390/10 952/391/10
f 487/528/9 481/527/9 994/527/9 993/528/9
f 367/373/17 359/372/17 865/372/17 869/373/17
f 515/496/21 523/565/21 1036/565/21 1035/496/21
f 575/591/17 567/590/17 1073/590/17 1077/591/17
f 476/325/15 480/324/15 990/324/15 989/325/15
f 525/497/19 515/496/19 1035/496/19 1034/497/19
f 393/452/15 397/451/15 906/451/15 905/452/15
f 434/392/22 440/391/22 952/391/22 951/392/22
f 357/423/13 358/422/13 868/422/13 867/423/13
f 442/488/20 434/487/20 951/487/20 950/488/20
f 478/349/11 479/348/11 981/348/11 992/349/11
f 565/597/13 566/596/13 1076/596/13 1075/597/13
f 28/83/6 27/29/6 148/1347/6 160/1346/6 156/1340/6 155/1339/6 147/1341/6 81/1345/6 87/1344/6 95/1343/6 94/1342/6 84/84/6
f 13/1208/1 1105/1348/1 1111/1349/1 1119/1350/1 1118/1351/1 1108/611/1 1620/630/1 1632/1352/1 1628/1353/1 1627/1354/1 1619/1355/1 73/1209/1
o Cremita
v -0.490000 -0.080000 0.490000
v -0.490000 0.080000 0.490000
v -0.490000 -0.080000 -0.490000
v -0.490000 0.080000 -0.490000
v 0.490000 -0.080000 0.490000
v 0.490000 0.080000 0.490000
v 0.490000 -0.080000 -0.490000
v 0.490000 0.080000 -0.490000
vn -1.0000 -0.0000 -0.0000
vn -0.0000 -0.0000 -1.0000
vn 1.0000 -0.0000 -0.0000
vn -0.0000 -0.0000 1.0000
vn -0.0000 -1.0000 -0.0000
vn -0.0000 1.0000 -0.0000
vt 0.375000 0.000000
vt 0.625000 0.000000
vt 0.625000 0.250000
vt 0.375000 0.250000
vt 0.625000 0.500000
vt 0.375000 0.500000
vt 0.625000 0.750000
vt 0.375000 0.750000
vt 0.625000 1.000000
vt 0.375000 1.000000
vt 0.125000 0.500000
vt 0.125000 0.750000
vt 0.875000 0.500000
vt 0.875000 0.750000
s 0
f 1745/1356/23 1746/1357/23 1748/1358/23 1747/1359/23
f 1747/1359/24 1748/1358/24 1752/1360/24 1751/1361/24
f 1751/1361/25 1752/1360/25 1750/1362/25 1749/1363/25
f 1749/1363/26 1750/1362/26 1746/1364/26 1745/1365/26
f 1747/1366/27 1751/1361/27 1749/1363/27 1745/1367/27
f 1752/1360/28 1748/1368/28 1746/1369/28 1750/1362/28
